timestamp,open,high,low,close,volume,ma_cross,rsi_signal,volume_spike,price_direction
2024-11-18 08:00:00,126097000.0,126500000.0,125900000.0,126472000.0,122.87466836,neutral,neutral,normal,STABLE
2024-11-18 09:00:00,126469000.0,126993000.0,126200000.0,126664000.0,146.85728003,neutral,neutral,normal,UP
2024-11-18 10:00:00,126661000.0,127482000.0,126601000.0,127065000.0,160.8584546,neutral,neutral,normal,STABLE
2024-11-18 11:00:00,127083000.0,127200000.0,126673000.0,126863000.0,112.64927435,neutral,neutral,normal,STABLE
2024-11-18 12:00:00,126863000.0,126972000.0,126523000.0,126968000.0,133.5267662,neutral,neutral,normal,STABLE
2024-11-18 13:00:00,126968000.0,127101000.0,126648000.0,126651000.0,93.00710829,neutral,neutral,normal,STABLE
2024-11-18 14:00:00,126651000.0,126998000.0,126636000.0,126766000.0,116.40494088,neutral,neutral,normal,UP
2024-11-18 15:00:00,126767000.0,128200000.0,126766000.0,128200000.0,370.64197823,neutral,neutral,normal,STABLE
2024-11-18 16:00:00,128200000.0,128353000.0,127736000.0,127999000.0,362.11492899,neutral,neutral,normal,STABLE
2024-11-18 17:00:00,127999000.0,128452000.0,127843000.0,128272000.0,214.13860739,neutral,neutral,normal,STABLE
2024-11-18 18:00:00,128277000.0,128895000.0,128150000.0,128501000.0,251.51131425,neutral,neutral,normal,STABLE
2024-11-18 19:00:00,128500000.0,128752000.0,128405000.0,128426000.0,149.03454616,neutral,neutral,normal,DOWN
2024-11-18 20:00:00,128426000.0,128500000.0,126599000.0,126989000.0,385.45336975,neutral,neutral,normal,STABLE
2024-11-18 21:00:00,126989000.0,127798000.0,126733000.0,127303000.0,208.73865631,neutral,neutral,normal,DOWN
2024-11-18 22:00:00,127261000.0,127405000.0,126133000.0,126243000.0,407.43822823,neutral,neutral,normal,UP
2024-11-18 23:00:00,126243000.0,127777000.0,126211000.0,126874000.0,279.0963744,neutral,neutral,normal,UP
2024-11-19 00:00:00,126874000.0,128895000.0,126859000.0,128595000.0,471.41547501,neutral,neutral,normal,DOWN
2024-11-19 01:00:00,128590000.0,128884000.0,127503000.0,127775000.0,207.57058714,neutral,neutral,normal,STABLE
2024-11-19 02:00:00,127775000.0,128546000.0,127210000.0,127988000.0,144.635793,neutral,neutral,normal,DOWN
2024-11-19 03:00:00,127986000.0,128050000.0,126600000.0,126886000.0,152.41638845,neutral,neutral,normal,UP
2024-11-19 04:00:00,126824000.0,127472000.0,126300000.0,127419000.0,157.86234574,golden,neutral,normal,UP
2024-11-19 05:00:00,127383000.0,128580000.0,127252000.0,128000000.0,192.32792183,golden,neutral,normal,STABLE
2024-11-19 06:00:00,127942000.0,128350000.0,127441000.0,127664000.0,148.20547711,golden,neutral,normal,STABLE
2024-11-19 07:00:00,127664000.0,127900000.0,127340000.0,127515000.0,92.00155994,dead,neutral,low,STABLE
2024-11-19 08:00:00,127515000.0,127585000.0,126821000.0,127142000.0,224.4816931,dead,neutral,normal,UP
2024-11-19 09:00:00,127142000.0,127938000.0,127050000.0,127732000.0,188.17052123,dead,neutral,normal,STABLE
2024-11-19 10:00:00,127732000.0,127909000.0,127395000.0,127511000.0,90.2783655,dead,neutral,low,STABLE
2024-11-19 11:00:00,127510000.0,127901000.0,127441000.0,127800000.0,96.1505698,dead,neutral,low,STABLE
2024-11-19 12:00:00,127800000.0,128031000.0,127750000.0,127893000.0,175.89891472,dead,neutral,normal,STABLE
2024-11-19 13:00:00,127877000.0,128328000.0,127662000.0,128101000.0,199.19359016,golden,neutral,normal,STABLE
2024-11-19 14:00:00,128124000.0,128370000.0,127800000.0,128369000.0,151.67330599,golden,neutral,normal,STABLE
2024-11-19 15:00:00,128368000.0,128551000.0,128177000.0,128550000.0,182.76418189,golden,neutral,normal,DOWN
2024-11-19 16:00:00,128550000.0,128580000.0,128100000.0,128107000.0,136.94331202,golden,neutral,normal,STABLE
2024-11-19 17:00:00,128107000.0,128491000.0,128094000.0,128489000.0,127.39273479,golden,neutral,normal,STABLE
2024-11-19 18:00:00,128489000.0,128676000.0,128033000.0,128593000.0,160.89500338,golden,neutral,normal,STABLE
2024-11-19 19:00:00,128629000.0,128700000.0,128217000.0,128559000.0,124.66262146,golden,neutral,normal,STABLE
2024-11-19 20:00:00,128558000.0,128559000.0,128314000.0,128396000.0,73.45031226,golden,neutral,low,UP
2024-11-19 21:00:00,128396000.0,129500000.0,128357000.0,129450000.0,470.6762686,golden,neutral,high,DOWN
2024-11-19 22:00:00,129400000.0,129673000.0,127801000.0,127900000.0,529.27437612,golden,neutral,high,UP
2024-11-19 23:00:00,127896000.0,129360000.0,127759000.0,128866000.0,332.93474791,golden,neutral,normal,UP
2024-11-20 00:00:00,128870000.0,129447000.0,128600000.0,129405000.0,221.39268355,golden,neutral,normal,STABLE
2024-11-20 01:00:00,129417000.0,129500000.0,129050000.0,129441000.0,134.77062995,golden,neutral,normal,STABLE
2024-11-20 02:00:00,129441000.0,130000000.0,129304000.0,129605000.0,277.38887193,golden,neutral,normal,UP
2024-11-20 03:00:00,129606000.0,130730000.0,129605000.0,130607000.0,366.32713168,golden,neutral,normal,STABLE
2024-11-20 04:00:00,130600000.0,130998000.0,130100000.0,130245000.0,232.21753071,golden,neutral,normal,DOWN
2024-11-20 05:00:00,130245000.0,130762000.0,129257000.0,129646000.0,214.51683552,golden,neutral,normal,STABLE
2024-11-20 06:00:00,129608000.0,130100000.0,129085000.0,129834000.0,208.43867886,golden,neutral,normal,DOWN
2024-11-20 07:00:00,129700000.0,129960000.0,128808000.0,129405000.0,207.75520029,golden,neutral,normal,STABLE
2024-11-20 08:00:00,129276000.0,129800000.0,129100000.0,129720000.0,131.67455237,golden,neutral,normal,DOWN
2024-11-20 09:00:00,129711000.0,129896000.0,129223000.0,129223000.0,195.50076131,golden,neutral,normal,STABLE
2024-11-20 10:00:00,129230000.0,129488000.0,128901000.0,129182000.0,168.30690616,golden,neutral,normal,STABLE
2024-11-20 11:00:00,129184000.0,129288000.0,128780000.0,129054000.0,136.48461289,golden,neutral,normal,STABLE
2024-11-20 12:00:00,129054000.0,129226000.0,128448000.0,129083000.0,381.11772909,golden,neutral,normal,STABLE
2024-11-20 13:00:00,129083000.0,129300000.0,128800000.0,129290000.0,133.74254247,dead,neutral,normal,UP
2024-11-20 14:00:00,129288000.0,129920000.0,129100000.0,129900000.0,136.4494605,dead,neutral,normal,STABLE
2024-11-20 15:00:00,129898000.0,130005000.0,129497000.0,129541000.0,179.17331451,dead,neutral,normal,UP
2024-11-20 16:00:00,129541000.0,129980000.0,129400000.0,129970000.0,133.65009047,golden,neutral,normal,UP
2024-11-20 17:00:00,129966000.0,130690000.0,129963000.0,130550000.0,285.30848777,golden,neutral,normal,STABLE
2024-11-20 18:00:00,130517000.0,131036000.0,130415000.0,130551000.0,313.99039943,golden,neutral,normal,STABLE
2024-11-20 19:00:00,130501000.0,130850000.0,130488000.0,130657000.0,135.46020753,golden,neutral,normal,STABLE
2024-11-20 20:00:00,130656000.0,131000000.0,130063000.0,130990000.0,238.07141653,golden,neutral,normal,STABLE
2024-11-20 21:00:00,130990000.0,131735000.0,130693000.0,131340000.0,467.26171596,golden,neutral,high,UP
2024-11-20 22:00:00,131356000.0,132659000.0,131339000.0,132326000.0,773.61336791,golden,overbought,high,STABLE
2024-11-20 23:00:00,132326000.0,132510000.0,131460000.0,132384000.0,467.7166706,golden,overbought,normal,STABLE
2024-11-21 00:00:00,132367000.0,132649000.0,131788000.0,132620000.0,279.88714286,golden,overbought,normal,STABLE
2024-11-21 01:00:00,132616000.0,132659000.0,131341000.0,132336000.0,254.87480199,golden,overbought,normal,STABLE
2024-11-21 02:00:00,132336000.0,132600000.0,131850000.0,132358000.0,141.63705921,golden,overbought,normal,STABLE
2024-11-21 03:00:00,132358000.0,132846000.0,131761000.0,132205000.0,207.94624059,golden,neutral,normal,UP
2024-11-21 04:00:00,132205000.0,132650000.0,131903000.0,132644000.0,118.13519785,golden,overbought,low,STABLE
2024-11-21 05:00:00,132614000.0,133000000.0,132540000.0,132879000.0,220.21367668,golden,overbought,normal,UP
2024-11-21 06:00:00,132875000.0,133319000.0,132577000.0,133300000.0,180.67414919,golden,overbought,normal,STABLE
2024-11-21 07:00:00,133310000.0,133328000.0,132512000.0,132947000.0,209.47751771,golden,overbought,normal,STABLE
2024-11-21 08:00:00,132946000.0,133200000.0,132665000.0,133180000.0,172.66083128,golden,overbought,normal,UP
2024-11-21 09:00:00,133180000.0,134800000.0,133001000.0,133970000.0,817.94252013,golden,overbought,high,STABLE
2024-11-21 10:00:00,133968000.0,134549000.0,133800000.0,134186000.0,367.8171591,golden,overbought,normal,STABLE
2024-11-21 11:00:00,134185000.0,134469000.0,133700000.0,133898000.0,339.29156429,golden,overbought,normal,UP
2024-11-21 12:00:00,133897000.0,136221000.0,133877000.0,135978000.0,792.54938659,golden,overbought,high,UP
2024-11-21 13:00:00,135978000.0,137650000.0,135876000.0,137291000.0,1273.22557212,golden,overbought,high,STABLE
2024-11-21 14:00:00,137309000.0,137700000.0,136502000.0,137288000.0,623.13874592,golden,overbought,normal,STABLE
2024-11-21 15:00:00,137283000.0,137399000.0,136559000.0,136951000.0,284.524801,golden,overbought,normal,STABLE
2024-11-21 16:00:00,136951000.0,137290000.0,136577000.0,136675000.0,245.58687077,golden,overbought,normal,STABLE
2024-11-21 17:00:00,136674000.0,137000000.0,135850000.0,136900000.0,336.90588935,golden,overbought,normal,UP
2024-11-21 18:00:00,136900000.0,137500000.0,136677000.0,137388000.0,266.10718712,golden,overbought,normal,STABLE
2024-11-21 19:00:00,137376000.0,137600000.0,137092000.0,137588000.0,246.56410696,golden,overbought,normal,UP
2024-11-21 20:00:00,137588000.0,138707000.0,137584000.0,138343000.0,772.84667428,golden,overbought,normal,DOWN
2024-11-21 21:00:00,138342000.0,138431000.0,136500000.0,136500000.0,784.33652518,golden,neutral,normal,STABLE
2024-11-21 22:00:00,136500000.0,137200000.0,136260000.0,136888000.0,618.5407596,golden,neutral,normal,DOWN
2024-11-21 23:00:00,136976000.0,137000000.0,135170000.0,136096000.0,576.59534175,golden,neutral,normal,DOWN
2024-11-22 00:00:00,136096000.0,136176000.0,134348000.0,135637000.0,581.79757945,golden,neutral,normal,UP
2024-11-22 01:00:00,135637000.0,136600000.0,135212000.0,136231000.0,174.05105573,golden,neutral,low,UP
2024-11-22 02:00:00,136231000.0,137200000.0,136135000.0,137200000.0,118.00072175,golden,neutral,low,STABLE
2024-11-22 03:00:00,137200000.0,137350000.0,136641000.0,136944000.0,164.15815299,golden,neutral,low,STABLE
2024-11-22 04:00:00,136944000.0,137800000.0,136800000.0,136899000.0,227.43657864,golden,neutral,low,STABLE
2024-11-22 05:00:00,136899000.0,137675000.0,136613000.0,137200000.0,168.97254388,golden,neutral,low,STABLE
2024-11-22 06:00:00,137085000.0,137324000.0,136504000.0,136983000.0,141.33950449,golden,neutral,low,UP
2024-11-22 07:00:00,136973000.0,137480000.0,136857000.0,137468000.0,162.66112102,golden,neutral,low,DOWN
2024-11-22 08:00:00,137467000.0,137850000.0,137050000.0,137050000.0,275.57714797,golden,neutral,normal,STABLE
2024-11-22 09:00:00,137050000.0,137921000.0,137030000.0,137340000.0,410.85257542,golden,neutral,normal,STABLE
2024-11-22 10:00:00,137340000.0,137633000.0,136900000.0,137527000.0,330.0617806,golden,neutral,normal,STABLE
2024-11-22 11:00:00,137526000.0,137900000.0,137250000.0,137772000.0,299.74080647,golden,neutral,normal,STABLE
2024-11-22 12:00:00,137772000.0,138350000.0,137583000.0,137991000.0,413.52442142,golden,neutral,normal,STABLE
2024-11-22 13:00:00,137980000.0,138012000.0,137482000.0,137688000.0,255.106554,golden,neutral,normal,STABLE
2024-11-22 14:00:00,137688000.0,138063000.0,137550000.0,137808000.0,165.45406761,golden,neutral,low,STABLE
2024-11-22 15:00:00,137807000.0,138100000.0,137680000.0,138097000.0,189.82582825,golden,neutral,normal,STABLE
2024-11-22 16:00:00,138097000.0,138770000.0,137951000.0,138489000.0,452.31354799,golden,neutral,normal,STABLE
2024-11-22 17:00:00,138480000.0,138600000.0,138120000.0,138263000.0,219.52416763,golden,neutral,normal,STABLE
2024-11-22 18:00:00,138263000.0,138424000.0,137719000.0,138396000.0,220.50365468,golden,neutral,normal,DOWN
2024-11-22 19:00:00,138395000.0,138424000.0,137744000.0,137859000.0,179.98896153,golden,neutral,normal,STABLE
2024-11-22 20:00:00,137826000.0,138099000.0,137738000.0,137830000.0,170.69374883,golden,neutral,normal,STABLE
2024-11-22 21:00:00,137835000.0,138230000.0,137455000.0,137620000.0,329.02741129,golden,neutral,normal,DOWN
2024-11-22 22:00:00,137625000.0,137711000.0,129500000.0,135899000.0,2770.72033271,dead,neutral,high,DOWN
2024-11-22 23:00:00,135899000.0,136500000.0,135001000.0,135059000.0,583.49847857,dead,neutral,normal,UP
2024-11-23 00:00:00,135019000.0,137717000.0,134958000.0,137538000.0,506.47739925,dead,neutral,normal,STABLE
2024-11-23 01:00:00,137533000.0,137533000.0,136670000.0,137233000.0,187.05835734,dead,neutral,low,STABLE
2024-11-23 02:00:00,137233000.0,137523000.0,137000000.0,137303000.0,138.10414741,dead,neutral,low,UP
2024-11-23 03:00:00,137295000.0,137998000.0,137185000.0,137998000.0,128.93366851,dead,neutral,low,STABLE
2024-11-23 04:00:00,137998000.0,138500000.0,137675000.0,137934000.0,225.06734327,golden,neutral,normal,STABLE
2024-11-23 05:00:00,137920000.0,138333000.0,137612000.0,137827000.0,99.52917813,golden,neutral,low,STABLE
2024-11-23 06:00:00,137827000.0,137928000.0,137350000.0,137600000.0,103.09002452,golden,neutral,low,DOWN
2024-11-23 07:00:00,137600000.0,137751000.0,136343000.0,137100000.0,307.69976138,golden,neutral,normal,STABLE
2024-11-23 08:00:00,137100000.0,137251000.0,136800000.0,136879000.0,192.39856057,dead,neutral,normal,STABLE
2024-11-23 09:00:00,136879000.0,136886000.0,135999000.0,136515000.0,461.34130044,dead,neutral,normal,STABLE
2024-11-23 10:00:00,136515000.0,136531000.0,135928000.0,136531000.0,327.7752342,dead,neutral,normal,DOWN
2024-11-23 11:00:00,136531000.0,136531000.0,135935000.0,136016000.0,230.85244552,dead,neutral,normal,STABLE
2024-11-23 12:00:00,136003000.0,136695000.0,136000000.0,136361000.0,152.95081047,dead,neutral,low,STABLE
2024-11-23 13:00:00,136361000.0,136370000.0,135609000.0,136175000.0,312.39196375,dead,neutral,normal,STABLE
2024-11-23 14:00:00,136175000.0,136192000.0,135886000.0,136084000.0,131.00203649,dead,neutral,low,STABLE
2024-11-23 15:00:00,136085000.0,136194000.0,135881000.0,135920000.0,129.94540674,dead,neutral,low,STABLE
2024-11-23 16:00:00,135920000.0,136060000.0,135747000.0,136025000.0,128.57330753,dead,neutral,low,STABLE
2024-11-23 17:00:00,136025000.0,136065000.0,135550000.0,135783000.0,192.77559878,dead,neutral,normal,STABLE
2024-11-23 18:00:00,135782000.0,135841000.0,135567000.0,135664000.0,125.94138209,dead,neutral,normal,STABLE
2024-11-23 19:00:00,135664000.0,135870000.0,135598000.0,135819000.0,111.19440573,dead,neutral,normal,STABLE
2024-11-23 20:00:00,135818000.0,136347000.0,135811000.0,136002000.0,188.39332368,dead,neutral,normal,STABLE
2024-11-23 21:00:00,136002000.0,136349000.0,135946000.0,136310000.0,157.41080715,dead,neutral,normal,STABLE
2024-11-23 22:00:00,136311000.0,137178000.0,135951000.0,135954000.0,349.78736007,dead,neutral,normal,STABLE
2024-11-23 23:00:00,135953000.0,136291000.0,135730000.0,135917000.0,260.94136114,dead,neutral,normal,DOWN
2024-11-24 00:00:00,135922000.0,136000000.0,135001000.0,135200000.0,355.89199663,dead,neutral,normal,UP
2024-11-24 01:00:00,135200000.0,136032000.0,134195000.0,135728000.0,462.00683775,dead,neutral,normal,STABLE
2024-11-24 02:00:00,135750000.0,136129000.0,135000000.0,135941000.0,165.02752942,dead,neutral,normal,STABLE
2024-11-24 03:00:00,135941000.0,135995000.0,135610000.0,135974000.0,61.44099238,dead,neutral,low,STABLE
2024-11-24 04:00:00,135974000.0,135978000.0,135458000.0,135819000.0,57.13208996,dead,neutral,low,STABLE
2024-11-24 05:00:00,135819000.0,136000000.0,135284000.0,136000000.0,81.69399772,dead,neutral,low,STABLE
2024-11-24 06:00:00,136000000.0,136405000.0,135869000.0,136386000.0,93.08517835,golden,neutral,low,STABLE
2024-11-24 07:00:00,136386000.0,136401000.0,135864000.0,135987000.0,110.27674595,golden,neutral,normal,STABLE
2024-11-24 08:00:00,135951000.0,136124000.0,135801000.0,136000000.0,127.77027349,golden,neutral,normal,UP
2024-11-24 09:00:00,136000000.0,136816000.0,135750000.0,136480000.0,306.42917925,golden,neutral,normal,STABLE
2024-11-24 10:00:00,136480000.0,136820000.0,136440000.0,136550000.0,145.67965985,golden,neutral,normal,STABLE
2024-11-24 11:00:00,136550000.0,136699000.0,136160000.0,136160000.0,187.81591833,golden,neutral,normal,STABLE
2024-11-24 12:00:00,136161000.0,136488000.0,136070000.0,136208000.0,149.00142927,golden,neutral,normal,STABLE
2024-11-24 13:00:00,136166000.0,136397000.0,135550000.0,136395000.0,209.70381913,golden,neutral,normal,STABLE
2024-11-24 14:00:00,136396000.0,136397000.0,135677000.0,136276000.0,139.05909303,golden,neutral,normal,STABLE
2024-11-24 15:00:00,136276000.0,136320000.0,135934000.0,136233000.0,123.7053377,golden,neutral,normal,STABLE
2024-11-24 16:00:00,136250000.0,136251000.0,135978000.0,136069000.0,82.86685005,golden,neutral,low,STABLE
2024-11-24 17:00:00,136067000.0,136111000.0,135570000.0,135961000.0,132.91360777,golden,neutral,normal,STABLE
2024-11-24 18:00:00,135961000.0,136200000.0,135700000.0,135700000.0,132.46218466,dead,neutral,normal,DOWN
2024-11-24 19:00:00,135700000.0,135701000.0,134200000.0,134799000.0,400.87080964,dead,neutral,high,DOWN
2024-11-24 20:00:00,134799000.0,134799000.0,133000000.0,133250000.0,808.24983653,dead,oversold,high,STABLE
2024-11-24 21:00:00,133250000.0,134159000.0,131501000.0,132998000.0,1143.34869292,dead,oversold,high,UP
2024-11-24 22:00:00,132999000.0,135071000.0,132787000.0,134332000.0,614.18798088,dead,neutral,high,DOWN
2024-11-24 23:00:00,134332000.0,134333000.0,133000000.0,133870000.0,267.12902238,dead,neutral,normal,DOWN
2024-11-25 00:00:00,133870000.0,133910000.0,132300000.0,132301000.0,229.77914098,dead,oversold,normal,UP
2024-11-25 01:00:00,132301000.0,133788000.0,132197000.0,133205000.0,172.3742735,dead,neutral,normal,STABLE
2024-11-25 02:00:00,133205000.0,133216000.0,132615000.0,132846000.0,74.61703324,dead,neutral,low,UP
2024-11-25 03:00:00,132846000.0,133418000.0,132667000.0,133324000.0,44.81395667,dead,neutral,low,STABLE
2024-11-25 04:00:00,133323000.0,133324000.0,132672000.0,133203000.0,43.16262665,dead,neutral,low,UP
2024-11-25 05:00:00,133203000.0,134279000.0,133030000.0,134242000.0,81.52823879,dead,neutral,low,UP
2024-11-25 06:00:00,134242000.0,135000000.0,133926000.0,134989000.0,165.90880738,dead,neutral,normal,UP
2024-11-25 07:00:00,134989000.0,136365000.0,134950000.0,136352000.0,348.91093544,dead,neutral,normal,STABLE
2024-11-25 08:00:00,136352000.0,137000000.0,135345000.0,136096000.0,362.09302451,golden,neutral,normal,DOWN
2024-11-25 09:00:00,136110000.0,136169000.0,134300000.0,135200000.0,343.0201633,golden,neutral,normal,DOWN
2024-11-25 10:00:00,135199000.0,135205000.0,133710000.0,134635000.0,224.4203098,golden,neutral,normal,STABLE
2024-11-25 11:00:00,134636000.0,135245000.0,134239000.0,134297000.0,104.02239945,golden,neutral,low,UP
2024-11-25 12:00:00,134297000.0,135095000.0,134283000.0,134995000.0,107.75322723,golden,neutral,low,STABLE
2024-11-25 13:00:00,134990000.0,135200000.0,134660000.0,134900000.0,108.15404906,golden,neutral,low,STABLE
2024-11-25 14:00:00,134958000.0,135402000.0,134873000.0,134969000.0,92.68660838,golden,neutral,low,STABLE
2024-11-25 15:00:00,134968000.0,135478000.0,134968000.0,135150000.0,89.72776056,golden,neutral,low,STABLE
2024-11-25 16:00:00,135150000.0,135400000.0,134890000.0,135279000.0,96.84476352,golden,neutral,low,STABLE
2024-11-25 17:00:00,135278000.0,135400000.0,135067000.0,135232000.0,84.42765544,golden,neutral,low,STABLE
2024-11-25 18:00:00,135233000.0,136075000.0,135197000.0,135413000.0,199.39812416,golden,neutral,normal,STABLE
2024-11-25 19:00:00,135413000.0,136030000.0,134959000.0,135500000.0,197.6717862,golden,neutral,normal,DOWN
2024-11-25 20:00:00,135479000.0,135937000.0,134787000.0,135015000.0,182.23318865,golden,neutral,normal,STABLE
2024-11-25 21:00:00,135015000.0,135375000.0,134874000.0,135009000.0,106.83568448,golden,neutral,normal,STABLE
2024-11-25 22:00:00,135010000.0,135147000.0,134200000.0,134647000.0,195.03380867,golden,neutral,normal,DOWN
2024-11-25 23:00:00,134647000.0,134907000.0,133000000.0,133003000.0,338.25731671,dead,neutral,normal,STABLE
2024-11-26 00:00:00,133003000.0,134200000.0,132180000.0,133310000.0,523.16553224,dead,neutral,high,STABLE
2024-11-26 01:00:00,133311000.0,134034000.0,133160000.0,133366000.0,145.84968354,dead,neutral,normal,STABLE
2024-11-26 02:00:00,133366000.0,133420000.0,132360000.0,133150000.0,133.17799016,dead,neutral,normal,DOWN
2024-11-26 03:00:00,133070000.0,133715000.0,132550000.0,132723000.0,80.2092522,dead,neutral,low,DOWN
2024-11-26 04:00:00,132702000.0,133093000.0,132200000.0,132300000.0,127.62880439,dead,neutral,normal,STABLE
2024-11-26 05:00:00,132300000.0,133027000.0,132200000.0,132616000.0,116.76146536,dead,neutral,normal,DOWN
2024-11-26 06:00:00,132616000.0,132791000.0,131000000.0,131170000.0,388.34754091,dead,oversold,high,UP
2024-11-26 07:00:00,131206000.0,132186000.0,130000000.0,132100000.0,808.34767979,dead,neutral,high,DOWN
2024-11-26 08:00:00,132105000.0,132172000.0,129688000.0,129791000.0,553.76458997,dead,oversold,high,UP
2024-11-26 09:00:00,129791000.0,131962000.0,129072000.0,130500000.0,688.73259411,dead,neutral,high,UP
2024-11-26 10:00:00,130543000.0,132579000.0,130499000.0,132415000.0,317.48161822,dead,neutral,normal,DOWN
2024-11-26 11:00:00,132415000.0,132552000.0,131417000.0,131597000.0,197.56383208,dead,neutral,normal,STABLE
2024-11-26 12:00:00,131597000.0,131800000.0,130986000.0,131220000.0,131.63262699,dead,neutral,low,STABLE
2024-11-26 13:00:00,131268000.0,131268000.0,130736000.0,130842000.0,139.55306498,dead,neutral,normal,UP
2024-11-26 14:00:00,130876000.0,131503000.0,130500000.0,131486000.0,135.83024634,dead,neutral,low,STABLE
2024-11-26 15:00:00,131486000.0,132200000.0,131283000.0,131587000.0,162.88053906,dead,neutral,normal,DOWN
2024-11-26 16:00:00,131582000.0,131600000.0,130500000.0,130781000.0,181.75152829,dead,neutral,normal,DOWN
2024-11-26 17:00:00,130782000.0,130782000.0,128073000.0,129722000.0,817.82623793,dead,neutral,high,UP
2024-11-26 18:00:00,129685000.0,130863000.0,129450000.0,130768000.0,364.08127386,dead,neutral,normal,DOWN
2024-11-26 19:00:00,130775000.0,130968000.0,128500000.0,128529000.0,313.65436771,dead,neutral,normal,STABLE
2024-11-26 20:00:00,128545000.0,128990000.0,127416000.0,128749000.0,897.03024696,dead,neutral,high,STABLE
2024-11-26 21:00:00,128749000.0,129115000.0,128000000.0,128438000.0,421.16725778,dead,neutral,normal,STABLE
2024-11-26 22:00:00,128438000.0,129370000.0,128110000.0,128416000.0,302.68417015,dead,neutral,normal,UP
2024-11-26 23:00:00,128445000.0,130370000.0,127998000.0,130146000.0,418.13965213,dead,neutral,normal,STABLE
2024-11-27 00:00:00,130146000.0,130351000.0,128823000.0,129775000.0,230.88520531,dead,neutral,normal,UP
2024-11-27 01:00:00,129775000.0,132000000.0,129700000.0,131138000.0,235.92776186,dead,neutral,normal,DOWN
2024-11-27 02:00:00,131138000.0,131288000.0,130447000.0,130631000.0,78.1457269,dead,neutral,low,DOWN
2024-11-27 03:00:00,130631000.0,130776000.0,129001000.0,129160000.0,136.50957742,dead,neutral,low,STABLE
2024-11-27 04:00:00,129160000.0,129831000.0,128700000.0,128820000.0,121.4107635,dead,neutral,low,DOWN
2024-11-27 05:00:00,128819000.0,129069000.0,127604000.0,127669000.0,302.50453785,dead,neutral,normal,UP
2024-11-27 06:00:00,127702000.0,128760000.0,127623000.0,128540000.0,166.03551049,dead,neutral,normal,STABLE
2024-11-27 07:00:00,128555000.0,129384000.0,128349000.0,128680000.0,162.14488887,dead,neutral,normal,STABLE
2024-11-27 08:00:00,128680000.0,128843000.0,128160000.0,128783000.0,139.70928153,dead,neutral,low,DOWN
2024-11-27 09:00:00,128800000.0,129100000.0,127900000.0,128107000.0,264.04309345,dead,neutral,normal,UP
2024-11-27 10:00:00,128039000.0,129150000.0,128014000.0,129150000.0,177.35350361,dead,neutral,normal,UP
2024-11-27 11:00:00,129150000.0,129644000.0,128494000.0,129576000.0,166.0060019,dead,neutral,normal,STABLE
2024-11-27 12:00:00,129623000.0,129780000.0,129120000.0,129283000.0,146.25716731,dead,neutral,low,STABLE
2024-11-27 13:00:00,129319000.0,129810000.0,129170000.0,129277000.0,165.2683968,dead,neutral,normal,UP
2024-11-27 14:00:00,129300000.0,129700000.0,129087000.0,129672000.0,93.30239106,golden,neutral,low,STABLE
2024-11-27 15:00:00,129662000.0,130294000.0,129662000.0,129870000.0,213.81403252,golden,neutral,normal,UP
2024-11-27 16:00:00,129870000.0,130902000.0,129869000.0,130791000.0,197.57370848,golden,neutral,normal,DOWN
2024-11-27 17:00:00,130791000.0,130795000.0,130021000.0,130222000.0,153.21380845,golden,neutral,normal,STABLE
2024-11-27 18:00:00,130220000.0,130222000.0,129697000.0,129952000.0,137.82752295,golden,neutral,normal,UP
2024-11-27 19:00:00,129953000.0,130502000.0,129908000.0,130346000.0,122.69263576,golden,neutral,normal,STABLE
2024-11-27 20:00:00,130317000.0,130352000.0,129800000.0,129999000.0,96.61471294,golden,neutral,normal,STABLE
2024-11-27 21:00:00,129997000.0,130150000.0,129184000.0,130148000.0,140.24223681,golden,neutral,normal,UP
2024-11-27 22:00:00,130128000.0,130903000.0,130041000.0,130903000.0,179.71759635,golden,neutral,normal,UP
2024-11-27 23:00:00,130902000.0,131670000.0,130901000.0,131670000.0,347.26686149,golden,neutral,normal,UP
2024-11-28 00:00:00,131670000.0,132866000.0,131250000.0,132255000.0,367.73834682,golden,neutral,normal,STABLE
2024-11-28 01:00:00,132281000.0,133300000.0,131700000.0,132489000.0,252.72886026,golden,neutral,normal,UP
2024-11-28 02:00:00,132489000.0,133151000.0,132100000.0,133150000.0,119.8324876,golden,neutral,normal,STABLE
2024-11-28 03:00:00,133150000.0,133450000.0,132932000.0,133025000.0,88.87645119,golden,neutral,low,UP
2024-11-28 04:00:00,133025000.0,133504000.0,132591000.0,133504000.0,86.2300736,golden,neutral,low,STABLE
2024-11-28 05:00:00,133500000.0,134300000.0,133020000.0,133303000.0,251.30151775,golden,neutral,normal,STABLE
2024-11-28 06:00:00,133175000.0,133557000.0,133000000.0,133182000.0,149.66196972,golden,neutral,normal,STABLE
2024-11-28 07:00:00,133182000.0,134000000.0,133050000.0,133301000.0,218.81307629,golden,neutral,normal,STABLE
2024-11-28 08:00:00,133254000.0,133400000.0,132885000.0,132999000.0,226.6318408,golden,neutral,normal,UP
2024-11-28 09:00:00,132999000.0,134550000.0,132895000.0,134542000.0,343.80108563,golden,overbought,normal,DOWN
2024-11-28 10:00:00,134547000.0,134577000.0,133300000.0,133531000.0,210.98114402,golden,neutral,normal,DOWN
2024-11-28 11:00:00,133421000.0,133920000.0,132390000.0,132491000.0,207.57330263,golden,neutral,normal,STABLE
2024-11-28 12:00:00,132490000.0,132770000.0,131438000.0,132560000.0,277.40000883,golden,neutral,normal,STABLE
2024-11-28 13:00:00,132560000.0,133205000.0,132254000.0,132899000.0,135.21529706,golden,neutral,normal,STABLE
2024-11-28 14:00:00,132880000.0,133150000.0,132401000.0,132650000.0,79.48088082,golden,neutral,low,STABLE
2024-11-28 15:00:00,132649000.0,132966000.0,132125000.0,132775000.0,88.85843794,golden,neutral,low,STABLE
2024-11-28 16:00:00,132774000.0,132992000.0,132545000.0,132743000.0,75.00603025,golden,neutral,low,STABLE
2024-11-28 17:00:00,132734000.0,133133000.0,132534000.0,133069000.0,89.23938572,dead,neutral,low,DOWN
2024-11-28 18:00:00,133034000.0,133081000.0,132533000.0,132533000.0,78.99830751,dead,neutral,low,STABLE
2024-11-28 19:00:00,132532000.0,132659000.0,132183000.0,132556000.0,95.70468258,dead,neutral,normal,UP
2024-11-28 20:00:00,132540000.0,133750000.0,132379000.0,133352000.0,151.6829225,dead,neutral,normal,STABLE
2024-11-28 21:00:00,133352000.0,133600000.0,133017000.0,133567000.0,176.14229472,dead,neutral,normal,STABLE
2024-11-28 22:00:00,133457000.0,133599000.0,133000000.0,133567000.0,171.41497926,golden,neutral,normal,STABLE
2024-11-28 23:00:00,133534000.0,134000000.0,133208000.0,133251000.0,165.98500952,golden,neutral,normal,STABLE
2024-11-29 00:00:00,133251000.0,133707000.0,133051000.0,133314000.0,117.0802866,golden,neutral,normal,STABLE
2024-11-29 01:00:00,133181000.0,133511000.0,133030000.0,133055000.0,59.45192435,golden,neutral,low,STABLE
2024-11-29 02:00:00,133109000.0,133300000.0,132850000.0,132912000.0,61.64856835,golden,neutral,low,STABLE
2024-11-29 03:00:00,132870000.0,133270000.0,132850000.0,133158000.0,29.28863138,golden,neutral,low,STABLE
2024-11-29 04:00:00,133070000.0,133339000.0,132852000.0,133058000.0,26.87109829,golden,neutral,low,STABLE
2024-11-29 05:00:00,132981000.0,133095000.0,132600000.0,132703000.0,46.10693917,dead,neutral,low,STABLE
2024-11-29 06:00:00,132703000.0,132949000.0,132601000.0,132800000.0,47.25593606,dead,neutral,low,UP
2024-11-29 07:00:00,132800000.0,133329000.0,132705000.0,133222000.0,105.50777991,golden,neutral,normal,STABLE
2024-11-29 08:00:00,133222000.0,133507000.0,133084000.0,133138000.0,100.41533667,dead,neutral,normal,STABLE
2024-11-29 09:00:00,133144000.0,133490000.0,132850000.0,132972000.0,126.431943,dead,neutral,normal,UP
2024-11-29 10:00:00,133041000.0,133452000.0,132953000.0,133406000.0,71.16270265,golden,neutral,normal,UP
2024-11-29 11:00:00,133406000.0,134500000.0,133345000.0,134425000.0,323.51016599,golden,neutral,high,STABLE
2024-11-29 12:00:00,134400000.0,134453000.0,133850000.0,134254000.0,154.7732836,golden,neutral,normal,DOWN
2024-11-29 13:00:00,134254000.0,134299000.0,133702000.0,133744000.0,113.56376353,golden,neutral,normal,STABLE
2024-11-29 14:00:00,133847000.0,134042000.0,133620000.0,133653000.0,70.42810336,golden,neutral,normal,STABLE
2024-11-29 15:00:00,133653000.0,133953000.0,133540000.0,133772000.0,90.6262241,golden,neutral,normal,DOWN
2024-11-29 16:00:00,133781000.0,133950000.0,133222000.0,133222000.0,125.50018444,golden,neutral,normal,STABLE
2024-11-29 17:00:00,133221000.0,133800000.0,133200000.0,133500000.0,61.68965911,golden,neutral,normal,STABLE
2024-11-29 18:00:00,133495000.0,134000000.0,133478000.0,133809000.0,87.26680855,golden,neutral,normal,STABLE
2024-11-29 19:00:00,133809000.0,134231000.0,133738000.0,134188000.0,153.15835846,golden,neutral,normal,UP
2024-11-29 20:00:00,134151000.0,135000000.0,133900000.0,134727000.0,254.69641612,golden,neutral,high,STABLE
2024-11-29 21:00:00,134716000.0,135448000.0,134529000.0,134636000.0,283.11364224,golden,neutral,high,STABLE
2024-11-29 22:00:00,134636000.0,135000000.0,134310000.0,134999000.0,151.31013027,golden,neutral,normal,UP
2024-11-29 23:00:00,134999000.0,135611000.0,134687000.0,135596000.0,194.40464796,golden,overbought,normal,STABLE
2024-11-30 00:00:00,135579000.0,136274000.0,135400000.0,135873000.0,418.59023833,golden,overbought,high,STABLE
2024-11-30 01:00:00,135868000.0,136191000.0,135475000.0,135600000.0,158.81286323,golden,neutral,normal,DOWN
2024-11-30 02:00:00,135549000.0,135650000.0,134700000.0,134750000.0,111.64791296,golden,neutral,normal,STABLE
2024-11-30 03:00:00,134701000.0,135000000.0,134349000.0,134631000.0,75.5456207,golden,neutral,low,STABLE
2024-11-30 04:00:00,134631000.0,134850000.0,134373000.0,134504000.0,52.57549637,golden,neutral,low,STABLE
2024-11-30 05:00:00,134503000.0,134957000.0,134349000.0,134479000.0,68.18632175,golden,neutral,low,STABLE
2024-11-30 06:00:00,134478000.0,134685000.0,134279000.0,134509000.0,71.45554164,golden,neutral,low,STABLE
2024-11-30 07:00:00,134509000.0,135030000.0,134499000.0,134800000.0,102.01032196,golden,neutral,normal,STABLE
2024-11-30 08:00:00,134800000.0,134899000.0,134400000.0,134542000.0,135.3499033,golden,neutral,normal,STABLE
2024-11-30 09:00:00,134542000.0,134809000.0,134137000.0,134690000.0,226.66334644,golden,neutral,normal,DOWN
2024-11-30 10:00:00,134690000.0,134770000.0,134000000.0,134088000.0,151.47286996,dead,neutral,normal,STABLE
2024-11-30 11:00:00,134088000.0,134232000.0,134000000.0,134217000.0,124.67035653,dead,neutral,normal,STABLE
2024-11-30 12:00:00,134217000.0,134225000.0,133774000.0,133855000.0,156.9429716,dead,neutral,normal,STABLE
2024-11-30 13:00:00,133852000.0,133973000.0,133702000.0,133794000.0,108.03275647,dead,neutral,normal,UP
2024-11-30 14:00:00,133791000.0,134588000.0,133752000.0,134541000.0,114.61954771,dead,neutral,normal,DOWN
2024-11-30 15:00:00,134511000.0,134600000.0,133829000.0,133830000.0,184.21565931,dead,neutral,normal,STABLE
2024-11-30 16:00:00,133829000.0,134252000.0,133815000.0,134128000.0,119.83136745,dead,neutral,normal,STABLE
2024-11-30 17:00:00,134090000.0,134320000.0,134016000.0,134158000.0,96.88697047,dead,neutral,normal,STABLE
2024-11-30 18:00:00,134158000.0,134160000.0,133900000.0,134041000.0,73.48017425,dead,neutral,normal,DOWN
2024-11-30 19:00:00,134041000.0,134048000.0,133615000.0,133615000.0,145.71322133,dead,neutral,normal,STABLE
2024-11-30 20:00:00,133615000.0,133893000.0,133600000.0,133706000.0,86.85618685,dead,neutral,normal,STABLE
2024-11-30 21:00:00,133702000.0,134192000.0,133698000.0,134097000.0,116.25735971,dead,neutral,normal,STABLE
2024-11-30 22:00:00,134096000.0,134317000.0,133857000.0,133860000.0,95.46299233,dead,neutral,normal,STABLE
2024-11-30 23:00:00,133860000.0,134049000.0,133801000.0,133976000.0,89.46306859,dead,neutral,normal,STABLE
2024-12-01 00:00:00,133975000.0,134195000.0,133914000.0,134077000.0,76.44714287,dead,neutral,normal,STABLE
2024-12-01 01:00:00,134077000.0,134400000.0,133957000.0,134385000.0,47.63366875,dead,neutral,low,STABLE
2024-12-01 02:00:00,134395000.0,134432000.0,134152000.0,134260000.0,27.21834875,dead,neutral,low,STABLE
2024-12-01 03:00:00,134260000.0,134429000.0,134134000.0,134420000.0,27.04985141,golden,neutral,low,STABLE
2024-12-01 04:00:00,134424000.0,134473000.0,134300000.0,134472000.0,32.41584209,golden,neutral,low,STABLE
2024-12-01 05:00:00,134473000.0,134500000.0,134198000.0,134302000.0,23.63281199,golden,neutral,low,STABLE
2024-12-01 06:00:00,134302000.0,134344000.0,133895000.0,133950000.0,47.90759596,golden,neutral,normal,STABLE
2024-12-01 07:00:00,133955000.0,133999000.0,133708000.0,133925000.0,103.36787322,golden,neutral,normal,STABLE
2024-12-01 08:00:00,133913000.0,133962000.0,133700000.0,133701000.0,98.62499031,golden,neutral,normal,STABLE
2024-12-01 09:00:00,133722000.0,134214000.0,133610000.0,133680000.0,180.52567712,dead,neutral,high,STABLE
2024-12-01 10:00:00,133670000.0,134104000.0,133500000.0,133542000.0,197.89163229,dead,neutral,high,STABLE
2024-12-01 11:00:00,133542000.0,133918000.0,133297000.0,133391000.0,144.43022991,dead,neutral,normal,UP
2024-12-01 12:00:00,133391000.0,134198000.0,133308000.0,134040000.0,110.83425237,dead,neutral,normal,STABLE
2024-12-01 13:00:00,134040000.0,134172000.0,133804000.0,134171000.0,89.89519969,dead,neutral,normal,STABLE
2024-12-01 14:00:00,134169000.0,134200000.0,133935000.0,134186000.0,75.89011647,dead,neutral,normal,STABLE
2024-12-01 15:00:00,134185000.0,134400000.0,134075000.0,134115000.0,81.77215839,dead,neutral,normal,STABLE
2024-12-01 16:00:00,134115000.0,134241000.0,134000000.0,134181000.0,57.99479774,golden,neutral,normal,UP
2024-12-01 17:00:00,134199000.0,134995000.0,134178000.0,134678000.0,180.63852898,golden,neutral,high,STABLE
2024-12-01 18:00:00,134678000.0,134900000.0,134395000.0,134899000.0,104.25403915,golden,neutral,normal,STABLE
2024-12-01 19:00:00,134892000.0,134928000.0,134400000.0,134555000.0,89.17201081,golden,neutral,normal,UP
2024-12-01 20:00:00,134555000.0,134995000.0,134552000.0,134995000.0,130.88054071,golden,neutral,normal,STABLE
2024-12-01 21:00:00,134995000.0,134996000.0,134580000.0,134779000.0,104.89251048,golden,neutral,normal,STABLE
2024-12-01 22:00:00,134729000.0,135197000.0,134588000.0,134819000.0,193.72297983,golden,neutral,normal,STABLE
2024-12-01 23:00:00,134819000.0,135107000.0,134761000.0,134972000.0,112.22373788,golden,neutral,normal,STABLE
2024-12-02 00:00:00,134933000.0,135084000.0,134645000.0,134648000.0,88.02538364,golden,neutral,normal,STABLE
2024-12-02 01:00:00,134649000.0,134967000.0,134601000.0,134818000.0,55.94003237,golden,neutral,low,STABLE
2024-12-02 02:00:00,134818000.0,135197000.0,134756000.0,135068000.0,37.71152081,golden,neutral,low,DOWN
2024-12-02 03:00:00,135068000.0,135199000.0,134550000.0,134578000.0,37.2958521,golden,neutral,low,STABLE
2024-12-02 04:00:00,134552000.0,134852000.0,134000000.0,134299000.0,114.11154896,golden,neutral,normal,STABLE
2024-12-02 05:00:00,134150000.0,134401000.0,133849000.0,134221000.0,134.47547233,golden,neutral,normal,UP
2024-12-02 06:00:00,134221000.0,134778000.0,134150000.0,134638000.0,130.36111166,golden,neutral,normal,STABLE
2024-12-02 07:00:00,134638000.0,134775000.0,134200000.0,134600000.0,153.4800012,dead,neutral,normal,DOWN
2024-12-02 08:00:00,134596000.0,134775000.0,133800000.0,133802000.0,228.72716314,dead,neutral,high,UP
2024-12-02 09:00:00,133802000.0,134800000.0,133800000.0,134787000.0,343.57354662,dead,neutral,high,UP
2024-12-02 10:00:00,134787000.0,135800000.0,134744000.0,135641000.0,425.66097798,golden,neutral,high,STABLE
2024-12-02 11:00:00,135640000.0,135680000.0,135172000.0,135318000.0,195.80124414,golden,neutral,normal,DOWN
2024-12-02 12:00:00,135319000.0,135366000.0,134000000.0,134258000.0,272.03840382,golden,neutral,normal,UP
2024-12-02 13:00:00,134258000.0,134846000.0,134000000.0,134672000.0,273.09536338,golden,neutral,normal,STABLE
2024-12-02 14:00:00,134671000.0,134749000.0,134159000.0,134300000.0,120.44970723,golden,neutral,normal,STABLE
2024-12-02 15:00:00,134328000.0,134521000.0,134100000.0,134272000.0,113.20005208,dead,neutral,normal,STABLE
2024-12-02 16:00:00,134274000.0,134552000.0,133838000.0,134075000.0,185.7261073,dead,neutral,normal,DOWN
2024-12-02 17:00:00,134075000.0,134125000.0,132260000.0,133279000.0,624.07903881,dead,neutral,high,UP
2024-12-02 18:00:00,133182000.0,133941000.0,133040000.0,133888000.0,239.63769355,dead,neutral,normal,DOWN
2024-12-02 19:00:00,133888000.0,133907000.0,132800000.0,133035000.0,199.21387815,dead,neutral,normal,STABLE
2024-12-02 20:00:00,133034000.0,133602000.0,132947000.0,133424000.0,161.745543,dead,neutral,normal,STABLE
2024-12-02 21:00:00,133424000.0,134091000.0,133272000.0,133727000.0,196.71670541,dead,neutral,normal,STABLE
2024-12-02 22:00:00,133727000.0,134489000.0,133590000.0,133880000.0,217.27684413,dead,neutral,normal,STABLE
2024-12-02 23:00:00,133900000.0,134800000.0,133802000.0,134151000.0,296.82093138,dead,neutral,normal,UP
2024-12-03 00:00:00,134158000.0,134990000.0,133539000.0,134796000.0,349.92881855,dead,neutral,normal,DOWN
2024-12-03 01:00:00,134801000.0,135000000.0,133830000.0,134183000.0,290.85708413,dead,neutral,normal,DOWN
2024-12-03 02:00:00,134183000.0,134601000.0,132600000.0,132752000.0,203.15117281,dead,neutral,normal,UP
2024-12-03 03:00:00,132752000.0,133794000.0,132610000.0,133541000.0,77.00442412,dead,neutral,low,STABLE
2024-12-03 04:00:00,133550000.0,133850000.0,133110000.0,133711000.0,56.10856645,dead,neutral,low,STABLE
2024-12-03 05:00:00,133711000.0,134250000.0,133459000.0,133686000.0,81.03691988,dead,neutral,low,STABLE
2024-12-03 06:00:00,133611000.0,133805000.0,133070000.0,133303000.0,127.50783874,dead,neutral,normal,STABLE
2024-12-03 07:00:00,133303000.0,133500000.0,133093000.0,133095000.0,139.52069529,dead,neutral,normal,UP
2024-12-03 08:00:00,133095000.0,133600000.0,133000000.0,133535000.0,166.62326815,dead,neutral,normal,UP
2024-12-03 09:00:00,133523000.0,134250000.0,133357000.0,133970000.0,281.76641925,dead,neutral,normal,STABLE
2024-12-03 10:00:00,133970000.0,134000000.0,133371000.0,133753000.0,177.48879601,dead,neutral,normal,STABLE
2024-12-03 11:00:00,133753000.0,134250000.0,133608000.0,134124000.0,136.50535146,neutral,neutral,normal,STABLE
2024-12-03 12:00:00,134124000.0,134124000.0,133800000.0,133800000.0,125.15784844,golden,neutral,normal,STABLE
2024-12-03 13:00:00,133800000.0,133931000.0,133500000.0,133502000.0,125.48176318,golden,neutral,normal,STABLE
2024-12-03 14:00:00,133502000.0,133819000.0,133477000.0,133690000.0,107.07737166,golden,neutral,normal,STABLE
2024-12-03 15:00:00,133695000.0,133770000.0,133382000.0,133469000.0,155.33264182,golden,neutral,normal,STABLE
2024-12-03 16:00:00,133469000.0,133853000.0,133199000.0,133754000.0,284.53147953,dead,neutral,normal,STABLE
2024-12-03 17:00:00,133754000.0,133789000.0,133261000.0,133532000.0,119.4590026,dead,neutral,normal,STABLE
2024-12-03 18:00:00,133532000.0,133536000.0,133195000.0,133293000.0,97.40920578,dead,neutral,normal,DOWN
2024-12-03 19:00:00,133293000.0,133499000.0,132700000.0,132770000.0,175.11992326,dead,neutral,normal,STABLE
2024-12-03 20:00:00,132774000.0,133339000.0,132500000.0,132511000.0,266.21083193,dead,neutral,normal,STABLE
2024-12-03 21:00:00,132511000.0,132866000.0,132331000.0,132715000.0,280.95236934,dead,neutral,normal,DOWN
2024-12-03 22:00:00,132715000.0,132770000.0,88266000.0,116450000.0,4331.75074203,dead,oversold,high,UP
2024-12-03 23:00:00,115400000.0,132000000.0,115030000.0,128257000.0,4720.09115879,dead,neutral,high,UP
2024-12-04 00:00:00,128257000.0,132760000.0,127668000.0,132519000.0,2886.96262805,dead,neutral,high,STABLE
2024-12-04 01:00:00,132514000.0,134167000.0,131950000.0,132635000.0,1751.01493519,dead,neutral,high,STABLE
2024-12-04 02:00:00,132611000.0,133100000.0,131697000.0,132995000.0,515.11664752,dead,neutral,normal,STABLE
2024-12-04 03:00:00,132988000.0,133222000.0,132499000.0,132831000.0,157.1273269,dead,neutral,low,UP
2024-12-04 04:00:00,132800000.0,133446000.0,132000000.0,133410000.0,182.60784152,golden,neutral,low,UP
2024-12-04 05:00:00,133415000.0,133915000.0,133277000.0,133850000.0,179.86168297,golden,neutral,low,UP
2024-12-04 06:00:00,133901000.0,134650000.0,133850000.0,134541000.0,325.17986933,golden,neutral,low,STABLE
2024-12-04 07:00:00,134541000.0,134645000.0,134000000.0,134598000.0,318.12077537,golden,neutral,low,DOWN
2024-12-04 08:00:00,134598000.0,134680000.0,133661000.0,133700000.0,396.75764415,golden,neutral,low,UP
2024-12-04 09:00:00,133720000.0,134501000.0,133600000.0,134425000.0,429.42245091,golden,neutral,low,UP
2024-12-04 10:00:00,134419000.0,135601000.0,134227000.0,134889000.0,576.9860313,golden,neutral,normal,STABLE
2024-12-04 11:00:00,134889000.0,135001000.0,134096000.0,134993000.0,240.3767731,golden,neutral,low,DOWN
2024-12-04 12:00:00,134994000.0,135009000.0,134355000.0,134442000.0,129.44951473,golden,neutral,low,STABLE
2024-12-04 13:00:00,134445000.0,134800000.0,134343000.0,134632000.0,152.67616157,golden,neutral,low,UP
2024-12-04 14:00:00,134620000.0,135100000.0,134580000.0,135100000.0,177.52167482,golden,neutral,low,STABLE
2024-12-04 15:00:00,135099000.0,135581000.0,135099000.0,135418000.0,242.87721368,golden,neutral,low,STABLE
2024-12-04 16:00:00,135423000.0,135430000.0,135147000.0,135377000.0,166.00789112,golden,neutral,low,STABLE
2024-12-04 17:00:00,135377000.0,135590000.0,135280000.0,135578000.0,146.89296305,golden,neutral,low,STABLE
2024-12-04 18:00:00,135578000.0,135954000.0,135578000.0,135880000.0,175.94206528,golden,neutral,low,DOWN
2024-12-04 19:00:00,135879000.0,135880000.0,135166000.0,135270000.0,155.40930476,golden,neutral,low,STABLE
2024-12-04 20:00:00,135270000.0,135331000.0,134787000.0,134920000.0,177.53158034,golden,neutral,normal,STABLE
2024-12-04 21:00:00,134920000.0,135004000.0,134000000.0,134751000.0,247.99367388,golden,neutral,normal,STABLE
2024-12-04 22:00:00,134750000.0,134996000.0,134230000.0,134668000.0,196.85334358,golden,neutral,normal,STABLE
2024-12-04 23:00:00,134667000.0,135304000.0,134270000.0,134707000.0,232.42010654,golden,neutral,normal,STABLE
2024-12-05 00:00:00,134707000.0,135356000.0,134419000.0,134889000.0,231.43791798,dead,neutral,normal,DOWN
2024-12-05 01:00:00,134889000.0,134966000.0,133499000.0,133877000.0,333.89301339,dead,neutral,normal,UP
2024-12-05 02:00:00,133815000.0,135000000.0,133784000.0,134941000.0,122.92742149,dead,neutral,normal,STABLE
2024-12-05 03:00:00,134950000.0,135315000.0,134725000.0,135297000.0,131.82088046,dead,neutral,normal,UP
2024-12-05 04:00:00,135296000.0,136250000.0,135100000.0,136250000.0,248.21246947,golden,neutral,normal,UP
2024-12-05 05:00:00,136245000.0,139000000.0,136204000.0,138370000.0,774.78986889,golden,neutral,high,DOWN
2024-12-05 06:00:00,138439000.0,138793000.0,136680000.0,137240000.0,442.76125072,golden,neutral,normal,UP
2024-12-05 07:00:00,137240000.0,138500000.0,137003000.0,138165000.0,331.66607727,golden,neutral,normal,UP
2024-12-05 08:00:00,138090000.0,139920000.0,138090000.0,138760000.0,904.00116365,golden,neutral,high,DOWN
2024-12-05 09:00:00,138765000.0,139770000.0,138099000.0,138108000.0,633.54462124,golden,neutral,high,STABLE
2024-12-05 10:00:00,138106000.0,138535000.0,136980000.0,137877000.0,636.0374955,golden,neutral,normal,UP
2024-12-05 11:00:00,137877000.0,143304000.0,137836000.0,142817000.0,1932.31466962,golden,overbought,high,UP
2024-12-05 12:00:00,142820000.0,146100000.0,142804000.0,144680000.0,2633.71943064,golden,overbought,high,STABLE
2024-12-05 13:00:00,144662000.0,145421000.0,144000000.0,144621000.0,757.87347385,golden,overbought,normal,STABLE
2024-12-05 14:00:00,144615000.0,145460000.0,143330000.0,144341000.0,554.15968709,golden,overbought,normal,DOWN
2024-12-05 15:00:00,144341000.0,144678000.0,142484000.0,142966000.0,443.8218588,golden,neutral,normal,STABLE
2024-12-05 16:00:00,142966000.0,144050000.0,142216000.0,143344000.0,293.80052017,golden,neutral,low,UP
2024-12-05 17:00:00,143322000.0,144100000.0,143322000.0,144007000.0,247.24807889,golden,overbought,low,STABLE
2024-12-05 18:00:00,144007000.0,144500000.0,143794000.0,144050000.0,185.42863827,golden,overbought,low,DOWN
2024-12-05 19:00:00,144067000.0,144346000.0,143500000.0,143580000.0,141.74459969,golden,neutral,low,STABLE
2024-12-05 20:00:00,143580000.0,144052000.0,143500000.0,143891000.0,150.63945235,golden,neutral,low,UP
2024-12-05 21:00:00,143891000.0,144932000.0,143770000.0,144400000.0,257.5895393,golden,neutral,low,STABLE
2024-12-05 22:00:00,144400000.0,145000000.0,144324000.0,144418000.0,306.37027315,golden,neutral,normal,UP
2024-12-05 23:00:00,144420000.0,144986000.0,143700000.0,144905000.0,283.9851938,golden,overbought,low,DOWN
2024-12-06 00:00:00,144905000.0,145027000.0,142002000.0,142403000.0,548.08632751,golden,neutral,normal,DOWN
2024-12-06 01:00:00,142369000.0,143300000.0,141550000.0,141966000.0,257.02010568,golden,neutral,low,STABLE
2024-12-06 02:00:00,141998000.0,142302000.0,141258000.0,142227000.0,139.63218543,golden,neutral,low,DOWN
2024-12-06 03:00:00,142131000.0,142500000.0,140890000.0,140898000.0,149.51783221,dead,neutral,low,DOWN
2024-12-06 04:00:00,140898000.0,142160000.0,139120000.0,139668000.0,251.73977689,dead,neutral,low,UP
2024-12-06 05:00:00,139668000.0,140300000.0,138500000.0,140131000.0,470.2210116,dead,neutral,normal,DOWN
2024-12-06 06:00:00,140131000.0,140621000.0,139186000.0,139573000.0,237.22326035,dead,neutral,low,DOWN
2024-12-06 07:00:00,139573000.0,139788000.0,134000000.0,136740000.0,1434.59626162,dead,neutral,high,UP
2024-12-06 08:00:00,136739000.0,138345000.0,135428000.0,137501000.0,632.97558046,dead,neutral,normal,STABLE
2024-12-06 09:00:00,137501000.0,138295000.0,136100000.0,137905000.0,514.96989264,dead,neutral,normal,UP
2024-12-06 10:00:00,137905000.0,139865000.0,137110000.0,138517000.0,471.29916267,dead,neutral,normal,DOWN
2024-12-06 11:00:00,138520000.0,138680000.0,137100000.0,137224000.0,330.76254926,dead,neutral,normal,STABLE
2024-12-06 12:00:00,137224000.0,137510000.0,136766000.0,137507000.0,267.29396917,dead,neutral,normal,STABLE
2024-12-06 13:00:00,137507000.0,137772000.0,137072000.0,137699000.0,195.53286669,dead,neutral,normal,STABLE
2024-12-06 14:00:00,137699000.0,137882000.0,137123000.0,137551000.0,214.19008383,dead,neutral,normal,STABLE
2024-12-06 15:00:00,137551000.0,137890000.0,137400000.0,137631000.0,147.03532316,dead,neutral,low,STABLE
2024-12-06 16:00:00,137631000.0,138003000.0,137480000.0,137828000.0,103.55578571,dead,neutral,low,STABLE
2024-12-06 17:00:00,137828000.0,138637000.0,137777000.0,138200000.0,155.80736585,dead,neutral,low,STABLE
2024-12-06 18:00:00,138200000.0,138300000.0,137372000.0,137800000.0,376.91920936,dead,neutral,normal,STABLE
2024-12-06 19:00:00,137800000.0,137899000.0,136840000.0,137701000.0,278.70300317,dead,neutral,normal,STABLE
2024-12-06 20:00:00,137701000.0,138017000.0,137204000.0,137564000.0,116.72028772,dead,neutral,low,DOWN
2024-12-06 21:00:00,137559000.0,137771000.0,136000000.0,136002000.0,395.97833327,dead,neutral,normal,UP
2024-12-06 22:00:00,136002000.0,138250000.0,136000000.0,137698000.0,456.98234474,dead,neutral,normal,UP
2024-12-06 23:00:00,137698000.0,139174000.0,137500000.0,139155000.0,318.19624731,dead,neutral,normal,DOWN
2024-12-07 00:00:00,139155000.0,139196000.0,138188000.0,138679000.0,323.56635428,dead,neutral,normal,DOWN
2024-12-07 01:00:00,138603000.0,138998000.0,137891000.0,138120000.0,129.04797235,golden,neutral,low,UP
2024-12-07 02:00:00,138014000.0,140885000.0,138009000.0,140491000.0,246.24366865,golden,neutral,normal,UP
2024-12-07 03:00:00,140491000.0,141502000.0,140014000.0,141132000.0,238.24112651,golden,neutral,normal,STABLE
2024-12-07 04:00:00,141086000.0,141400000.0,140630000.0,140967000.0,124.89189455,golden,neutral,low,STABLE
2024-12-07 05:00:00,140855000.0,141450000.0,140213000.0,140623000.0,148.67760206,golden,neutral,normal,DOWN
2024-12-07 06:00:00,140623000.0,140749000.0,139275000.0,139603000.0,167.23904325,golden,neutral,normal,STABLE
2024-12-07 07:00:00,139603000.0,140000000.0,139177000.0,139400000.0,205.19399325,golden,neutral,normal,STABLE
2024-12-07 08:00:00,139400000.0,139657000.0,138001000.0,139340000.0,252.71002236,golden,neutral,normal,STABLE
2024-12-07 09:00:00,139402000.0,140000000.0,138803000.0,139307000.0,276.01785919,golden,neutral,normal,STABLE
2024-12-07 10:00:00,139358000.0,140411000.0,139158000.0,139394000.0,214.12088445,golden,neutral,normal,STABLE
2024-12-07 11:00:00,139394000.0,139609000.0,139179000.0,139389000.0,94.34434709,golden,neutral,low,DOWN
2024-12-07 12:00:00,139389000.0,139399000.0,138693000.0,138706000.0,156.39603578,golden,neutral,normal,STABLE
2024-12-07 13:00:00,138706000.0,139380000.0,138418000.0,139025000.0,104.39505528,golden,neutral,low,DOWN
2024-12-07 14:00:00,139025000.0,139100000.0,138363000.0,138529000.0,103.6786529,dead,neutral,low,STABLE
2024-12-07 15:00:00,138536000.0,138742000.0,138400000.0,138402000.0,85.29002853,dead,neutral,low,STABLE
2024-12-07 16:00:00,138402000.0,138475000.0,137698000.0,138241000.0,240.80953406,dead,neutral,normal,STABLE
2024-12-07 17:00:00,138240000.0,139415000.0,137735000.0,138502000.0,227.15980293,dead,neutral,normal,UP
2024-12-07 18:00:00,138515000.0,139175000.0,138473000.0,138920000.0,101.83725755,dead,neutral,normal,STABLE
2024-12-07 19:00:00,138920000.0,139085000.0,138587000.0,138800000.0,79.39149679,dead,neutral,low,STABLE
2024-12-07 20:00:00,138790000.0,139082000.0,138676000.0,138942000.0,69.46559877,dead,neutral,low,STABLE
2024-12-07 21:00:00,138942000.0,139000000.0,138644000.0,138645000.0,65.10283709,dead,neutral,low,STABLE
2024-12-07 22:00:00,138645000.0,138801000.0,138500000.0,138602000.0,83.80720308,dead,neutral,normal,STABLE
2024-12-07 23:00:00,138607000.0,138950000.0,138224000.0,138733000.0,93.09764743,dead,neutral,normal,STABLE
2024-12-08 00:00:00,138736000.0,138895000.0,138376000.0,138555000.0,109.46679898,dead,neutral,normal,STABLE
2024-12-08 01:00:00,138618000.0,138762000.0,138318000.0,138476000.0,87.3377316,dead,neutral,normal,STABLE
2024-12-08 02:00:00,138462000.0,138856000.0,138380000.0,138854000.0,35.01292305,dead,neutral,low,UP
2024-12-08 03:00:00,138815000.0,139346000.0,138569000.0,139330000.0,62.16375387,dead,neutral,low,STABLE
2024-12-08 04:00:00,139310000.0,139340000.0,138951000.0,139154000.0,48.92441281,golden,neutral,low,STABLE
2024-12-08 05:00:00,139154000.0,139500000.0,139116000.0,139302000.0,52.80649781,golden,neutral,low,STABLE
2024-12-08 06:00:00,139302000.0,139511000.0,138650000.0,139012000.0,75.70725947,golden,neutral,normal,STABLE
2024-12-08 07:00:00,139012000.0,139332000.0,138650000.0,138742000.0,71.05910028,golden,neutral,normal,STABLE
2024-12-08 08:00:00,138742000.0,139360000.0,138710000.0,138960000.0,109.18822554,golden,neutral,normal,STABLE
2024-12-08 09:00:00,138970000.0,139337000.0,138924000.0,139275000.0,130.16704043,golden,neutral,normal,STABLE
2024-12-08 10:00:00,139275000.0,139400000.0,139000000.0,139299000.0,98.64027016,golden,neutral,normal,STABLE
2024-12-08 11:00:00,139299000.0,139645000.0,139100000.0,139566000.0,115.8069642,golden,neutral,normal,STABLE
2024-12-08 12:00:00,139566000.0,139665000.0,139332000.0,139333000.0,100.24847487,golden,neutral,normal,STABLE
2024-12-08 13:00:00,139332000.0,139555000.0,139299000.0,139404000.0,126.04679761,golden,neutral,normal,STABLE
2024-12-08 14:00:00,139404000.0,139500000.0,139128000.0,139374000.0,122.1436346,golden,neutral,normal,STABLE
2024-12-08 15:00:00,139382000.0,139550000.0,139214000.0,139459000.0,75.65563941,golden,neutral,normal,STABLE
2024-12-08 16:00:00,139459000.0,139500000.0,139404000.0,139407000.0,47.67872269,golden,neutral,normal,DOWN
2024-12-08 17:00:00,139407000.0,139461000.0,138955000.0,138984000.0,128.2291124,golden,neutral,normal,STABLE
2024-12-08 18:00:00,138985000.0,139334000.0,138620000.0,138902000.0,148.59621891,golden,neutral,normal,STABLE
2024-12-08 19:00:00,138928000.0,139290000.0,138901000.0,139058000.0,84.22850222,golden,neutral,normal,UP
2024-12-08 20:00:00,139058000.0,139998000.0,138888000.0,139990000.0,176.40079705,golden,neutral,normal,STABLE
2024-12-08 21:00:00,139990000.0,140411000.0,139500000.0,140175000.0,215.6158648,golden,neutral,high,STABLE
2024-12-08 22:00:00,140175000.0,140500000.0,139937000.0,140497000.0,189.61742611,golden,neutral,normal,DOWN
2024-12-08 23:00:00,140498000.0,140500000.0,139451000.0,139490000.0,137.08077187,golden,neutral,normal,UP
2024-12-09 00:00:00,139451000.0,140221000.0,139279000.0,140093000.0,159.72760003,golden,neutral,normal,STABLE
2024-12-09 01:00:00,140093000.0,140161000.0,139650000.0,139921000.0,55.49301324,golden,neutral,low,STABLE
2024-12-09 02:00:00,139921000.0,140066000.0,139600000.0,139782000.0,27.4691225,golden,neutral,low,STABLE
2024-12-09 03:00:00,139780000.0,139855000.0,139278000.0,139434000.0,43.11971957,golden,neutral,low,UP
2024-12-09 04:00:00,139397000.0,140092000.0,139282000.0,140088000.0,30.81933594,golden,neutral,low,STABLE
2024-12-09 05:00:00,140092000.0,140138000.0,139774000.0,139866000.0,25.01886556,golden,neutral,low,STABLE
2024-12-09 06:00:00,139866000.0,140045000.0,139801000.0,139928000.0,36.48977277,golden,neutral,low,STABLE
2024-12-09 07:00:00,139928000.0,140119000.0,139769000.0,140115000.0,66.43340162,golden,neutral,normal,UP
2024-12-09 08:00:00,140115000.0,141400000.0,140030000.0,141005000.0,235.19827054,golden,neutral,high,DOWN
2024-12-09 09:00:00,141056000.0,141399000.0,139533000.0,140174000.0,350.45494881,golden,neutral,high,STABLE
2024-12-09 10:00:00,140206000.0,140410000.0,139911000.0,140090000.0,149.74251488,golden,neutral,normal,STABLE
2024-12-09 11:00:00,140073000.0,140287000.0,139657000.0,139849000.0,155.8247242,golden,neutral,normal,STABLE
2024-12-09 12:00:00,139824000.0,140116000.0,138655000.0,139497000.0,235.09613414,golden,neutral,normal,STABLE
2024-12-09 13:00:00,139490000.0,139950000.0,138990000.0,139820000.0,164.79642344,dead,neutral,normal,STABLE
2024-12-09 14:00:00,139800000.0,140100000.0,139650000.0,140002000.0,79.05651792,dead,neutral,normal,STABLE
2024-12-09 15:00:00,140000000.0,140070000.0,139500000.0,139900000.0,103.21068286,dead,neutral,normal,STABLE
2024-12-09 16:00:00,139900000.0,140000000.0,138950000.0,139853000.0,229.31838997,dead,neutral,normal,DOWN
2024-12-09 17:00:00,139800000.0,140000000.0,138472000.0,138492000.0,265.51878819,dead,neutral,normal,DOWN
2024-12-09 18:00:00,138487000.0,138880000.0,137750000.0,137999000.0,441.30117835,dead,neutral,high,UP
2024-12-09 19:00:00,137999000.0,138900000.0,137879000.0,138899000.0,182.44342039,dead,neutral,normal,DOWN
2024-12-09 20:00:00,138899000.0,138900000.0,137300000.0,137447000.0,294.70679731,dead,neutral,normal,UP
2024-12-09 21:00:00,137445000.0,138449000.0,137311000.0,138337000.0,227.19380227,dead,neutral,normal,UP
2024-12-09 22:00:00,138335000.0,139608000.0,138010000.0,139404000.0,265.54688854,dead,neutral,normal,UP
2024-12-09 23:00:00,139404000.0,140990000.0,139010000.0,140675000.0,338.81476899,dead,neutral,normal,DOWN
2024-12-10 00:00:00,140675000.0,141000000.0,137850000.0,138396000.0,422.60940361,dead,neutral,normal,STABLE
2024-12-10 01:00:00,138335000.0,138852000.0,137971000.0,138350000.0,108.58063292,dead,neutral,low,DOWN
2024-12-10 02:00:00,138350000.0,138850000.0,137862000.0,137862000.0,65.69684858,dead,neutral,low,UP
2024-12-10 03:00:00,137862000.0,138992000.0,137852000.0,138362000.0,46.68567066,dead,neutral,low,DOWN
2024-12-10 04:00:00,138362000.0,138390000.0,137400000.0,137483000.0,122.7434094,dead,neutral,normal,STABLE
2024-12-10 05:00:00,137482000.0,137913000.0,137177000.0,137213000.0,213.2484313,dead,neutral,normal,UP
2024-12-10 06:00:00,137213000.0,139507000.0,137000000.0,138397000.0,697.38176984,dead,neutral,high,STABLE
2024-12-10 07:00:00,138336000.0,138712000.0,135900000.0,138380000.0,732.41729488,dead,neutral,high,UP
2024-12-10 08:00:00,138380000.0,139500000.0,138210000.0,138864000.0,345.94292514,dead,neutral,normal,STABLE
2024-12-10 09:00:00,138934000.0,140000000.0,137500000.0,139005000.0,550.56467579,dead,neutral,normal,UP
2024-12-10 10:00:00,138993000.0,139758000.0,138651000.0,139758000.0,251.52709015,golden,neutral,normal,DOWN
2024-12-10 11:00:00,139753000.0,139800000.0,138038000.0,138044000.0,282.76155409,golden,neutral,normal,STABLE
2024-12-10 12:00:00,138042000.0,138432000.0,135490000.0,138012000.0,824.1165675,golden,neutral,high,UP
2024-12-10 13:00:00,138013000.0,138435000.0,136579000.0,138433000.0,264.86848151,golden,neutral,normal,STABLE
2024-12-10 14:00:00,138385000.0,138441000.0,137621000.0,138271000.0,141.75694681,golden,neutral,low,UP
2024-12-10 15:00:00,138271000.0,139486000.0,138206000.0,139471000.0,239.06465442,dead,neutral,normal,DOWN
2024-12-10 16:00:00,139471000.0,139471000.0,138345000.0,138730000.0,135.73902493,golden,neutral,low,STABLE
2024-12-10 17:00:00,138730000.0,139187000.0,138233000.0,139015000.0,103.82643046,golden,neutral,low,STABLE
2024-12-10 18:00:00,139034000.0,139465000.0,139000000.0,139311000.0,121.32094246,golden,neutral,low,STABLE
2024-12-10 19:00:00,139311000.0,139846000.0,139309000.0,139711000.0,147.17158857,golden,neutral,normal,STABLE
2024-12-10 20:00:00,139686000.0,139803000.0,138976000.0,139367000.0,141.10239167,golden,neutral,normal,DOWN
2024-12-10 21:00:00,139367000.0,139483000.0,137855000.0,138139000.0,346.75687292,golden,neutral,normal,UP
2024-12-10 22:00:00,138078000.0,139350000.0,138027000.0,138916000.0,209.27844201,golden,neutral,normal,STABLE
2024-12-10 23:00:00,138915000.0,139600000.0,138500000.0,139192000.0,199.70246478,golden,neutral,normal,DOWN
2024-12-11 00:00:00,139136000.0,139750000.0,137470000.0,137635000.0,299.8817889,dead,neutral,normal,UP
2024-12-11 01:00:00,137602000.0,138286000.0,136666000.0,138215000.0,392.29766473,dead,neutral,normal,DOWN
2024-12-11 02:00:00,138142000.0,138206000.0,136183000.0,136603000.0,251.6859681,dead,neutral,normal,STABLE
2024-12-11 03:00:00,136511000.0,137500000.0,136292000.0,136711000.0,148.69753277,dead,neutral,normal,UP
2024-12-11 04:00:00,136711000.0,137950000.0,136663000.0,137452000.0,66.20331913,dead,neutral,low,UP
2024-12-11 05:00:00,137481000.0,138090000.0,137059000.0,137999000.0,125.28485551,dead,neutral,normal,UP
2024-12-11 06:00:00,137999000.0,138600000.0,137663000.0,138504000.0,188.78761153,dead,neutral,normal,STABLE
2024-12-11 07:00:00,138504000.0,138700000.0,138000000.0,138204000.0,122.73319262,dead,neutral,normal,STABLE
2024-12-11 08:00:00,138306000.0,138750000.0,138199000.0,138205000.0,159.98062396,dead,neutral,normal,DOWN
2024-12-11 09:00:00,138205000.0,138732000.0,136500000.0,137208000.0,419.84525585,dead,neutral,high,STABLE
2024-12-11 10:00:00,137208000.0,137500000.0,136500000.0,136825000.0,342.21892201,dead,neutral,normal,UP
2024-12-11 11:00:00,136806000.0,138709000.0,136799000.0,138548000.0,340.29569841,dead,neutral,normal,STABLE
2024-12-11 12:00:00,138548000.0,138984000.0,138254000.0,138638000.0,201.0434073,dead,neutral,normal,STABLE
2024-12-11 13:00:00,138638000.0,138850000.0,138353000.0,138802000.0,118.53324383,dead,neutral,normal,STABLE
2024-12-11 14:00:00,138834000.0,138835000.0,138510000.0,138678000.0,74.74330931,golden,neutral,low,STABLE
2024-12-11 15:00:00,138700000.0,138955000.0,138598000.0,138949000.0,114.23421844,golden,neutral,normal,STABLE
2024-12-11 16:00:00,138946000.0,139000000.0,138515000.0,138605000.0,120.11290667,golden,neutral,normal,UP
2024-12-11 17:00:00,138606000.0,139926000.0,138510000.0,139474000.0,281.35376371,golden,neutral,normal,STABLE
2024-12-11 18:00:00,139474000.0,139678000.0,139003000.0,139330000.0,113.54272846,golden,neutral,normal,STABLE
2024-12-11 19:00:00,139330000.0,139714000.0,139192000.0,139550000.0,97.30521076,golden,neutral,low,STABLE
2024-12-11 20:00:00,139550000.0,139999000.0,139400000.0,139951000.0,181.70571249,golden,neutral,normal,STABLE
2024-12-11 21:00:00,139952000.0,140002000.0,139590000.0,139666000.0,217.16582482,golden,neutral,normal,UP
2024-12-11 22:00:00,139662000.0,140800000.0,139600000.0,140430000.0,403.20418181,golden,neutral,high,UP
2024-12-11 23:00:00,140431000.0,141300000.0,140038000.0,141276000.0,402.40005578,golden,neutral,normal,UP
2024-12-12 00:00:00,141296000.0,143000000.0,141015000.0,142300000.0,655.23370627,golden,overbought,high,STABLE
2024-12-12 01:00:00,142300000.0,143373000.0,142157000.0,142638000.0,380.82504262,golden,overbought,normal,DOWN
2024-12-12 02:00:00,142638000.0,143000000.0,141307000.0,141479000.0,156.98867305,golden,neutral,normal,UP
2024-12-12 03:00:00,141479000.0,142680000.0,141089000.0,142270000.0,151.47501244,golden,neutral,normal,UP
2024-12-12 04:00:00,142271000.0,143280000.0,142176000.0,143208000.0,114.50434397,golden,neutral,low,STABLE
2024-12-12 05:00:00,143208000.0,143850000.0,143004000.0,143364000.0,209.27828925,golden,neutral,normal,UP
2024-12-12 06:00:00,143364000.0,143823000.0,142851000.0,143800000.0,184.18363155,golden,overbought,normal,DOWN
2024-12-12 07:00:00,143800000.0,144276000.0,143152000.0,143327000.0,327.14272639,golden,neutral,normal,STABLE
2024-12-12 08:00:00,143323000.0,143705000.0,143001000.0,143111000.0,179.16675485,golden,neutral,normal,STABLE
2024-12-12 09:00:00,143111000.0,143742000.0,142300000.0,142700000.0,321.54575801,golden,neutral,normal,STABLE
2024-12-12 10:00:00,142698000.0,143358000.0,142403000.0,142741000.0,198.39342761,golden,neutral,normal,UP
2024-12-12 11:00:00,142588000.0,144430000.0,142503000.0,144430000.0,175.54625742,golden,neutral,normal,DOWN
2024-12-12 12:00:00,144405000.0,144490000.0,143245000.0,143491000.0,271.90460641,golden,neutral,normal,DOWN
2024-12-12 13:00:00,143491000.0,143852000.0,142621000.0,142801000.0,219.85119112,golden,neutral,normal,STABLE
2024-12-12 14:00:00,142820000.0,143290000.0,142685000.0,142693000.0,153.49274916,golden,neutral,normal,STABLE
2024-12-12 15:00:00,142693000.0,142923000.0,142517000.0,142601000.0,123.24088567,golden,neutral,low,STABLE
2024-12-12 16:00:00,142601000.0,143090000.0,142557000.0,142566000.0,108.28698651,golden,neutral,low,UP
2024-12-12 17:00:00,142557000.0,143300000.0,142555000.0,143242000.0,102.74769049,golden,neutral,low,STABLE
2024-12-12 18:00:00,143184000.0,143405000.0,143000000.0,143299000.0,95.5844245,golden,neutral,low,STABLE
2024-12-12 19:00:00,143299000.0,143300000.0,142700000.0,142969000.0,97.83535421,dead,neutral,low,STABLE
2024-12-12 20:00:00,142969000.0,143081000.0,142593000.0,142711000.0,94.88050835,dead,neutral,normal,UP
2024-12-12 21:00:00,142810000.0,143500000.0,142712000.0,143363000.0,130.98224441,golden,neutral,normal,STABLE
2024-12-12 22:00:00,143338000.0,144144000.0,142800000.0,143440000.0,339.72002559,golden,neutral,normal,UP
2024-12-12 23:00:00,143440000.0,144276000.0,143182000.0,144270000.0,224.49722436,golden,neutral,normal,STABLE
2024-12-13 00:00:00,144115000.0,144366000.0,143373000.0,144312000.0,302.70481152,golden,neutral,normal,STABLE
2024-12-13 01:00:00,144252000.0,145000000.0,144011000.0,144203000.0,356.32200359,golden,neutral,normal,STABLE
2024-12-13 02:00:00,144233000.0,144361000.0,143820000.0,144217000.0,68.08570709,golden,neutral,low,DOWN
2024-12-13 03:00:00,144217000.0,144299000.0,143507000.0,143510000.0,47.53372246,golden,neutral,low,DOWN
2024-12-13 04:00:00,143509000.0,143746000.0,142000000.0,142225000.0,255.9475403,golden,neutral,normal,UP
2024-12-13 05:00:00,142225000.0,143351000.0,142047000.0,142952000.0,108.37684728,golden,neutral,normal,STABLE
2024-12-13 06:00:00,142952000.0,143102000.0,142528000.0,142681000.0,76.51279756,dead,neutral,low,UP
2024-12-13 07:00:00,142700000.0,143390000.0,142328000.0,143306000.0,155.16743592,dead,neutral,normal,DOWN
2024-12-13 08:00:00,143306000.0,143333000.0,142756000.0,142757000.0,80.49314567,dead,neutral,normal,STABLE
2024-12-13 09:00:00,142780000.0,143398000.0,142700000.0,142976000.0,122.63362748,dead,neutral,normal,DOWN
2024-12-13 10:00:00,142977000.0,143138000.0,142001000.0,142122000.0,229.76018192,dead,neutral,normal,STABLE
2024-12-13 11:00:00,142122000.0,142702000.0,142066000.0,142386000.0,150.32447742,dead,neutral,normal,STABLE
2024-12-13 12:00:00,142385000.0,142700000.0,142385000.0,142684000.0,53.65478456,dead,neutral,low,UP
2024-12-13 13:00:00,142684000.0,143194000.0,142640000.0,143155000.0,96.62918341,dead,neutral,normal,STABLE
2024-12-13 14:00:00,143073000.0,143162000.0,142751000.0,142921000.0,56.57287988,dead,neutral,low,STABLE
2024-12-13 15:00:00,142921000.0,143000000.0,142750000.0,142876000.0,57.084665,dead,neutral,low,STABLE
2024-12-13 16:00:00,142751000.0,143200000.0,142443000.0,143136000.0,119.27919886,dead,neutral,normal,STABLE
2024-12-13 17:00:00,143133000.0,143425000.0,142911000.0,143259000.0,104.73460098,dead,neutral,normal,STABLE
2024-12-13 18:00:00,143259000.0,143400000.0,142964000.0,143145000.0,61.17378221,dead,neutral,low,STABLE
2024-12-13 19:00:00,143145000.0,143774000.0,143000000.0,143530000.0,72.49421945,golden,neutral,normal,STABLE
2024-12-13 20:00:00,143586000.0,143800000.0,143433000.0,143516000.0,72.0636583,golden,neutral,normal,STABLE
2024-12-13 21:00:00,143515000.0,143571000.0,143197000.0,143281000.0,79.69788972,golden,neutral,normal,STABLE
2024-12-13 22:00:00,143281000.0,143536000.0,143000000.0,143204000.0,98.64021437,golden,neutral,normal,UP
2024-12-13 23:00:00,143204000.0,143641000.0,142911000.0,143638000.0,140.19553075,golden,neutral,normal,DOWN
2024-12-14 00:00:00,143638000.0,143900000.0,142700000.0,142921000.0,213.10866639,golden,neutral,normal,UP
2024-12-14 01:00:00,142921000.0,143960000.0,142783000.0,143781000.0,140.54384127,golden,neutral,normal,UP
2024-12-14 02:00:00,143727000.0,144579000.0,143480000.0,144575000.0,195.41457116,golden,neutral,normal,STABLE
2024-12-14 03:00:00,144560000.0,144790000.0,143994000.0,144490000.0,133.85313257,golden,neutral,normal,STABLE
2024-12-14 04:00:00,144490000.0,144621000.0,144258000.0,144493000.0,60.61812467,golden,neutral,normal,STABLE
2024-12-14 05:00:00,144493000.0,144865000.0,144200000.0,144674000.0,73.74003909,golden,neutral,normal,STABLE
2024-12-14 06:00:00,144673000.0,144676000.0,144251000.0,144321000.0,53.71329367,golden,neutral,normal,STABLE
2024-12-14 07:00:00,144321000.0,144498000.0,144144000.0,144409000.0,76.22504121,golden,neutral,normal,STABLE
2024-12-14 08:00:00,144408000.0,144490000.0,144150000.0,144402000.0,62.12629455,golden,neutral,normal,STABLE
2024-12-14 09:00:00,144432000.0,144837000.0,144183000.0,144400000.0,183.01419844,golden,neutral,normal,UP
2024-12-14 10:00:00,144400000.0,146051000.0,144352000.0,145640000.0,623.4290458,golden,neutral,high,STABLE
2024-12-14 11:00:00,145640000.0,145705000.0,145033000.0,145564000.0,192.78211077,golden,neutral,normal,STABLE
2024-12-14 12:00:00,145562000.0,145798000.0,145444000.0,145524000.0,117.40279715,golden,neutral,normal,STABLE
2024-12-14 13:00:00,145523000.0,145561000.0,145060000.0,145133000.0,140.1621769,golden,neutral,normal,STABLE
2024-12-14 14:00:00,145133000.0,145266000.0,144800000.0,144927000.0,133.33365408,golden,neutral,normal,STABLE
2024-12-14 15:00:00,144910000.0,145360000.0,144909000.0,145320000.0,102.21368901,golden,neutral,normal,STABLE
2024-12-14 16:00:00,145320000.0,145599000.0,145120000.0,145527000.0,92.40398906,golden,neutral,normal,STABLE
2024-12-14 17:00:00,145527000.0,145790000.0,145183000.0,145536000.0,148.4025377,golden,neutral,normal,STABLE
2024-12-14 18:00:00,145550000.0,145557000.0,145279000.0,145390000.0,50.23059202,golden,neutral,low,STABLE
2024-12-14 19:00:00,145390000.0,145431000.0,145099000.0,145416000.0,71.96303053,golden,neutral,normal,STABLE
2024-12-14 20:00:00,145416000.0,145565000.0,145350000.0,145544000.0,59.76979412,golden,neutral,low,STABLE
2024-12-14 21:00:00,145545000.0,145606000.0,145100000.0,145170000.0,117.80517952,golden,neutral,normal,STABLE
2024-12-14 22:00:00,145170000.0,145178000.0,143973000.0,144984000.0,409.9443141,golden,neutral,high,UP
2024-12-14 23:00:00,144984000.0,145640000.0,144903000.0,145490000.0,141.74227723,golden,neutral,normal,STABLE
2024-12-15 00:00:00,145463000.0,145900000.0,145286000.0,145850000.0,115.42520163,golden,neutral,normal,STABLE
2024-12-15 01:00:00,145850000.0,145885000.0,145515000.0,145809000.0,76.63361472,golden,neutral,normal,DOWN
2024-12-15 02:00:00,145796000.0,145923000.0,145027000.0,145152000.0,79.95650187,golden,neutral,normal,STABLE
2024-12-15 03:00:00,145152000.0,145431000.0,145148000.0,145319000.0,29.31297974,golden,neutral,low,UP
2024-12-15 04:00:00,145319000.0,145800000.0,145231000.0,145787000.0,36.40993371,golden,neutral,low,DOWN
2024-12-15 05:00:00,145787000.0,145849000.0,145100000.0,145246000.0,68.98087915,golden,neutral,low,STABLE
2024-12-15 06:00:00,145246000.0,145745000.0,145245000.0,145650000.0,46.39629633,golden,neutral,low,STABLE
2024-12-15 07:00:00,145650000.0,145851000.0,145447000.0,145746000.0,52.97582983,golden,neutral,normal,STABLE
2024-12-15 08:00:00,145747000.0,146000000.0,145691000.0,145927000.0,105.06607976,golden,neutral,normal,STABLE
2024-12-15 09:00:00,145927000.0,146248000.0,145684000.0,145963000.0,258.08610191,golden,neutral,high,UP
2024-12-15 10:00:00,145963000.0,146670000.0,145963000.0,146669000.0,182.42136113,golden,neutral,normal,STABLE
2024-12-15 11:00:00,146669000.0,146676000.0,146221000.0,146340000.0,135.19591771,golden,neutral,normal,STABLE
2024-12-15 12:00:00,146323000.0,146474000.0,146220000.0,146356000.0,66.25225744,golden,neutral,normal,UP
2024-12-15 13:00:00,146356000.0,147158000.0,146354000.0,146914000.0,310.14029089,golden,neutral,high,STABLE
2024-12-15 14:00:00,146913000.0,147202000.0,146663000.0,146690000.0,134.47781039,golden,neutral,normal,STABLE
2024-12-15 15:00:00,146680000.0,146748000.0,146300000.0,146301000.0,116.8138397,golden,neutral,normal,STABLE
2024-12-15 16:00:00,146301000.0,146670000.0,146270000.0,146578000.0,117.15759659,golden,neutral,normal,STABLE
2024-12-15 17:00:00,146578000.0,147000000.0,146450000.0,146774000.0,87.5536408,golden,neutral,normal,STABLE
2024-12-15 18:00:00,146775000.0,146912000.0,146699000.0,146861000.0,79.75083643,golden,neutral,normal,STABLE
2024-12-15 19:00:00,146860000.0,146990000.0,146600000.0,146895000.0,85.49616111,golden,neutral,normal,STABLE
2024-12-15 20:00:00,146890000.0,147105000.0,146814000.0,147105000.0,111.23157523,golden,neutral,normal,UP
2024-12-15 21:00:00,147105000.0,149158000.0,147105000.0,148612000.0,980.95866513,golden,overbought,high,DOWN
2024-12-15 22:00:00,148615000.0,148791000.0,147700000.0,147961000.0,389.66481969,golden,neutral,high,STABLE
2024-12-15 23:00:00,147925000.0,148192000.0,147550000.0,147803000.0,189.79003667,golden,neutral,normal,STABLE
2024-12-16 00:00:00,147803000.0,147899000.0,147387000.0,147394000.0,156.14779484,golden,neutral,normal,STABLE
2024-12-16 01:00:00,147387000.0,148200000.0,147250000.0,147823000.0,115.59287449,golden,neutral,normal,STABLE
2024-12-16 02:00:00,147822000.0,148019000.0,147653000.0,147751000.0,37.53657007,golden,neutral,low,STABLE
2024-12-16 03:00:00,147751000.0,148100000.0,147673000.0,148018000.0,29.45447377,golden,neutral,low,STABLE
2024-12-16 04:00:00,148018000.0,148289000.0,148000000.0,148200000.0,42.06611517,golden,neutral,low,STABLE
2024-12-16 05:00:00,148200000.0,148346000.0,148000000.0,148137000.0,50.92217224,golden,neutral,low,STABLE
2024-12-16 06:00:00,148137000.0,148470000.0,147835000.0,148336000.0,112.31706019,golden,neutral,normal,UP
2024-12-16 07:00:00,148261000.0,148810000.0,148104000.0,148799000.0,131.76649203,golden,neutral,normal,STABLE
2024-12-16 08:00:00,148763000.0,150000000.0,148762000.0,149243000.0,759.2188219,golden,overbought,high,UP
2024-12-16 09:00:00,149243000.0,152810000.0,149016000.0,151143000.0,1331.70637406,golden,overbought,high,STABLE
2024-12-16 10:00:00,151170000.0,151507000.0,150168000.0,151276000.0,470.08842976,golden,overbought,normal,DOWN
2024-12-16 11:00:00,151265000.0,151322000.0,150000000.0,150185000.0,345.46818105,golden,neutral,normal,STABLE
2024-12-16 12:00:00,150173000.0,150800000.0,150100000.0,150487000.0,187.08260918,golden,neutral,normal,STABLE
2024-12-16 13:00:00,150487000.0,150507000.0,150166000.0,150303000.0,124.83645775,golden,neutral,low,UP
2024-12-16 14:00:00,150300000.0,151350000.0,150120000.0,151249000.0,221.87580938,golden,overbought,normal,STABLE
2024-12-16 15:00:00,151200000.0,151690000.0,151048000.0,151222000.0,179.31077313,golden,overbought,normal,STABLE
2024-12-16 16:00:00,151220000.0,151700000.0,151204000.0,151371000.0,152.70307842,golden,overbought,normal,STABLE
2024-12-16 17:00:00,151365000.0,151495000.0,150953000.0,151002000.0,150.2385861,golden,neutral,normal,STABLE
2024-12-16 18:00:00,151002000.0,151490000.0,151001000.0,151399000.0,112.80691264,golden,neutral,low,STABLE
2024-12-16 19:00:00,151396000.0,151424000.0,151005000.0,151330000.0,106.13869373,golden,neutral,low,DOWN
2024-12-16 20:00:00,151329000.0,151593000.0,150104000.0,150816000.0,303.44190364,golden,neutral,normal,STABLE
2024-12-16 21:00:00,150755000.0,151111000.0,150015000.0,150562000.0,274.74217358,golden,neutral,normal,STABLE
2024-12-16 22:00:00,150500000.0,151000000.0,150352000.0,150740000.0,163.61481492,golden,neutral,normal,UP
2024-12-16 23:00:00,150738000.0,153213000.0,150708000.0,152451000.0,537.80513755,golden,overbought,normal,UP
2024-12-17 00:00:00,152454000.0,154000000.0,152260000.0,153921000.0,700.34623476,golden,overbought,high,DOWN
2024-12-17 01:00:00,153920000.0,154000000.0,152880000.0,153384000.0,442.37940689,golden,overbought,normal,STABLE
2024-12-17 02:00:00,153384000.0,153804000.0,153017000.0,153399000.0,181.60304138,golden,overbought,normal,STABLE
2024-12-17 03:00:00,153379000.0,154924000.0,153282000.0,153794000.0,304.20171392,golden,overbought,normal,STABLE
2024-12-17 04:00:00,153794000.0,153820000.0,152640000.0,153654000.0,200.99020899,golden,overbought,normal,DOWN
2024-12-17 05:00:00,153654000.0,153698000.0,152855000.0,152905000.0,117.88491659,golden,neutral,low,UP
2024-12-17 06:00:00,152909000.0,153482000.0,152733000.0,153400000.0,140.1653214,golden,neutral,normal,STABLE
2024-12-17 07:00:00,153338000.0,153498000.0,152760000.0,153007000.0,183.30619256,golden,neutral,normal,STABLE
2024-12-17 08:00:00,153000000.0,153450000.0,152732000.0,153403000.0,195.88073953,golden,neutral,normal,STABLE
2024-12-17 09:00:00,153403000.0,154000000.0,152885000.0,153510000.0,384.53898156,golden,neutral,normal,UP
2024-12-17 10:00:00,153509000.0,154600000.0,153250000.0,154587000.0,316.7357616,golden,overbought,normal,STABLE
2024-12-17 11:00:00,154587000.0,154890000.0,154300000.0,154377000.0,309.59662238,golden,neutral,normal,UP
2024-12-17 12:00:00,154372000.0,155000000.0,154371000.0,154937000.0,250.5414404,golden,overbought,normal,STABLE
2024-12-17 13:00:00,154931000.0,154950000.0,154500000.0,154599000.0,182.67247231,golden,neutral,normal,STABLE
2024-12-17 14:00:00,154598000.0,154793000.0,154552000.0,154698000.0,111.52255473,golden,neutral,low,STABLE
2024-12-17 15:00:00,154698000.0,154710000.0,154380000.0,154554000.0,151.70861417,golden,neutral,normal,UP
2024-12-17 16:00:00,154551000.0,155223000.0,154437000.0,155075000.0,253.26164166,golden,neutral,normal,UP
2024-12-17 17:00:00,155075000.0,155999000.0,155008000.0,155738000.0,291.0467399,golden,overbought,normal,STABLE
2024-12-17 18:00:00,155738000.0,155960000.0,155529000.0,155631000.0,228.50169198,golden,overbought,normal,STABLE
2024-12-17 19:00:00,155630000.0,155632000.0,154872000.0,155517000.0,332.96650393,golden,neutral,normal,DOWN
2024-12-17 20:00:00,155517000.0,155528000.0,154460000.0,154800000.0,268.1835013,golden,neutral,normal,STABLE
2024-12-17 21:00:00,154794000.0,155000000.0,154484000.0,154961000.0,201.7849621,golden,neutral,normal,STABLE
2024-12-17 22:00:00,154961000.0,155853000.0,154760000.0,155404000.0,249.80289169,golden,neutral,normal,UP
2024-12-17 23:00:00,155400000.0,157198000.0,155283000.0,157175000.0,544.04034922,golden,overbought,high,DOWN
2024-12-18 00:00:00,157151000.0,157175000.0,154345000.0,155208000.0,755.97089465,golden,neutral,high,STABLE
2024-12-18 01:00:00,155205000.0,155655000.0,154795000.0,155600000.0,191.24006682,golden,neutral,normal,STABLE
2024-12-18 02:00:00,155600000.0,156000000.0,155171000.0,155800000.0,102.37089383,golden,neutral,low,DOWN
2024-12-18 03:00:00,155800000.0,155940000.0,155099000.0,155316000.0,73.50684932,golden,neutral,low,STABLE
2024-12-18 04:00:00,155309000.0,155830000.0,155077000.0,155370000.0,57.77538416,golden,neutral,low,STABLE
2024-12-18 05:00:00,155361000.0,155714000.0,155000000.0,155689000.0,77.49559021,golden,neutral,low,DOWN
2024-12-18 06:00:00,155649000.0,155708000.0,155036000.0,155169000.0,75.84933779,golden,neutral,low,STABLE
2024-12-18 07:00:00,155168000.0,155200000.0,153050000.0,154990000.0,510.45789646,dead,neutral,high,STABLE
2024-12-18 08:00:00,154970000.0,155348000.0,154199000.0,155223000.0,264.70870123,dead,neutral,normal,STABLE
2024-12-18 09:00:00,155222000.0,155949000.0,153789000.0,155010000.0,503.36027366,dead,neutral,normal,DOWN
2024-12-18 10:00:00,155002000.0,155566000.0,153980000.0,154396000.0,277.09027862,dead,neutral,normal,DOWN
2024-12-18 11:00:00,154396000.0,154700000.0,153850000.0,153865000.0,233.81362873,dead,neutral,normal,STABLE
2024-12-18 12:00:00,153867000.0,153870000.0,153000000.0,153452000.0,366.39036078,dead,neutral,normal,DOWN
2024-12-18 13:00:00,153451000.0,153452000.0,150348000.0,152200000.0,1059.5284092,dead,neutral,high,STABLE
2024-12-18 14:00:00,152200000.0,152800000.0,151382000.0,151994000.0,356.37406487,dead,neutral,normal,STABLE
2024-12-18 15:00:00,151905000.0,152500000.0,151524000.0,152185000.0,167.90181347,dead,neutral,normal,UP
2024-12-18 16:00:00,152186000.0,153372000.0,151999000.0,153257000.0,171.2725025,dead,neutral,normal,DOWN
2024-12-18 17:00:00,153257000.0,153319000.0,152050000.0,152159000.0,162.29368081,dead,neutral,normal,UP
2024-12-18 18:00:00,152159000.0,153200000.0,152139000.0,152650000.0,126.88910581,dead,neutral,low,UP
2024-12-18 19:00:00,152650000.0,153493000.0,152540000.0,153397000.0,125.2153483,dead,neutral,low,UP
2024-12-18 20:00:00,153397000.0,154350000.0,153379000.0,154148000.0,228.54962879,dead,neutral,normal,STABLE
2024-12-18 21:00:00,154149000.0,154927000.0,153551000.0,154225000.0,310.91534767,dead,neutral,normal,DOWN
2024-12-18 22:00:00,154220000.0,154820000.0,153700000.0,153762000.0,141.29278967,dead,neutral,normal,STABLE
2024-12-18 23:00:00,153762000.0,154199000.0,152825000.0,153302000.0,200.77557471,dead,neutral,normal,UP
2024-12-19 00:00:00,153151000.0,154427000.0,153000000.0,154350000.0,147.56066695,golden,neutral,normal,STABLE
2024-12-19 01:00:00,154350000.0,154400000.0,153296000.0,154000000.0,101.58838978,golden,neutral,low,STABLE
2024-12-19 02:00:00,154000000.0,154750000.0,153732000.0,154375000.0,75.7295304,golden,neutral,low,STABLE
2024-12-19 03:00:00,154374000.0,154522000.0,153604000.0,154460000.0,65.30701825,golden,neutral,low,DOWN
2024-12-19 04:00:00,154460000.0,154527000.0,152603000.0,153191000.0,274.44680738,golden,neutral,normal,DOWN
2024-12-19 05:00:00,153190000.0,154500000.0,150525000.0,150900000.0,984.92209294,golden,neutral,high,STABLE
2024-12-19 06:00:00,150902000.0,152000000.0,150510000.0,151099000.0,430.34815057,dead,neutral,normal,STABLE
2024-12-19 07:00:00,151098000.0,151496000.0,149000000.0,150677000.0,969.26842952,dead,neutral,high,DOWN
2024-12-19 08:00:00,150724000.0,150812000.0,147189000.0,147754000.0,1129.98881019,dead,oversold,high,UP
2024-12-19 09:00:00,147753000.0,150850000.0,147322000.0,150378000.0,990.60426131,dead,neutral,high,DOWN
2024-12-19 10:00:00,150378000.0,150500000.0,148670000.0,148982000.0,329.34576874,dead,neutral,normal,UP
2024-12-19 11:00:00,148980000.0,150230000.0,147500000.0,149825000.0,931.32539145,dead,neutral,high,UP
2024-12-19 12:00:00,149825000.0,152340000.0,149730000.0,152300000.0,711.22301646,dead,neutral,normal,DOWN
2024-12-19 13:00:00,152300000.0,152315000.0,150700000.0,150700000.0,242.45765554,dead,neutral,normal,UP
2024-12-19 14:00:00,150700000.0,151931000.0,150600000.0,151336000.0,163.65844069,dead,neutral,low,STABLE
2024-12-19 15:00:00,151348000.0,151467000.0,150940000.0,151211000.0,116.91902532,dead,neutral,low,UP
2024-12-19 16:00:00,151202000.0,151756000.0,151014000.0,151744000.0,120.60919179,dead,neutral,low,STABLE
2024-12-19 17:00:00,151744000.0,152149000.0,151436000.0,152002000.0,125.77741937,dead,neutral,low,STABLE
2024-12-19 18:00:00,152001000.0,152351000.0,151900000.0,152171000.0,145.05288008,dead,neutral,low,UP
2024-12-19 19:00:00,152006000.0,153299000.0,151999000.0,152990000.0,239.37014838,golden,neutral,normal,STABLE
2024-12-19 20:00:00,152990000.0,153050000.0,152400000.0,152678000.0,139.05411078,golden,neutral,low,DOWN
2024-12-19 21:00:00,152678000.0,152752000.0,151270000.0,151474000.0,202.10452757,golden,neutral,low,STABLE
2024-12-19 22:00:00,151475000.0,152117000.0,151460000.0,151610000.0,118.50268968,golden,neutral,low,DOWN
2024-12-19 23:00:00,151705000.0,152792000.0,150700000.0,150835000.0,246.54813131,golden,neutral,normal,STABLE
2024-12-20 00:00:00,150845000.0,151199000.0,149100000.0,150505000.0,542.73691335,golden,neutral,normal,STABLE
2024-12-20 01:00:00,150505000.0,151100000.0,149500000.0,150470000.0,144.38931353,dead,neutral,low,DOWN
2024-12-20 02:00:00,150470000.0,150473000.0,148821000.0,149734000.0,255.00598253,dead,neutral,normal,DOWN
2024-12-20 03:00:00,149734000.0,149829000.0,147872000.0,149216000.0,400.7173449,dead,neutral,normal,DOWN
2024-12-20 04:00:00,149216000.0,149265000.0,146500000.0,147434000.0,504.14248379,dead,neutral,normal,DOWN
2024-12-20 05:00:00,147430000.0,147500000.0,145314000.0,145869000.0,593.3451659,dead,oversold,normal,UP
2024-12-20 06:00:00,145869000.0,148756000.0,145000000.0,147001000.0,553.48746114,dead,neutral,normal,UP
2024-12-20 07:00:00,147001000.0,149196000.0,146545000.0,149139000.0,377.24779426,dead,neutral,normal,DOWN
2024-12-20 08:00:00,149139000.0,149499000.0,147474000.0,147474000.0,278.26760728,dead,neutral,normal,DOWN
2024-12-20 09:00:00,147474000.0,148188000.0,145723000.0,146436000.0,690.72842402,dead,neutral,high,DOWN
2024-12-20 10:00:00,146436000.0,146800000.0,145000000.0,145001000.0,505.80207112,dead,neutral,normal,UP
2024-12-20 11:00:00,145000000.0,146938000.0,144615000.0,146794000.0,530.6920819,dead,neutral,normal,DOWN
2024-12-20 12:00:00,146761000.0,146800000.0,145672000.0,145974000.0,194.89104544,dead,neutral,normal,STABLE
2024-12-20 13:00:00,145960000.0,146900000.0,145668000.0,146287000.0,209.53224246,dead,neutral,normal,DOWN
2024-12-20 14:00:00,146287000.0,146593000.0,145341000.0,145345000.0,189.68358503,dead,neutral,normal,UP
2024-12-20 15:00:00,145345000.0,146029000.0,145000000.0,145998000.0,233.19017247,dead,neutral,normal,STABLE
2024-12-20 16:00:00,145998000.0,147330000.0,145980000.0,146400000.0,304.13685982,dead,neutral,normal,DOWN
2024-12-20 17:00:00,146400000.0,146649000.0,144112000.0,144127000.0,488.35907887,dead,neutral,normal,DOWN
2024-12-20 18:00:00,144120000.0,144409000.0,142400000.0,142432000.0,960.35559629,dead,neutral,high,STABLE
2024-12-20 19:00:00,142427000.0,143950000.0,140523000.0,142767000.0,1242.92549452,dead,neutral,high,DOWN
2024-12-20 20:00:00,142767000.0,143191000.0,139800000.0,141008000.0,1200.75929286,dead,oversold,high,UP
2024-12-20 21:00:00,141007000.0,143542000.0,139840000.0,142608000.0,1026.00103319,dead,neutral,normal,UP
2024-12-20 22:00:00,142608000.0,145790000.0,141666000.0,144198000.0,859.03203708,dead,neutral,normal,UP
2024-12-20 23:00:00,144166000.0,145404000.0,143476000.0,144661000.0,503.72572509,dead,neutral,normal,UP
2024-12-21 00:00:00,144662000.0,148388000.0,144606000.0,146675000.0,746.0076892,dead,neutral,normal,DOWN
2024-12-21 01:00:00,146674000.0,147910000.0,145624000.0,146195000.0,367.39398086,dead,neutral,normal,STABLE
2024-12-21 02:00:00,146195000.0,146800000.0,145686000.0,146450000.0,117.66745098,golden,neutral,low,DOWN
2024-12-21 03:00:00,146450000.0,146530000.0,145610000.0,145901000.0,66.48236673,golden,neutral,low,STABLE
2024-12-21 04:00:00,146019000.0,147167000.0,145781000.0,146117000.0,135.58686773,golden,neutral,low,DOWN
2024-12-21 05:00:00,146117000.0,146399000.0,145255000.0,145270000.0,120.66668932,golden,neutral,low,UP
2024-12-21 06:00:00,145266000.0,145766000.0,143669000.0,145739000.0,205.44800681,golden,neutral,low,UP
2024-12-21 07:00:00,145739000.0,147796000.0,145518000.0,147788000.0,259.43970715,golden,neutral,normal,STABLE
2024-12-21 08:00:00,147788000.0,148460000.0,147533000.0,148138000.0,408.8387065,golden,neutral,normal,DOWN
2024-12-21 09:00:00,148138000.0,148405000.0,146500000.0,147605000.0,350.9466945,golden,neutral,normal,STABLE
2024-12-21 10:00:00,147605000.0,148113000.0,147030000.0,147350000.0,201.16067522,golden,neutral,low,STABLE
2024-12-21 11:00:00,147321000.0,147475000.0,146961000.0,147000000.0,113.2031179,golden,neutral,low,STABLE
2024-12-21 12:00:00,147000000.0,147063000.0,146622000.0,146959000.0,107.33694076,golden,neutral,low,STABLE
2024-12-21 13:00:00,146959000.0,147135000.0,146650000.0,146848000.0,109.33722589,golden,neutral,low,UP
2024-12-21 14:00:00,146848000.0,148500000.0,146700000.0,148334000.0,226.0061925,golden,neutral,normal,STABLE
2024-12-21 15:00:00,148334000.0,148497000.0,147610000.0,148188000.0,308.28611404,golden,neutral,normal,UP
2024-12-21 16:00:00,148188000.0,149700000.0,147800000.0,148901000.0,361.62731095,golden,neutral,normal,STABLE
2024-12-21 17:00:00,148900000.0,149209000.0,147600000.0,148476000.0,306.81066428,golden,neutral,normal,STABLE
2024-12-21 18:00:00,148476000.0,148489000.0,147650000.0,148321000.0,131.83869126,golden,neutral,normal,DOWN
2024-12-21 19:00:00,148321000.0,148445000.0,147747000.0,147809000.0,82.98307011,golden,neutral,low,STABLE
2024-12-21 20:00:00,147809000.0,148130000.0,147360000.0,147822000.0,112.66893539,golden,neutral,normal,DOWN
2024-12-21 21:00:00,147822000.0,147865000.0,146300000.0,146324000.0,256.67350127,golden,neutral,normal,UP
2024-12-21 22:00:00,146307000.0,147267000.0,145249000.0,147189000.0,367.67476244,golden,neutral,normal,STABLE
2024-12-21 23:00:00,147233000.0,147800000.0,146827000.0,146851000.0,132.59144016,dead,neutral,normal,UP
2024-12-22 00:00:00,146830000.0,147699000.0,146789000.0,147441000.0,60.53996683,dead,neutral,low,STABLE
2024-12-22 01:00:00,147441000.0,147700000.0,146668000.0,147252000.0,75.10695998,dead,neutral,low,STABLE
2024-12-22 02:00:00,147252000.0,147707000.0,147094000.0,147686000.0,42.83789054,dead,neutral,low,STABLE
2024-12-22 03:00:00,147603000.0,147920000.0,147438000.0,147851000.0,35.2267933,dead,neutral,low,STABLE
2024-12-22 04:00:00,147850000.0,147897000.0,147294000.0,147756000.0,49.36804883,dead,neutral,low,STABLE
2024-12-22 05:00:00,147781000.0,148448000.0,147654000.0,147872000.0,77.03297234,golden,neutral,low,STABLE
2024-12-22 06:00:00,147872000.0,148000000.0,147020000.0,147450000.0,54.67107355,golden,neutral,low,STABLE
2024-12-22 07:00:00,147450000.0,147895000.0,147160000.0,147530000.0,57.7704534,golden,neutral,low,STABLE
2024-12-22 08:00:00,147511000.0,147845000.0,147264000.0,147830000.0,92.54855772,golden,neutral,normal,STABLE
2024-12-22 09:00:00,147836000.0,147950000.0,147450000.0,147570000.0,120.15599873,dead,neutral,normal,STABLE
2024-12-22 10:00:00,147570000.0,147696000.0,147000000.0,147322000.0,101.30927803,dead,neutral,normal,DOWN
2024-12-22 11:00:00,147322000.0,147424000.0,146080000.0,146422000.0,142.92700352,dead,neutral,normal,STABLE
2024-12-22 12:00:00,146442000.0,147324000.0,146250000.0,146744000.0,83.09053767,dead,neutral,normal,DOWN
2024-12-22 13:00:00,146745000.0,146748000.0,145980000.0,145990000.0,98.77744563,dead,neutral,normal,STABLE
2024-12-22 14:00:00,145990000.0,146246000.0,145598000.0,145677000.0,151.28993118,dead,neutral,normal,UP
2024-12-22 15:00:00,145677000.0,146507000.0,145560000.0,146499000.0,79.12012544,dead,neutral,normal,DOWN
2024-12-22 16:00:00,146499000.0,146600000.0,145610000.0,145716000.0,81.21783128,dead,neutral,normal,UP
2024-12-22 17:00:00,145716000.0,146419000.0,145705000.0,146292000.0,80.73100669,dead,neutral,normal,STABLE
2024-12-22 18:00:00,146290000.0,147000000.0,146016000.0,146470000.0,93.69673321,dead,neutral,normal,STABLE
2024-12-22 19:00:00,146470000.0,146998000.0,146320000.0,146563000.0,77.36176305,dead,neutral,normal,STABLE
2024-12-22 20:00:00,146563000.0,146906000.0,146214000.0,146271000.0,54.40777515,dead,neutral,normal,STABLE
2024-12-22 21:00:00,146292000.0,146671000.0,145932000.0,146361000.0,80.98350681,dead,neutral,normal,STABLE
2024-12-22 22:00:00,146277000.0,146821000.0,146270000.0,146477000.0,73.51494378,dead,neutral,normal,DOWN
2024-12-22 23:00:00,146477000.0,146632000.0,145005000.0,145100000.0,313.12947882,dead,neutral,high,STABLE
2024-12-23 00:00:00,145010000.0,145437000.0,144500000.0,144905000.0,266.80211042,dead,neutral,high,STABLE
2024-12-23 01:00:00,144905000.0,145328000.0,144616000.0,145000000.0,92.92756713,dead,neutral,normal,STABLE
2024-12-23 02:00:00,145105000.0,145199000.0,144650000.0,144718000.0,44.12761257,dead,neutral,low,UP
2024-12-23 03:00:00,144775000.0,145762000.0,144510000.0,145200000.0,50.4773729,dead,neutral,low,DOWN
2024-12-23 04:00:00,145201000.0,145454000.0,144330000.0,144654000.0,76.83043486,dead,neutral,normal,UP
2024-12-23 05:00:00,144642000.0,145470000.0,144310000.0,145401000.0,102.82570471,dead,neutral,normal,DOWN
2024-12-23 06:00:00,145402000.0,145402000.0,144320000.0,144515000.0,58.23850291,dead,neutral,normal,UP
2024-12-23 07:00:00,144520000.0,145200000.0,143850000.0,145199000.0,171.29149767,dead,neutral,normal,STABLE
2024-12-23 08:00:00,145188000.0,145481000.0,144310000.0,144800000.0,109.84077314,dead,neutral,normal,DOWN
2024-12-23 09:00:00,144802000.0,144919000.0,143357000.0,143357000.0,289.56769153,dead,neutral,high,STABLE
2024-12-23 10:00:00,143368000.0,144100000.0,142118000.0,143166000.0,447.13771604,dead,neutral,high,STABLE
2024-12-23 11:00:00,143052000.0,143576000.0,142290000.0,143570000.0,197.73684268,dead,neutral,normal,UP
2024-12-23 12:00:00,143576000.0,145260000.0,143307000.0,145204000.0,228.91874795,dead,neutral,normal,STABLE
2024-12-23 13:00:00,145204000.0,146200000.0,144400000.0,144901000.0,290.01587249,dead,neutral,normal,STABLE
2024-12-23 14:00:00,144901000.0,145065000.0,144200000.0,144500000.0,85.88862225,dead,neutral,normal,DOWN
2024-12-23 15:00:00,144515000.0,144600000.0,143668000.0,143786000.0,117.47701703,dead,neutral,normal,UP
2024-12-23 16:00:00,143749000.0,144730000.0,143730000.0,144506000.0,71.13537018,dead,neutral,low,STABLE
2024-12-23 17:00:00,144506000.0,144545000.0,143800000.0,144440000.0,54.29425381,dead,neutral,low,UP
2024-12-23 18:00:00,144440000.0,145200000.0,144300000.0,145084000.0,122.43329034,dead,neutral,normal,UP
2024-12-23 19:00:00,145084000.0,145545000.0,144970000.0,145541000.0,100.58613244,golden,neutral,normal,DOWN
2024-12-23 20:00:00,145541000.0,145658000.0,144708000.0,144871000.0,73.92282658,golden,neutral,normal,UP
2024-12-23 21:00:00,144885000.0,145357000.0,144871000.0,145341000.0,72.19047096,golden,neutral,normal,DOWN
2024-12-23 22:00:00,145341000.0,145341000.0,143684000.0,143685000.0,154.74269318,golden,neutral,normal,STABLE
2024-12-23 23:00:00,143685000.0,144490000.0,142610000.0,143337000.0,249.38361553,golden,neutral,normal,DOWN
2024-12-24 00:00:00,143330000.0,143337000.0,141698000.0,141754000.0,375.33267017,dead,neutral,high,UP
2024-12-24 01:00:00,141754000.0,142750000.0,141380000.0,142545000.0,213.44066414,dead,neutral,normal,DOWN
2024-12-24 02:00:00,142524000.0,142578000.0,141349000.0,141539000.0,134.82674558,dead,neutral,normal,DOWN
2024-12-24 03:00:00,141540000.0,141987000.0,141000000.0,141001000.0,122.05917672,dead,neutral,normal,STABLE
2024-12-24 04:00:00,141001000.0,141990000.0,141000000.0,141024000.0,115.13362496,dead,neutral,normal,STABLE
2024-12-24 05:00:00,141011000.0,141347000.0,140487000.0,140959000.0,293.6228453,dead,neutral,normal,UP
2024-12-24 06:00:00,140955000.0,142360000.0,140955000.0,141534000.0,402.71261576,dead,neutral,high,UP
2024-12-24 07:00:00,141501000.0,143500000.0,141432000.0,143489000.0,296.87769154,dead,neutral,normal,DOWN
2024-12-24 08:00:00,143489000.0,144094000.0,142612000.0,142901000.0,403.85333655,dead,neutral,high,DOWN
2024-12-24 09:00:00,142901000.0,143000000.0,141626000.0,142204000.0,242.75486379,dead,neutral,normal,DOWN
2024-12-24 10:00:00,142204000.0,142449000.0,141455000.0,141509000.0,170.8475757,dead,neutral,normal,STABLE
2024-12-24 11:00:00,141509000.0,141850000.0,141000000.0,141308000.0,167.01395476,dead,neutral,normal,UP
2024-12-24 12:00:00,141350000.0,141800000.0,141284000.0,141771000.0,77.63496699,dead,neutral,low,STABLE
2024-12-24 13:00:00,141771000.0,141800000.0,141410000.0,141765000.0,83.20912467,dead,neutral,low,STABLE
2024-12-24 14:00:00,141707000.0,142198000.0,141700000.0,142149000.0,118.88318334,dead,neutral,normal,DOWN
2024-12-24 15:00:00,142141000.0,142150000.0,141221000.0,141222000.0,82.83174054,dead,neutral,low,UP
2024-12-24 16:00:00,141222000.0,141836000.0,141220000.0,141712000.0,78.88806805,dead,neutral,low,STABLE
2024-12-24 17:00:00,141712000.0,142150000.0,141640000.0,142103000.0,78.06384485,dead,neutral,low,STABLE
2024-12-24 18:00:00,142109000.0,142109000.0,141610000.0,141699000.0,56.29926139,dead,neutral,low,STABLE
2024-12-24 19:00:00,141700000.0,141848000.0,141401000.0,141709000.0,66.82529317,dead,neutral,low,STABLE
2024-12-24 20:00:00,141700000.0,142101000.0,141680000.0,142019000.0,71.60983224,golden,neutral,low,STABLE
2024-12-24 21:00:00,142019000.0,142022000.0,141729000.0,141959000.0,62.7482814,golden,neutral,low,UP
2024-12-24 22:00:00,141959000.0,144672000.0,141863000.0,144378000.0,432.05814023,golden,neutral,high,UP
2024-12-24 23:00:00,144383000.0,146520000.0,143979000.0,146290000.0,753.44237753,golden,neutral,high,UP
2024-12-25 00:00:00,146260000.0,146998000.0,145720000.0,146998000.0,403.92078327,golden,overbought,normal,STABLE
2024-12-25 01:00:00,146998000.0,147433000.0,146425000.0,147150000.0,302.11412349,golden,overbought,normal,STABLE
2024-12-25 02:00:00,147150000.0,147872000.0,146925000.0,147537000.0,171.53046584,golden,overbought,normal,DOWN
2024-12-25 03:00:00,147380000.0,148148000.0,146800000.0,147031000.0,144.74287138,golden,neutral,normal,DOWN
2024-12-25 04:00:00,147049000.0,147193000.0,145324000.0,145334000.0,190.42405904,golden,neutral,normal,STABLE
2024-12-25 05:00:00,145327000.0,146449000.0,145008000.0,145509000.0,182.83222269,golden,neutral,normal,UP
2024-12-25 06:00:00,145511000.0,147140000.0,145507000.0,147002000.0,107.86945473,golden,neutral,normal,STABLE
2024-12-25 07:00:00,147002000.0,147640000.0,146562000.0,147079000.0,131.46345266,golden,neutral,normal,STABLE
2024-12-25 08:00:00,147079000.0,147400000.0,146470000.0,146831000.0,155.32305015,golden,neutral,normal,STABLE
2024-12-25 09:00:00,146832000.0,147059000.0,146312000.0,146417000.0,179.62531826,golden,neutral,normal,DOWN
2024-12-25 10:00:00,146417000.0,146653000.0,145856000.0,145966000.0,128.18194646,golden,neutral,normal,STABLE
2024-12-25 11:00:00,145957000.0,145986000.0,145397000.0,145757000.0,162.98580374,golden,neutral,normal,STABLE
2024-12-25 12:00:00,145757000.0,145918000.0,145395000.0,145633000.0,140.36282463,golden,neutral,normal,UP
2024-12-25 13:00:00,145634000.0,146288000.0,145500000.0,146218000.0,112.64074032,golden,neutral,normal,STABLE
2024-12-25 14:00:00,146218000.0,146532000.0,146118000.0,146488000.0,94.83688418,golden,neutral,low,DOWN
2024-12-25 15:00:00,146487000.0,147000000.0,146000000.0,146000000.0,111.63589843,golden,neutral,normal,STABLE
2024-12-25 16:00:00,146050000.0,146650000.0,146000000.0,146402000.0,65.7562383,golden,neutral,low,STABLE
2024-12-25 17:00:00,146402000.0,146655000.0,146265000.0,146479000.0,51.99924756,dead,neutral,low,UP
2024-12-25 18:00:00,146479000.0,147000000.0,146380000.0,147000000.0,73.26574948,golden,neutral,low,STABLE
2024-12-25 19:00:00,147000000.0,148500000.0,146771000.0,147329000.0,416.47830513,golden,neutral,high,DOWN
2024-12-25 20:00:00,147329000.0,147834000.0,146586000.0,146689000.0,140.08598033,golden,neutral,normal,STABLE
2024-12-25 21:00:00,146721000.0,147710000.0,146400000.0,147095000.0,190.14368444,golden,neutral,normal,STABLE
2024-12-25 22:00:00,147043000.0,147568000.0,146802000.0,147363000.0,109.77839926,golden,neutral,normal,STABLE
2024-12-25 23:00:00,147315000.0,147779000.0,147136000.0,147677000.0,106.76910126,golden,neutral,normal,STABLE
2024-12-26 00:00:00,147677000.0,147832000.0,147150000.0,147664000.0,96.28906322,golden,neutral,normal,STABLE
2024-12-26 01:00:00,147664000.0,147799000.0,147160000.0,147781000.0,69.36476217,golden,neutral,normal,STABLE
2024-12-26 02:00:00,147680000.0,147884000.0,147300000.0,147883000.0,39.63471814,golden,neutral,low,STABLE
2024-12-26 03:00:00,147883000.0,148250000.0,147700000.0,147716000.0,82.81260663,golden,neutral,normal,STABLE
2024-12-26 04:00:00,147856000.0,148400000.0,147716000.0,148096000.0,60.46834642,golden,neutral,low,STABLE
2024-12-26 05:00:00,148096000.0,148500000.0,147875000.0,148159000.0,79.9871104,golden,neutral,normal,DOWN
2024-12-26 06:00:00,148189000.0,148566000.0,147158000.0,147241000.0,112.80729673,golden,neutral,normal,STABLE
2024-12-26 07:00:00,147241000.0,147885000.0,147154000.0,147545000.0,124.13765975,golden,neutral,normal,UP
2024-12-26 08:00:00,147545000.0,148400000.0,147545000.0,148081000.0,161.40678061,golden,neutral,normal,STABLE
2024-12-26 09:00:00,148216000.0,149000000.0,147670000.0,147966000.0,343.48480647,golden,neutral,high,STABLE
2024-12-26 10:00:00,147961000.0,148320000.0,147579000.0,148088000.0,130.65370492,golden,neutral,normal,STABLE
2024-12-26 11:00:00,148145000.0,148367000.0,147600000.0,147999000.0,95.45098049,golden,neutral,normal,STABLE
2024-12-26 12:00:00,147999000.0,148330000.0,147850000.0,148186000.0,92.08943605,golden,neutral,normal,DOWN
2024-12-26 13:00:00,148186000.0,148200000.0,147014000.0,147014000.0,156.62507775,golden,neutral,normal,STABLE
2024-12-26 14:00:00,147014000.0,147209000.0,146520000.0,147204000.0,144.07970283,golden,neutral,normal,DOWN
2024-12-26 15:00:00,147204000.0,147206000.0,146263000.0,146536000.0,129.91685283,dead,neutral,normal,DOWN
2024-12-26 16:00:00,146536000.0,146911000.0,146023000.0,146068000.0,97.44333031,dead,neutral,normal,DOWN
2024-12-26 17:00:00,146040000.0,146074000.0,143560000.0,144162000.0,705.74494698,dead,oversold,high,DOWN
2024-12-26 18:00:00,144162000.0,144330000.0,143247000.0,143480000.0,244.17957263,dead,oversold,normal,STABLE
2024-12-26 19:00:00,143480000.0,144350000.0,143175000.0,143800000.0,213.52888205,dead,neutral,normal,STABLE
2024-12-26 20:00:00,143800000.0,144657000.0,143763000.0,144193000.0,109.59580467,dead,neutral,normal,STABLE
2024-12-26 21:00:00,144193000.0,144194000.0,143630000.0,143774000.0,119.52749835,dead,neutral,normal,STABLE
2024-12-26 22:00:00,143717000.0,144064000.0,143303000.0,143984000.0,143.91598638,dead,neutral,normal,STABLE
2024-12-26 23:00:00,143984000.0,144951000.0,143601000.0,143952000.0,174.51456071,dead,neutral,normal,UP
2024-12-27 00:00:00,143992000.0,144800000.0,143599000.0,144598000.0,94.98624309,dead,neutral,normal,UP
2024-12-27 01:00:00,144598000.0,145260000.0,144228000.0,145205000.0,98.85392961,dead,neutral,normal,DOWN
2024-12-27 02:00:00,145205000.0,145245000.0,144321000.0,144567000.0,49.97900482,dead,neutral,low,STABLE
2024-12-27 03:00:00,144566000.0,144784000.0,144163000.0,144243000.0,30.7334891,dead,neutral,low,UP
2024-12-27 04:00:00,144379000.0,144950000.0,144035000.0,144810000.0,30.15887419,dead,neutral,low,DOWN
2024-12-27 05:00:00,144810000.0,144837000.0,144065000.0,144364000.0,36.74287544,dead,neutral,low,STABLE
2024-12-27 06:00:00,144276000.0,144600000.0,144027000.0,144600000.0,47.58870337,dead,neutral,low,STABLE
2024-12-27 07:00:00,144600000.0,144700000.0,144047000.0,144424000.0,53.62175191,dead,neutral,low,STABLE
2024-12-27 08:00:00,144423000.0,144499000.0,143973000.0,144076000.0,89.36841479,dead,neutral,normal,STABLE
2024-12-27 09:00:00,144016000.0,144456000.0,143001000.0,144067000.0,253.27008314,dead,neutral,normal,UP
2024-12-27 10:00:00,144066000.0,144900000.0,143795000.0,144508000.0,147.66618735,dead,neutral,normal,UP
2024-12-27 11:00:00,144566000.0,145990000.0,144502000.0,145130000.0,253.55111306,golden,neutral,normal,STABLE
2024-12-27 12:00:00,145072000.0,145500000.0,144947000.0,145182000.0,88.16362903,golden,neutral,normal,STABLE
2024-12-27 13:00:00,145244000.0,145440000.0,144736000.0,144771000.0,72.2288779,golden,neutral,normal,STABLE
2024-12-27 14:00:00,144773000.0,144884000.0,144120000.0,144452000.0,95.63087479,golden,neutral,normal,STABLE
2024-12-27 15:00:00,144455000.0,144860000.0,144247000.0,144860000.0,70.54323144,golden,neutral,normal,DOWN
2024-12-27 16:00:00,144861000.0,144878000.0,142550000.0,143201000.0,267.69781972,golden,neutral,high,UP
2024-12-27 17:00:00,143201000.0,144750000.0,143136000.0,143752000.0,163.32806903,dead,neutral,normal,UP
2024-12-27 18:00:00,143752000.0,146117000.0,143701000.0,144857000.0,303.53740827,dead,neutral,high,STABLE
2024-12-27 19:00:00,144811000.0,145371000.0,144404000.0,144940000.0,71.99063248,dead,neutral,normal,STABLE
2024-12-27 20:00:00,145055000.0,145284000.0,144731000.0,145284000.0,62.98448628,dead,neutral,normal,DOWN
2024-12-27 21:00:00,145284000.0,145499000.0,144704000.0,144733000.0,78.95253595,golden,neutral,normal,STABLE
2024-12-27 22:00:00,144734000.0,144919000.0,144445000.0,144632000.0,76.73568886,golden,neutral,normal,DOWN
2024-12-27 23:00:00,144675000.0,144800000.0,143245000.0,143797000.0,161.44319363,golden,neutral,normal,DOWN
2024-12-28 00:00:00,143857000.0,143860000.0,142005000.0,142681000.0,366.47503406,dead,neutral,high,DOWN
2024-12-28 01:00:00,142784000.0,143350000.0,142143000.0,142230000.0,114.74087692,dead,neutral,normal,STABLE
2024-12-28 02:00:00,142230000.0,142410000.0,141466000.0,142180000.0,214.75328506,dead,neutral,normal,STABLE
2024-12-28 03:00:00,142169000.0,142632000.0,142000000.0,142256000.0,69.14047544,dead,neutral,low,STABLE
2024-12-28 04:00:00,142331000.0,142723000.0,142050000.0,142536000.0,43.48917782,dead,neutral,low,STABLE
2024-12-28 05:00:00,142545000.0,142740000.0,142103000.0,142506000.0,51.6819034,dead,neutral,low,STABLE
2024-12-28 06:00:00,142505000.0,142900000.0,142288000.0,142509000.0,48.92833719,dead,neutral,low,STABLE
2024-12-28 07:00:00,142509000.0,142550000.0,142229000.0,142400000.0,60.60083268,dead,neutral,low,STABLE
2024-12-28 08:00:00,142400000.0,142560000.0,141990000.0,142111000.0,93.72953048,dead,neutral,normal,STABLE
2024-12-28 09:00:00,142107000.0,142506000.0,141940000.0,142022000.0,121.30278184,dead,neutral,normal,STABLE
2024-12-28 10:00:00,142076000.0,142272000.0,141487000.0,141968000.0,148.50252899,dead,neutral,normal,STABLE
2024-12-28 11:00:00,142035000.0,142097000.0,141744000.0,141779000.0,79.37662236,dead,neutral,normal,STABLE
2024-12-28 12:00:00,141776000.0,142228000.0,141730000.0,142174000.0,49.7279609,dead,neutral,low,STABLE
2024-12-28 13:00:00,142175000.0,142216000.0,141951000.0,141976000.0,33.4239918,dead,neutral,low,STABLE
2024-12-28 14:00:00,141976000.0,142360000.0,141924000.0,142087000.0,47.8447881,dead,neutral,low,STABLE
2024-12-28 15:00:00,142084000.0,142214000.0,141778000.0,141800000.0,44.90520428,dead,neutral,low,STABLE
2024-12-28 16:00:00,141800000.0,142200000.0,141739000.0,141787000.0,38.34094326,dead,neutral,low,STABLE
2024-12-28 17:00:00,141848000.0,141951000.0,141528000.0,141921000.0,50.57229185,dead,neutral,normal,STABLE
2024-12-28 18:00:00,141921000.0,142005000.0,141802000.0,141919000.0,50.72307977,dead,neutral,normal,STABLE
2024-12-28 19:00:00,141882000.0,142072000.0,141795000.0,141987000.0,38.9312981,dead,neutral,low,STABLE
2024-12-28 20:00:00,141987000.0,142297000.0,141898000.0,142203000.0,40.26709025,dead,neutral,normal,STABLE
2024-12-28 21:00:00,142204000.0,142397000.0,141900000.0,142100000.0,53.57628345,dead,neutral,normal,STABLE
2024-12-28 22:00:00,142111000.0,142200000.0,141800000.0,141975000.0,55.19204327,dead,neutral,normal,STABLE
2024-12-28 23:00:00,141975000.0,142890000.0,141773000.0,141920000.0,119.21167025,dead,neutral,normal,STABLE
2024-12-29 00:00:00,141920000.0,142100000.0,141589000.0,141648000.0,58.37887957,dead,neutral,normal,STABLE
2024-12-29 01:00:00,141701000.0,142124000.0,141613000.0,142038000.0,36.5662034,dead,neutral,normal,STABLE
2024-12-29 02:00:00,142038000.0,142537000.0,141962000.0,142143000.0,38.9417304,dead,neutral,normal,STABLE
2024-12-29 03:00:00,142176000.0,142313000.0,141871000.0,141935000.0,19.72548115,dead,neutral,low,STABLE
2024-12-29 04:00:00,141995000.0,142233000.0,141935000.0,142184000.0,18.23930419,golden,neutral,low,STABLE
2024-12-29 05:00:00,142184000.0,142350000.0,142063000.0,142348000.0,22.10010282,golden,neutral,low,STABLE
2024-12-29 06:00:00,142320000.0,142490000.0,142117000.0,142426000.0,20.36978079,golden,neutral,low,STABLE
2024-12-29 07:00:00,142426000.0,143000000.0,142187000.0,142600000.0,65.6693136,golden,neutral,normal,STABLE
2024-12-29 08:00:00,142600000.0,142687000.0,142188000.0,142302000.0,59.67449898,golden,neutral,normal,STABLE
2024-12-29 09:00:00,142306000.0,142322000.0,141908000.0,142200000.0,83.40340496,golden,neutral,normal,DOWN
2024-12-29 10:00:00,142200000.0,142280000.0,141680000.0,141687000.0,73.2930104,golden,neutral,normal,STABLE
2024-12-29 11:00:00,141687000.0,142195000.0,141687000.0,141903000.0,40.43845985,golden,neutral,normal,STABLE
2024-12-29 12:00:00,141903000.0,142146000.0,141900000.0,142141000.0,35.8955711,dead,neutral,normal,STABLE
2024-12-29 13:00:00,142141000.0,142280000.0,142067000.0,142199000.0,34.13771801,dead,neutral,normal,STABLE
2024-12-29 14:00:00,142199000.0,142291000.0,142150000.0,142158000.0,25.50968313,dead,neutral,normal,STABLE
2024-12-29 15:00:00,142159000.0,142208000.0,142069000.0,142101000.0,25.1784044,dead,neutral,normal,STABLE
2024-12-29 16:00:00,142101000.0,142380000.0,142037000.0,142362000.0,38.64416102,golden,neutral,normal,STABLE
2024-12-29 17:00:00,142362000.0,142362000.0,142035000.0,142124000.0,27.20118191,golden,neutral,normal,STABLE
2024-12-29 18:00:00,142124000.0,142200000.0,142000000.0,142100000.0,27.83848835,golden,neutral,normal,STABLE
2024-12-29 19:00:00,142154000.0,142220000.0,142000000.0,142002000.0,33.00655803,golden,neutral,normal,STABLE
2024-12-29 20:00:00,142002000.0,142096000.0,141770000.0,141837000.0,53.37129713,dead,neutral,normal,STABLE
2024-12-29 21:00:00,141842000.0,141930000.0,141680000.0,141681000.0,53.0324132,dead,neutral,normal,STABLE
2024-12-29 22:00:00,141681000.0,141878000.0,141500000.0,141578000.0,78.34924219,dead,neutral,normal,DOWN
2024-12-29 23:00:00,141551000.0,142000000.0,140257000.0,141057000.0,363.31586675,dead,neutral,high,STABLE
2024-12-30 00:00:00,141109000.0,141350000.0,140810000.0,141165000.0,54.80807192,dead,neutral,normal,DOWN
2024-12-30 01:00:00,141165000.0,141165000.0,140031000.0,140411000.0,113.4864296,dead,oversold,normal,STABLE
2024-12-30 02:00:00,140449000.0,140518000.0,140247000.0,140395000.0,40.04873341,dead,oversold,normal,STABLE
2024-12-30 03:00:00,140394000.0,140473000.0,140030000.0,140050000.0,45.14502759,dead,oversold,normal,STABLE
2024-12-30 04:00:00,140053000.0,140161000.0,140000000.0,140008000.0,103.38078517,dead,oversold,normal,STABLE
2024-12-30 05:00:00,140008000.0,140413000.0,139880000.0,140412000.0,115.86098985,dead,neutral,normal,DOWN
2024-12-30 06:00:00,140410000.0,140517000.0,139330000.0,139501000.0,151.65070426,dead,oversold,high,DOWN
2024-12-30 07:00:00,139501000.0,140202000.0,138600000.0,138935000.0,384.63261623,dead,oversold,high,UP
2024-12-30 08:00:00,138909000.0,139999000.0,138632000.0,139735000.0,178.77755828,dead,neutral,normal,DOWN
2024-12-30 09:00:00,139831000.0,139996000.0,139220000.0,139227000.0,167.62823403,dead,neutral,normal,STABLE
2024-12-30 10:00:00,139227000.0,139919000.0,138800000.0,139403000.0,200.40268457,dead,neutral,normal,STABLE
2024-12-30 11:00:00,139403000.0,139500000.0,138720000.0,139279000.0,112.81379288,dead,neutral,normal,STABLE
2024-12-30 12:00:00,139279000.0,139575000.0,139100000.0,139174000.0,78.5330484,dead,neutral,normal,DOWN
2024-12-30 13:00:00,139174000.0,139401000.0,138423000.0,138428000.0,144.66683477,dead,oversold,normal,STABLE
2024-12-30 14:00:00,138428000.0,138501000.0,137900000.0,138400000.0,313.90552887,dead,oversold,high,STABLE
2024-12-30 15:00:00,138401000.0,139006000.0,138381000.0,138718000.0,109.21421051,dead,neutral,normal,STABLE
2024-12-30 16:00:00,138717000.0,138718000.0,138080000.0,138550000.0,98.60773335,dead,neutral,normal,UP
2024-12-30 17:00:00,138550000.0,139100000.0,138537000.0,138974000.0,72.51073854,dead,neutral,low,UP
2024-12-30 18:00:00,138979000.0,139499000.0,138640000.0,139445000.0,73.13541375,dead,neutral,normal,STABLE
2024-12-30 19:00:00,139445000.0,139610000.0,139050000.0,139150000.0,58.51972464,dead,neutral,low,STABLE
2024-12-30 20:00:00,139150000.0,139476000.0,138795000.0,139329000.0,62.66155045,dead,neutral,low,STABLE
2024-12-30 21:00:00,139329000.0,139899000.0,139197000.0,139233000.0,112.98455153,dead,neutral,normal,DOWN
2024-12-30 22:00:00,139233000.0,139400000.0,137940000.0,138001000.0,198.51761954,dead,neutral,normal,DOWN
2024-12-30 23:00:00,138001000.0,138396000.0,136186000.0,136194000.0,503.95297737,dead,oversold,high,UP
2024-12-31 00:00:00,136200000.0,137703000.0,135971000.0,137123000.0,478.89222088,dead,neutral,high,STABLE
2024-12-31 01:00:00,137123000.0,137183000.0,136680000.0,136989000.0,84.81520482,dead,neutral,low,UP
2024-12-31 02:00:00,136988000.0,139410000.0,136895000.0,138967000.0,143.80842016,dead,neutral,normal,UP
2024-12-31 03:00:00,138966000.0,140065000.0,138600000.0,139919000.0,133.99098419,dead,neutral,normal,STABLE
2024-12-31 04:00:00,139918000.0,140000000.0,138870000.0,139686000.0,67.42740095,dead,neutral,low,STABLE
2024-12-31 05:00:00,139611000.0,140680000.0,139610000.0,139654000.0,120.5702295,golden,neutral,normal,DOWN
2024-12-31 06:00:00,139622000.0,139659000.0,136770000.0,137023000.0,185.67837587,golden,neutral,normal,UP
2024-12-31 07:00:00,137023000.0,138260000.0,136843000.0,137863000.0,142.1838425,golden,neutral,normal,STABLE
2024-12-31 08:00:00,137888000.0,138080000.0,137400000.0,137892000.0,102.24845941,dead,neutral,normal,DOWN
2024-12-31 09:00:00,137865000.0,137999000.0,136750000.0,136765000.0,168.19235577,dead,neutral,normal,STABLE
2024-12-31 10:00:00,136765000.0,136962000.0,136032000.0,136794000.0,209.45975654,dead,neutral,normal,STABLE
2024-12-31 11:00:00,136794000.0,137144000.0,136663000.0,136871000.0,73.30837033,dead,neutral,low,STABLE
2024-12-31 12:00:00,136878000.0,136880000.0,136411000.0,136599000.0,110.77114253,dead,neutral,normal,STABLE
2024-12-31 13:00:00,136595000.0,137130000.0,136595000.0,136672000.0,73.87867835,dead,neutral,low,STABLE
2024-12-31 14:00:00,136670000.0,136889000.0,136497000.0,136681000.0,65.89018087,dead,neutral,low,UP
2024-12-31 15:00:00,136683000.0,137308000.0,136667000.0,137286000.0,78.07333606,dead,neutral,normal,STABLE
2024-12-31 16:00:00,137286000.0,137663000.0,137250000.0,137557000.0,82.90308443,dead,neutral,normal,UP
2024-12-31 17:00:00,137557000.0,140500000.0,137542000.0,139546000.0,423.08595107,dead,neutral,high,STABLE
2024-12-31 18:00:00,139546000.0,139890000.0,139300000.0,139659000.0,148.73346308,golden,neutral,normal,STABLE
2024-12-31 19:00:00,139603000.0,139731000.0,138802000.0,139580000.0,114.6837388,golden,neutral,normal,UP
2024-12-31 20:00:00,139580000.0,140142000.0,139396000.0,140068000.0,116.04952961,golden,neutral,normal,UP
2024-12-31 21:00:00,140077000.0,141811000.0,140068000.0,140698000.0,440.36358806,golden,neutral,high,UP
2024-12-31 22:00:00,140698000.0,143142000.0,140592000.0,142281000.0,621.25060688,golden,overbought,high,STABLE
2024-12-31 23:00:00,142277000.0,143483000.0,142000000.0,142200000.0,306.14366807,golden,overbought,normal,DOWN
2025-01-01 00:00:00,142200000.0,142443000.0,141010000.0,141600000.0,182.02244471,golden,neutral,normal,DOWN
2025-01-01 01:00:00,141602000.0,141748000.0,140300000.0,140707000.0,123.5497364,golden,neutral,normal,STABLE
2025-01-01 02:00:00,140707000.0,140707000.0,140661000.0,140661000.0,0.09248393,golden,neutral,low,DOWN
2025-01-01 06:00:00,140658000.0,140708000.0,139649000.0,139813000.0,141.09714796,golden,neutral,normal,DOWN
2025-01-01 07:00:00,139813000.0,140129000.0,139000000.0,139023000.0,108.72098011,golden,neutral,normal,STABLE
2025-01-01 08:00:00,139031000.0,139800000.0,139013000.0,139257000.0,119.18957508,golden,neutral,normal,UP
2025-01-01 09:00:00,139394000.0,141220000.0,139200000.0,141200000.0,168.14487203,golden,neutral,normal,DOWN
2025-01-01 10:00:00,141200000.0,141225000.0,139800000.0,139972000.0,102.79938222,golden,neutral,normal,UP
2025-01-01 11:00:00,139972000.0,140689000.0,139950000.0,140665000.0,45.08746053,golden,neutral,low,DOWN
2025-01-01 12:00:00,140665000.0,140665000.0,140119000.0,140145000.0,41.23696631,golden,neutral,low,STABLE
2025-01-01 13:00:00,140144000.0,140249000.0,139700000.0,139737000.0,68.0678624,golden,neutral,low,UP
2025-01-01 14:00:00,139737000.0,140497000.0,139627000.0,140233000.0,62.71533451,dead,neutral,low,STABLE
2025-01-01 15:00:00,140248000.0,140372000.0,140000000.0,140215000.0,41.98146555,dead,neutral,low,STABLE
2025-01-01 16:00:00,140216000.0,140224000.0,140070000.0,140222000.0,35.57786496,dead,neutral,low,STABLE
2025-01-01 17:00:00,140222000.0,140447000.0,139760000.0,139933000.0,81.6068021,dead,neutral,normal,STABLE
2025-01-01 18:00:00,139956000.0,140149000.0,139000000.0,140149000.0,133.82198456,dead,neutral,normal,STABLE
2025-01-01 19:00:00,140149000.0,140347000.0,139800000.0,139828000.0,50.51591521,dead,neutral,low,STABLE
2025-01-01 20:00:00,139828000.0,140304000.0,139573000.0,140000000.0,70.71908694,dead,neutral,normal,UP
2025-01-01 21:00:00,139999000.0,140780000.0,139932000.0,140703000.0,109.66746045,dead,neutral,normal,STABLE
2025-01-01 22:00:00,140703000.0,140995000.0,140434000.0,140994000.0,94.67128439,golden,neutral,normal,STABLE
2025-01-01 23:00:00,140994000.0,141500000.0,140628000.0,140911000.0,126.61308874,golden,neutral,normal,STABLE
2025-01-02 00:00:00,140911000.0,141190000.0,140520000.0,141118000.0,51.5273794,golden,neutral,normal,DOWN
2025-01-02 01:00:00,141118000.0,141190000.0,140479000.0,140579000.0,98.03126025,golden,neutral,normal,STABLE
2025-01-02 02:00:00,140579000.0,140800000.0,140031000.0,140733000.0,47.71442093,golden,neutral,normal,STABLE
2025-01-02 03:00:00,140733000.0,140940000.0,140430000.0,140660000.0,39.44712963,golden,neutral,low,STABLE
2025-01-02 04:00:00,140659000.0,141164000.0,140206000.0,140805000.0,60.65983534,golden,neutral,normal,STABLE
2025-01-02 05:00:00,140806000.0,141280000.0,140804000.0,141173000.0,50.10423639,golden,neutral,normal,STABLE
2025-01-02 06:00:00,141172000.0,141567000.0,141000000.0,141474000.0,69.32639056,golden,neutral,normal,STABLE
2025-01-02 07:00:00,141478000.0,141628000.0,141146000.0,141360000.0,105.07315123,golden,neutral,normal,STABLE
2025-01-02 08:00:00,141345000.0,141631000.0,141201000.0,141320000.0,99.42793685,golden,neutral,normal,UP
2025-01-02 09:00:00,141322000.0,143000000.0,140920000.0,142040000.0,389.84908957,golden,neutral,high,DOWN
2025-01-02 10:00:00,142042000.0,142837000.0,141217000.0,141237000.0,223.11941972,golden,neutral,high,UP
2025-01-02 11:00:00,141237000.0,142251000.0,141103000.0,142251000.0,111.10951298,golden,neutral,normal,DOWN
2025-01-02 12:00:00,142198000.0,142350000.0,141687000.0,141765000.0,91.47733543,golden,neutral,normal,UP
2025-01-02 13:00:00,141765000.0,142981000.0,141735000.0,142500000.0,128.36943668,golden,neutral,normal,DOWN
2025-01-02 14:00:00,142432000.0,142510000.0,141900000.0,141942000.0,89.76962077,golden,neutral,normal,STABLE
2025-01-02 15:00:00,141941000.0,142185000.0,141322000.0,142000000.0,124.62971042,golden,neutral,normal,STABLE
2025-01-02 16:00:00,141990000.0,142417000.0,141850000.0,142334000.0,71.63067045,golden,neutral,normal,STABLE
2025-01-02 17:00:00,142334000.0,142628000.0,142039000.0,142542000.0,74.73372952,golden,neutral,normal,UP
2025-01-02 18:00:00,142543000.0,143200000.0,142356000.0,143199000.0,121.19131742,golden,neutral,normal,STABLE
2025-01-02 19:00:00,143200000.0,143620000.0,143153000.0,143457000.0,184.89976507,golden,neutral,normal,STABLE
2025-01-02 20:00:00,143457000.0,143620000.0,142952000.0,143611000.0,133.47578988,golden,neutral,normal,STABLE
2025-01-02 21:00:00,143612000.0,144027000.0,143543000.0,143899000.0,172.42093403,golden,neutral,normal,DOWN
2025-01-02 22:00:00,143899000.0,143997000.0,142995000.0,143055000.0,158.95828999,golden,neutral,normal,UP
2025-01-02 23:00:00,143054000.0,144132000.0,142345000.0,143939000.0,277.29629677,golden,neutral,high,DOWN
2025-01-03 00:00:00,143966000.0,144015000.0,142900000.0,143216000.0,147.91123692,golden,neutral,normal,UP
2025-01-03 01:00:00,143163000.0,144500000.0,142781000.0,144156000.0,159.0262553,golden,neutral,normal,DOWN
2025-01-03 02:00:00,144155000.0,144450000.0,143041000.0,143700000.0,82.50754447,golden,neutral,normal,UP
2025-01-03 03:00:00,143700000.0,144202000.0,143200000.0,144202000.0,56.98234254,golden,neutral,low,STABLE
2025-01-03 04:00:00,144202000.0,144615000.0,144000000.0,144324000.0,63.49883167,golden,neutral,low,STABLE
2025-01-03 05:00:00,144325000.0,144826000.0,144209000.0,144542000.0,72.51976266,golden,neutral,normal,STABLE
2025-01-03 06:00:00,144521000.0,144543000.0,144000000.0,144427000.0,17.53708346,golden,neutral,low,DOWN
2025-01-03 08:00:00,144326000.0,144421000.0,143700000.0,143848000.0,89.31592167,golden,neutral,normal,DOWN
2025-01-03 09:00:00,143848000.0,144008000.0,143300000.0,143303000.0,194.19541467,golden,neutral,normal,STABLE
2025-01-03 10:00:00,143303000.0,143594000.0,142922000.0,143554000.0,142.51484348,golden,neutral,normal,STABLE
2025-01-03 11:00:00,143550000.0,143850000.0,143309000.0,143460000.0,91.13024891,golden,neutral,normal,STABLE
2025-01-03 12:00:00,143470000.0,143606000.0,143337000.0,143436000.0,49.40280742,dead,neutral,low,STABLE
2025-01-03 13:00:00,143436000.0,143437000.0,143142000.0,143142000.0,55.28722046,dead,neutral,low,STABLE
2025-01-03 14:00:00,143143000.0,143328000.0,143046000.0,143266000.0,68.49910256,dead,neutral,normal,STABLE
2025-01-03 15:00:00,143266000.0,143348000.0,143000000.0,143002000.0,66.59585721,dead,neutral,normal,STABLE
2025-01-03 16:00:00,143002000.0,143182000.0,143000000.0,143002000.0,53.37387833,dead,neutral,low,STABLE
2025-01-03 17:00:00,143002000.0,143100000.0,142645000.0,142656000.0,87.84937726,dead,neutral,normal,UP
2025-01-03 18:00:00,142656000.0,143346000.0,142619000.0,143295000.0,61.64228923,dead,neutral,normal,STABLE
2025-01-03 19:00:00,143295000.0,143390000.0,143009000.0,143271000.0,52.66922314,dead,neutral,normal,STABLE
2025-01-03 20:00:00,143271000.0,143650000.0,143270000.0,143597000.0,77.57290855,dead,neutral,normal,STABLE
2025-01-03 21:00:00,143597000.0,143995000.0,143517000.0,143714000.0,119.34386807,dead,neutral,normal,STABLE
2025-01-03 22:00:00,143680000.0,143766000.0,143298000.0,143301000.0,117.93182511,dead,neutral,normal,STABLE
2025-01-03 23:00:00,143301000.0,144110000.0,143272000.0,143635000.0,151.81491022,dead,neutral,normal,UP
2025-01-04 00:00:00,143635000.0,144250000.0,143401000.0,144229000.0,151.75871789,golden,neutral,normal,STABLE
2025-01-04 01:00:00,144245000.0,145164000.0,144007000.0,144470000.0,248.85225533,golden,neutral,high,STABLE
2025-01-04 02:00:00,144470000.0,144891000.0,144450000.0,144650000.0,71.84290097,golden,neutral,normal,UP
2025-01-04 03:00:00,144690000.0,145420000.0,144542000.0,145249000.0,83.59730164,golden,neutral,normal,STABLE
2025-01-04 04:00:00,145249000.0,145755000.0,145004000.0,145183000.0,105.42631659,golden,neutral,normal,STABLE
2025-01-04 05:00:00,145105000.0,145282000.0,144743000.0,144987000.0,50.69276482,golden,neutral,normal,STABLE
2025-01-04 06:00:00,144987000.0,145099000.0,144740000.0,145004000.0,69.09173808,golden,neutral,normal,STABLE
2025-01-04 07:00:00,145010000.0,145316000.0,144834000.0,144839000.0,85.36385238,golden,neutral,normal,STABLE
2025-01-04 08:00:00,144839000.0,145160000.0,144427000.0,144655000.0,116.56495672,golden,neutral,normal,STABLE
2025-01-04 09:00:00,144653000.0,144781000.0,144120000.0,144394000.0,146.35083915,golden,neutral,normal,STABLE
2025-01-04 10:00:00,144394000.0,144555000.0,144073000.0,144477000.0,86.83745678,golden,neutral,normal,STABLE
2025-01-04 11:00:00,144457000.0,144962000.0,144151000.0,144871000.0,97.46257009,golden,neutral,normal,STABLE
2025-01-04 12:00:00,144899000.0,144978000.0,144650000.0,144904000.0,68.67204004,golden,neutral,normal,STABLE
2025-01-04 13:00:00,144904000.0,144905000.0,144355000.0,144671000.0,62.76805113,golden,neutral,normal,STABLE
2025-01-04 14:00:00,144671000.0,144730000.0,144591000.0,144675000.0,44.26456455,golden,neutral,low,STABLE
2025-01-04 15:00:00,144675000.0,144993000.0,144674000.0,144981000.0,47.00084224,golden,neutral,low,STABLE
2025-01-04 16:00:00,144980000.0,145300000.0,144976000.0,145285000.0,75.52973398,golden,neutral,normal,DOWN
2025-01-04 17:00:00,145280000.0,145425000.0,144686000.0,144690000.0,102.209527,golden,neutral,normal,STABLE
2025-01-04 18:00:00,144690000.0,144995000.0,144500000.0,144598000.0,65.11038177,golden,neutral,normal,STABLE
2025-01-04 19:00:00,144598000.0,144869000.0,144350000.0,144720000.0,61.77615257,golden,neutral,normal,STABLE
2025-01-04 20:00:00,144720000.0,145054000.0,144675000.0,144940000.0,43.30152536,golden,neutral,low,STABLE
2025-01-04 21:00:00,144940000.0,145000000.0,144616000.0,144865000.0,53.50819417,dead,neutral,normal,STABLE
2025-01-04 22:00:00,144864000.0,144937000.0,144601000.0,144829000.0,68.70417253,dead,neutral,normal,STABLE
2025-01-04 23:00:00,144876000.0,145007000.0,144660000.0,144796000.0,66.52726763,golden,neutral,normal,STABLE
2025-01-05 00:00:00,144796000.0,145003000.0,144241000.0,144472000.0,97.80109622,dead,neutral,normal,STABLE
2025-01-05 01:00:00,144472000.0,144870000.0,144450000.0,144602000.0,31.35825897,dead,neutral,low,STABLE
2025-01-05 02:00:00,144604000.0,144740000.0,144496000.0,144733000.0,17.98704048,dead,neutral,low,STABLE
2025-01-05 03:00:00,144741000.0,144945000.0,144674000.0,144868000.0,11.6981023,dead,neutral,low,STABLE
2025-01-05 04:00:00,144868000.0,145150000.0,144801000.0,144890000.0,23.37231307,dead,neutral,low,UP
2025-01-05 05:00:00,144950000.0,145400000.0,144890000.0,145348000.0,39.73648151,golden,neutral,normal,STABLE
2025-01-05 06:00:00,145348000.0,145500000.0,144980000.0,144983000.0,40.54852345,golden,neutral,normal,STABLE
2025-01-05 07:00:00,144983000.0,145180000.0,144700000.0,145121000.0,45.41433866,golden,neutral,normal,STABLE
2025-01-05 08:00:00,145121000.0,145174000.0,144729000.0,144745000.0,47.72897658,golden,neutral,normal,STABLE
2025-01-05 09:00:00,144767000.0,145000000.0,144450000.0,144659000.0,86.83400512,golden,neutral,normal,STABLE
2025-01-05 10:00:00,144659000.0,144739000.0,144300000.0,144376000.0,70.55540323,dead,neutral,normal,STABLE
2025-01-05 11:00:00,144449000.0,144739000.0,144330000.0,144441000.0,51.26218857,dead,neutral,normal,STABLE
2025-01-05 12:00:00,144441000.0,144666000.0,144432000.0,144666000.0,31.51048058,dead,neutral,normal,STABLE
2025-01-05 13:00:00,144666000.0,145200000.0,144660000.0,145021000.0,63.76959884,dead,neutral,normal,STABLE
2025-01-05 14:00:00,145004000.0,145082000.0,144850000.0,144867000.0,40.96108182,dead,neutral,normal,STABLE
2025-01-05 15:00:00,144867000.0,145000000.0,144867000.0,144999000.0,35.07705512,dead,neutral,normal,STABLE
2025-01-05 16:00:00,145000000.0,145083000.0,144773000.0,144773000.0,46.97688627,golden,neutral,normal,STABLE
2025-01-05 17:00:00,144774000.0,144774000.0,144268000.0,144470000.0,109.25603305,golden,neutral,high,DOWN
2025-01-05 18:00:00,144459000.0,144470000.0,143790000.0,143797000.0,121.03636514,dead,neutral,high,STABLE
2025-01-05 19:00:00,143797000.0,144003000.0,143513000.0,143878000.0,147.18698519,dead,neutral,high,STABLE
2025-01-05 20:00:00,143878000.0,144120000.0,143806000.0,143882000.0,61.72952522,dead,neutral,normal,STABLE
2025-01-05 21:00:00,143882000.0,144373000.0,143798000.0,144299000.0,61.50100768,dead,neutral,normal,STABLE
2025-01-05 22:00:00,144285000.0,144578000.0,144166000.0,144177000.0,56.49127329,dead,neutral,normal,STABLE
2025-01-05 23:00:00,144200000.0,144284000.0,143600000.0,144259000.0,92.02296204,dead,neutral,normal,STABLE
2025-01-06 00:00:00,144259000.0,144637000.0,144000000.0,144297000.0,53.01599678,dead,neutral,normal,STABLE
2025-01-06 01:00:00,144396000.0,144700000.0,144255000.0,144425000.0,21.23897919,dead,neutral,low,STABLE
2025-01-06 02:00:00,144425000.0,144536000.0,144000000.0,144103000.0,19.2756185,dead,neutral,low,STABLE
2025-01-06 03:00:00,144104000.0,144350000.0,143900000.0,144329000.0,15.91464162,dead,neutral,low,STABLE
2025-01-06 04:00:00,144329000.0,144422000.0,144133000.0,144286000.0,8.60943032,dead,neutral,low,STABLE
2025-01-06 05:00:00,144372000.0,144974000.0,144279000.0,144675000.0,49.16730478,dead,neutral,normal,STABLE
2025-01-06 06:00:00,144675000.0,144990000.0,144505000.0,144972000.0,37.2671371,golden,neutral,normal,STABLE
2025-01-06 07:00:00,144973000.0,145186000.0,144880000.0,145160000.0,64.58407908,golden,neutral,normal,DOWN
2025-01-06 08:00:00,145160000.0,145357000.0,144700000.0,144700000.0,70.82134443,golden,neutral,normal,STABLE
2025-01-06 09:00:00,144731000.0,145450000.0,144700000.0,144782000.0,123.16697182,golden,neutral,normal,UP
2025-01-06 10:00:00,144800000.0,145570000.0,144481000.0,145475000.0,144.53464654,golden,neutral,high,STABLE
2025-01-06 11:00:00,145482000.0,146120000.0,145300000.0,145645000.0,267.66240603,golden,neutral,high,STABLE
2025-01-06 12:00:00,145646000.0,146143000.0,145548000.0,146060000.0,110.62261716,golden,neutral,normal,UP
2025-01-06 13:00:00,146060000.0,146550000.0,146060000.0,146550000.0,137.8186722,golden,overbought,normal,STABLE
2025-01-06 14:00:00,146542000.0,147199000.0,146542000.0,146910000.0,207.40928681,golden,overbought,high,STABLE
2025-01-06 15:00:00,146910000.0,147100000.0,146548000.0,146688000.0,131.37895305,golden,overbought,normal,STABLE
2025-01-06 16:00:00,146688000.0,146800000.0,146130000.0,146572000.0,122.23259514,golden,neutral,normal,STABLE
2025-01-06 17:00:00,146572000.0,146948000.0,146100000.0,146167000.0,112.30557472,golden,neutral,normal,STABLE
2025-01-06 18:00:00,146167000.0,146406000.0,146011000.0,146099000.0,76.21645099,golden,neutral,normal,DOWN
2025-01-06 19:00:00,146020000.0,146198000.0,145587000.0,145620000.0,102.61943023,golden,neutral,normal,UP
2025-01-06 20:00:00,145622000.0,146350000.0,145620000.0,146093000.0,96.41445148,golden,neutral,normal,STABLE
2025-01-06 21:00:00,146093000.0,146735000.0,145921000.0,145921000.0,89.97720346,golden,neutral,normal,UP
2025-01-06 22:00:00,145921000.0,146375000.0,145678000.0,146373000.0,87.71081789,golden,neutral,normal,UP
2025-01-06 23:00:00,146373000.0,148309000.0,145550000.0,147500000.0,375.91739695,golden,neutral,high,UP
2025-01-07 00:00:00,147500000.0,150000000.0,147420000.0,149850000.0,577.20382347,golden,overbought,high,DOWN
2025-01-07 01:00:00,149871000.0,149900000.0,148774000.0,149346000.0,231.89311356,golden,overbought,normal,STABLE
2025-01-07 02:00:00,149346000.0,149400000.0,148497000.0,149221000.0,81.55428727,golden,overbought,normal,STABLE
2025-01-07 03:00:00,149221000.0,149560000.0,148862000.0,149175000.0,53.52306668,golden,overbought,low,STABLE
2025-01-07 04:00:00,149247000.0,149387000.0,148880000.0,149304000.0,41.30885799,golden,overbought,low,UP
2025-01-07 05:00:00,149304000.0,149950000.0,149233000.0,149850000.0,65.08386792,golden,overbought,low,DOWN
2025-01-07 06:00:00,149903000.0,149999000.0,149176000.0,149187000.0,90.68843796,golden,neutral,normal,UP
2025-01-07 07:00:00,149184000.0,149774000.0,149168000.0,149758000.0,83.20164051,golden,overbought,normal,UP
2025-01-07 08:00:00,149757000.0,150300000.0,149656000.0,150264000.0,198.52063247,golden,overbought,normal,STABLE
2025-01-07 09:00:00,150255000.0,151000000.0,149790000.0,149944000.0,342.62980338,golden,neutral,high,STABLE
2025-01-07 10:00:00,149944000.0,150091000.0,149325000.0,149557000.0,159.88433008,golden,neutral,normal,STABLE
2025-01-07 11:00:00,149557000.0,149732000.0,149368000.0,149411000.0,83.16956233,golden,neutral,normal,STABLE
2025-01-07 12:00:00,149411000.0,149645000.0,149000000.0,149099000.0,123.88035032,golden,neutral,normal,STABLE
2025-01-07 13:00:00,149098000.0,149491000.0,149094000.0,149109000.0,57.58946474,golden,neutral,low,STABLE
2025-01-07 14:00:00,149109000.0,149202000.0,148851000.0,148906000.0,98.80645103,golden,neutral,normal,STABLE
2025-01-07 15:00:00,148907000.0,149205000.0,148857000.0,149076000.0,75.03491877,golden,neutral,low,STABLE
2025-01-07 16:00:00,149076000.0,149438000.0,148886000.0,148936000.0,72.51537636,golden,neutral,low,STABLE
2025-01-07 17:00:00,148898000.0,149097000.0,148880000.0,148901000.0,76.58229866,dead,neutral,normal,STABLE
2025-01-07 18:00:00,148907000.0,149013000.0,148500000.0,148879000.0,86.48160308,dead,neutral,normal,DOWN
2025-01-07 19:00:00,148879000.0,148943000.0,148135000.0,148218000.0,115.99659026,dead,neutral,normal,STABLE
2025-01-07 20:00:00,148211000.0,148345000.0,147200000.0,147980000.0,260.06166895,dead,neutral,high,STABLE
2025-01-07 21:00:00,148000000.0,148161000.0,147420000.0,147748000.0,162.89896388,dead,neutral,normal,STABLE
2025-01-07 22:00:00,147749000.0,148230000.0,147736000.0,147799000.0,99.84254123,dead,neutral,normal,DOWN
2025-01-07 23:00:00,147796000.0,148100000.0,147001000.0,147152000.0,172.1054914,dead,neutral,normal,DOWN
2025-01-08 00:00:00,147153000.0,147479000.0,144389000.0,145522000.0,911.70350827,dead,oversold,high,STABLE
2025-01-08 01:00:00,145520000.0,145950000.0,145000000.0,145094000.0,227.47268951,dead,oversold,normal,STABLE
2025-01-08 02:00:00,145094000.0,145094000.0,143787000.0,144700000.0,242.27893954,dead,oversold,normal,DOWN
2025-01-08 03:00:00,144700000.0,144900000.0,143804000.0,144153000.0,125.95393393,dead,oversold,normal,STABLE
2025-01-08 04:00:00,144150000.0,144741000.0,143561000.0,143810000.0,129.81852081,dead,oversold,normal,STABLE
2025-01-08 05:00:00,143809000.0,144568000.0,143500000.0,144102000.0,195.45751652,dead,oversold,normal,STABLE
2025-01-08 06:00:00,144104000.0,145094000.0,144078000.0,144435000.0,209.05954826,dead,oversold,normal,UP
2025-01-08 07:00:00,144435000.0,145270000.0,144182000.0,145197000.0,164.0573078,dead,neutral,normal,STABLE
2025-01-08 08:00:00,145197000.0,145199000.0,144712000.0,144789000.0,134.43024354,dead,neutral,normal,STABLE
2025-01-08 09:00:00,144789000.0,145161000.0,144000000.0,145100000.0,246.30756276,dead,neutral,normal,DOWN
2025-01-08 10:00:00,145100000.0,145100000.0,143800000.0,144050000.0,171.1055133,dead,neutral,normal,STABLE
2025-01-08 11:00:00,144050000.0,144343000.0,143824000.0,144008000.0,88.03679576,dead,neutral,low,STABLE
2025-01-08 12:00:00,144008000.0,144122000.0,143503000.0,143899000.0,161.06658729,dead,neutral,normal,DOWN
2025-01-08 13:00:00,143899000.0,143960000.0,143064000.0,143100000.0,194.73189933,dead,oversold,normal,UP
2025-01-08 14:00:00,143088000.0,144063000.0,143000000.0,144062000.0,176.01653306,dead,neutral,normal,DOWN
2025-01-08 15:00:00,144063000.0,144349000.0,142393000.0,142422000.0,294.42796608,dead,oversold,normal,UP
2025-01-08 16:00:00,142422000.0,143297000.0,142390000.0,143070000.0,192.92350681,dead,neutral,normal,STABLE
2025-01-08 17:00:00,143067000.0,143570000.0,142716000.0,143220000.0,134.76788641,dead,neutral,normal,DOWN
2025-01-08 18:00:00,143219000.0,143495000.0,142505000.0,142511000.0,93.5546917,dead,neutral,low,UP
2025-01-08 19:00:00,142512000.0,143395000.0,142505000.0,143288000.0,99.34279592,dead,neutral,low,DOWN
2025-01-08 20:00:00,143289000.0,143390000.0,141665000.0,142052000.0,293.19699852,dead,neutral,normal,DOWN
2025-01-08 21:00:00,142052000.0,142056000.0,141212000.0,141215000.0,311.59962279,dead,neutral,normal,UP
2025-01-08 22:00:00,141215000.0,142653000.0,141200000.0,142600000.0,267.49916881,dead,neutral,normal,STABLE
2025-01-08 23:00:00,142600000.0,143250000.0,142139000.0,142400000.0,195.48346071,dead,neutral,normal,UP
2025-01-09 00:00:00,142426000.0,143420000.0,141800000.0,142994000.0,187.37714207,dead,neutral,normal,DOWN
2025-01-09 01:00:00,142951000.0,142999000.0,142011000.0,142380000.0,86.99721162,dead,neutral,low,DOWN
2025-01-09 02:00:00,142380000.0,142400000.0,140960000.0,141558000.0,337.55866033,dead,neutral,normal,STABLE
2025-01-09 03:00:00,141558000.0,142582000.0,140919000.0,141595000.0,115.73236748,dead,neutral,normal,STABLE
2025-01-09 04:00:00,141595000.0,142440000.0,141319000.0,141748000.0,62.61851562,dead,neutral,low,DOWN
2025-01-09 05:00:00,141748000.0,141879000.0,141031000.0,141209000.0,68.16659054,dead,neutral,low,UP
2025-01-09 06:00:00,141209000.0,141842000.0,140919000.0,141702000.0,94.0249597,dead,neutral,normal,UP
2025-01-09 07:00:00,141702000.0,142634000.0,141695000.0,142547000.0,118.52065766,dead,neutral,normal,STABLE
2025-01-09 08:00:00,142541000.0,142655000.0,142073000.0,142368000.0,105.8383457,dead,neutral,normal,STABLE
2025-01-09 09:00:00,142375000.0,142375000.0,141422000.0,142208000.0,176.01652328,dead,neutral,normal,STABLE
2025-01-09 10:00:00,142208000.0,142776000.0,142079000.0,142093000.0,142.13846543,dead,neutral,normal,DOWN
2025-01-09 11:00:00,142090000.0,142093000.0,140430000.0,141427000.0,291.21718447,dead,neutral,normal,DOWN
2025-01-09 12:00:00,141427000.0,141428000.0,140210000.0,140210000.0,152.3989424,dead,neutral,normal,UP
2025-01-09 13:00:00,140210000.0,141047000.0,140001000.0,140914000.0,168.5133082,dead,neutral,normal,STABLE
2025-01-09 14:00:00,140974000.0,141300000.0,140691000.0,141246000.0,86.60198565,dead,neutral,normal,DOWN
2025-01-09 15:00:00,141243000.0,141300000.0,140576000.0,140669000.0,69.533078,dead,neutral,low,DOWN
2025-01-09 16:00:00,140634000.0,140903000.0,140000000.0,140001000.0,148.71711887,dead,neutral,normal,STABLE
2025-01-09 17:00:00,140001000.0,140251000.0,139500000.0,139867000.0,337.39632091,dead,neutral,high,STABLE
2025-01-09 18:00:00,139860000.0,140298000.0,139822000.0,140009000.0,102.82110081,dead,neutral,normal,STABLE
2025-01-09 19:00:00,140067000.0,140104000.0,139370000.0,139816000.0,182.06353596,dead,neutral,normal,STABLE
2025-01-09 20:00:00,139816000.0,140687000.0,139798000.0,140109000.0,134.46806551,dead,neutral,normal,STABLE
2025-01-09 21:00:00,140100000.0,140541000.0,139996000.0,140341000.0,89.19903037,dead,neutral,normal,DOWN
2025-01-09 22:00:00,140341000.0,140483000.0,139045000.0,139079000.0,255.93508179,dead,neutral,normal,UP
2025-01-09 23:00:00,139185000.0,139850000.0,139000000.0,139849000.0,195.39002191,dead,neutral,normal,UP
2025-01-10 00:00:00,139800000.0,142348000.0,139657000.0,141738000.0,230.29254801,dead,neutral,normal,STABLE
2025-01-10 01:00:00,141735000.0,142566000.0,140860000.0,141649000.0,128.45175189,dead,neutral,normal,DOWN
2025-01-10 02:00:00,141649000.0,141728000.0,139523000.0,140130000.0,93.97209364,dead,neutral,normal,STABLE
2025-01-10 03:00:00,140131000.0,140528000.0,139532000.0,140225000.0,48.49094876,golden,neutral,low,DOWN
2025-01-10 04:00:00,140274000.0,140600000.0,139401000.0,139401000.0,49.51854053,golden,neutral,low,STABLE
2025-01-10 05:00:00,139401000.0,140099000.0,138810000.0,139344000.0,209.1575218,dead,neutral,normal,STABLE
2025-01-10 06:00:00,139452000.0,140200000.0,139333000.0,139580000.0,69.96081587,dead,neutral,low,STABLE
2025-01-10 07:00:00,139580000.0,140137000.0,138950000.0,139903000.0,97.83019135,dead,neutral,normal,STABLE
2025-01-10 08:00:00,139952000.0,140083000.0,139290000.0,139740000.0,101.37158435,dead,neutral,normal,UP
2025-01-10 09:00:00,139748000.0,140790000.0,139687000.0,140785000.0,159.18303856,dead,neutral,normal,STABLE
2025-01-10 10:00:00,140788000.0,141115000.0,140453000.0,140898000.0,149.71908643,golden,neutral,normal,UP
2025-01-10 11:00:00,140898000.0,142140000.0,140868000.0,141649000.0,182.3875016,golden,neutral,normal,STABLE
2025-01-10 12:00:00,141649000.0,142126000.0,141510000.0,142006000.0,92.30197229,golden,neutral,normal,STABLE
2025-01-10 13:00:00,142006000.0,142200000.0,141364000.0,141580000.0,109.64281684,golden,neutral,normal,STABLE
2025-01-10 14:00:00,141580000.0,142105000.0,141125000.0,141815000.0,89.10635897,golden,neutral,normal,UP
2025-01-10 15:00:00,141781000.0,142480000.0,141650000.0,142427000.0,89.96595559,golden,neutral,normal,STABLE
2025-01-10 16:00:00,142427000.0,143118000.0,142209000.0,142392000.0,160.09018611,golden,neutral,normal,STABLE
2025-01-10 17:00:00,142368000.0,142789000.0,142204000.0,142699000.0,89.56167273,golden,neutral,normal,STABLE
2025-01-10 18:00:00,142698000.0,143050000.0,142500000.0,142786000.0,80.0582629,golden,neutral,normal,UP
2025-01-10 19:00:00,142871000.0,143625000.0,142786000.0,143625000.0,87.13363807,golden,neutral,normal,DOWN
2025-01-10 20:00:00,143620000.0,143743000.0,142300000.0,142798000.0,190.53901888,golden,neutral,normal,STABLE
2025-01-10 21:00:00,142798000.0,143003000.0,142183000.0,142732000.0,99.67590178,golden,neutral,normal,DOWN
2025-01-10 22:00:00,142782000.0,143126000.0,140000000.0,141431000.0,548.11124028,golden,neutral,high,UP
2025-01-10 23:00:00,141431000.0,142863000.0,141169000.0,141911000.0,209.09473381,golden,neutral,normal,STABLE
2025-01-11 00:00:00,142020000.0,142591000.0,140058000.0,141670000.0,298.02670294,golden,neutral,normal,STABLE
2025-01-11 01:00:00,141668000.0,142250000.0,141284000.0,141723000.0,89.87521802,golden,neutral,normal,UP
2025-01-11 02:00:00,141723000.0,143884000.0,141400000.0,143852000.0,127.46155717,golden,neutral,normal,DOWN
2025-01-11 03:00:00,143861000.0,143886000.0,142250000.0,142786000.0,105.45575546,golden,neutral,normal,STABLE
2025-01-11 04:00:00,142928000.0,143284000.0,142250000.0,143103000.0,27.78999355,golden,neutral,low,STABLE
2025-01-11 05:00:00,143104000.0,143433000.0,142500000.0,142687000.0,41.07271178,golden,neutral,low,STABLE
2025-01-11 06:00:00,142543000.0,143000000.0,142500000.0,142629000.0,28.04087037,golden,neutral,low,STABLE
2025-01-11 07:00:00,142629000.0,143000000.0,142568000.0,142840000.0,42.96173765,golden,neutral,low,STABLE
2025-01-11 08:00:00,142715000.0,142840000.0,142450000.0,142457000.0,48.16522396,golden,neutral,low,STABLE
2025-01-11 09:00:00,142614000.0,142617000.0,141775000.0,142192000.0,102.67767019,golden,neutral,normal,STABLE
2025-01-11 10:00:00,142192000.0,142372000.0,141791000.0,142129000.0,64.45844798,dead,neutral,normal,STABLE
2025-01-11 11:00:00,142129000.0,142281000.0,141850000.0,142209000.0,34.855196,dead,neutral,low,STABLE
2025-01-11 12:00:00,142209000.0,142266000.0,141900000.0,142099000.0,27.50559045,dead,neutral,low,STABLE
2025-01-11 13:00:00,142099000.0,142160000.0,141672000.0,141732000.0,37.28057319,dead,neutral,low,STABLE
2025-01-11 14:00:00,141732000.0,142099000.0,141680000.0,142028000.0,37.31965341,dead,neutral,low,STABLE
2025-01-11 15:00:00,142096000.0,142300000.0,141902000.0,141919000.0,28.15868162,dead,neutral,low,STABLE
2025-01-11 16:00:00,141919000.0,142200000.0,141903000.0,142089000.0,31.10446638,dead,neutral,low,STABLE
2025-01-11 17:00:00,142160000.0,142300000.0,141950000.0,142086000.0,27.45553038,dead,neutral,low,STABLE
2025-01-11 18:00:00,142086000.0,142117000.0,141984000.0,142005000.0,22.81339356,dead,neutral,low,STABLE
2025-01-11 19:00:00,142010000.0,142301000.0,141999000.0,142139000.0,48.99568478,dead,neutral,normal,STABLE
2025-01-11 20:00:00,142158000.0,142528000.0,142056000.0,142277000.0,69.20226566,dead,neutral,normal,STABLE
2025-01-11 21:00:00,142176000.0,142314000.0,142139000.0,142178000.0,42.54844684,dead,neutral,normal,STABLE
2025-01-11 22:00:00,142178000.0,142260000.0,141870000.0,142079000.0,38.45592456,dead,neutral,normal,STABLE
2025-01-11 23:00:00,142079000.0,142426000.0,141895000.0,142349000.0,32.17455516,dead,neutral,normal,STABLE
2025-01-12 00:00:00,142348000.0,142364000.0,142000000.0,142089000.0,27.32967307,dead,neutral,normal,STABLE
2025-01-12 01:00:00,142089000.0,142392000.0,141768000.0,141819000.0,47.03290396,dead,neutral,normal,DOWN
2025-01-12 02:00:00,141782000.0,141819000.0,141175000.0,141202000.0,66.51968142,dead,neutral,normal,UP
2025-01-12 03:00:00,141329000.0,141731000.0,141182000.0,141627000.0,28.7568676,dead,neutral,normal,STABLE
2025-01-12 04:00:00,141560000.0,141631000.0,141194000.0,141251000.0,35.98904564,dead,neutral,normal,UP
2025-01-12 05:00:00,141393000.0,141818000.0,141207000.0,141730000.0,53.56532954,dead,neutral,normal,STABLE
2025-01-12 06:00:00,141731000.0,142302000.0,141604000.0,142023000.0,85.09572625,dead,neutral,high,DOWN
2025-01-12 07:00:00,142089000.0,142238000.0,141400000.0,141478000.0,83.10811995,dead,neutral,normal,STABLE
2025-01-12 08:00:00,141478000.0,141900000.0,141478000.0,141771000.0,64.88307529,dead,neutral,normal,STABLE
2025-01-12 09:00:00,141768000.0,141800000.0,141303000.0,141511000.0,70.03760525,dead,neutral,normal,STABLE
2025-01-12 10:00:00,141511000.0,141752000.0,141310000.0,141748000.0,41.24729071,dead,neutral,normal,STABLE
2025-01-12 11:00:00,141748000.0,141888000.0,141600000.0,141887000.0,32.39293788,dead,neutral,normal,STABLE
2025-01-12 12:00:00,141887000.0,142167000.0,141712000.0,141786000.0,59.36826531,dead,neutral,normal,STABLE
2025-01-12 13:00:00,141873000.0,141902000.0,141687000.0,141711000.0,32.25685832,dead,neutral,normal,STABLE
2025-01-12 14:00:00,141715000.0,141787000.0,141660000.0,141773000.0,24.66146691,dead,neutral,normal,STABLE
2025-01-12 15:00:00,141776000.0,141843000.0,141527000.0,141562000.0,28.38060861,dead,neutral,normal,STABLE
2025-01-12 16:00:00,141561000.0,141680000.0,141366000.0,141556000.0,45.16759564,dead,neutral,normal,STABLE
2025-01-12 17:00:00,141588000.0,141589000.0,141266000.0,141567000.0,52.01123581,dead,neutral,normal,DOWN
2025-01-12 18:00:00,141567000.0,141580000.0,141002000.0,141141000.0,75.99401313,dead,neutral,normal,STABLE
2025-01-12 19:00:00,141141000.0,141415000.0,141141000.0,141310000.0,43.59698131,dead,neutral,normal,STABLE
2025-01-12 20:00:00,141347000.0,141771000.0,141267000.0,141675000.0,40.63393553,dead,neutral,normal,STABLE
2025-01-12 21:00:00,141675000.0,142000000.0,141532000.0,141720000.0,64.90107261,dead,neutral,normal,UP
2025-01-12 22:00:00,141719000.0,142258000.0,141719000.0,142238000.0,66.0804201,dead,neutral,normal,STABLE
2025-01-12 23:00:00,142238000.0,142936000.0,142238000.0,142352000.0,144.38387929,golden,neutral,high,STABLE
2025-01-13 00:00:00,142382000.0,143245000.0,142200000.0,142760000.0,83.96657458,golden,neutral,normal,STABLE
2025-01-13 01:00:00,142793000.0,142969000.0,142320000.0,142716000.0,34.02612219,golden,neutral,normal,STABLE
2025-01-13 02:00:00,142799000.0,143100000.0,142716000.0,142819000.0,38.29609651,golden,neutral,normal,STABLE
2025-01-13 03:00:00,142819000.0,142939000.0,142500000.0,142501000.0,11.58826908,golden,neutral,low,DOWN
2025-01-13 04:00:00,142502000.0,142584000.0,142000000.0,142014000.0,27.8834807,golden,neutral,normal,STABLE
2025-01-13 05:00:00,142073000.0,142285000.0,142000000.0,142001000.0,11.91985318,golden,neutral,low,STABLE
2025-01-13 06:00:00,142083000.0,142258000.0,141600000.0,141654000.0,38.67342038,golden,neutral,normal,STABLE
2025-01-13 07:00:00,141654000.0,142000000.0,141490000.0,141582000.0,59.33698445,golden,neutral,normal,UP
2025-01-13 08:00:00,141582000.0,142250000.0,141582000.0,142086000.0,54.33203188,dead,neutral,normal,UP
2025-01-13 09:00:00,142074000.0,143500000.0,141829000.0,142719000.0,201.85422262,golden,neutral,high,DOWN
2025-01-13 10:00:00,142719000.0,142894000.0,141400000.0,141638000.0,129.97727629,dead,neutral,high,STABLE
2025-01-13 11:00:00,141559000.0,142046000.0,141413000.0,141795000.0,89.76371925,dead,neutral,normal,STABLE
2025-01-13 12:00:00,141809000.0,142044000.0,141590000.0,141850000.0,49.80698278,golden,neutral,normal,STABLE
2025-01-13 13:00:00,141899000.0,142433000.0,141774000.0,142148000.0,65.92558208,dead,neutral,normal,STABLE
2025-01-13 14:00:00,142111000.0,142149000.0,141776000.0,141901000.0,46.33979903,dead,neutral,normal,DOWN
2025-01-13 15:00:00,141954000.0,142096000.0,140929000.0,141270000.0,195.13042095,dead,neutral,high,STABLE
2025-01-13 16:00:00,141270000.0,141634000.0,140900000.0,140996000.0,113.1423662,dead,neutral,normal,DOWN
2025-01-13 17:00:00,140998000.0,140998000.0,140000000.0,140155000.0,211.5441042,dead,neutral,high,STABLE
2025-01-13 18:00:00,140253000.0,140572000.0,139850000.0,140247000.0,198.96465221,dead,neutral,high,DOWN
2025-01-13 19:00:00,140250000.0,140300000.0,138643000.0,139025000.0,435.70635598,dead,oversold,high,DOWN
2025-01-13 20:00:00,139029000.0,139205000.0,138260000.0,138262000.0,325.59038021,dead,oversold,high,STABLE
2025-01-13 21:00:00,138260000.0,139000000.0,137500000.0,138120000.0,512.58037098,dead,oversold,high,UP
2025-01-13 22:00:00,138150000.0,139807000.0,137937000.0,138848000.0,277.96207657,dead,neutral,normal,UP
2025-01-13 23:00:00,138751000.0,140118000.0,137500000.0,139560000.0,439.81968628,dead,neutral,high,UP
2025-01-14 00:00:00,139559000.0,141577000.0,139400000.0,140201000.0,296.06965969,dead,neutral,normal,DOWN
2025-01-14 01:00:00,140201000.0,140340000.0,139010000.0,139197000.0,132.83718187,dead,neutral,normal,UP
2025-01-14 02:00:00,139083000.0,140326000.0,139083000.0,139991000.0,39.71574533,dead,neutral,low,STABLE
2025-01-14 03:00:00,139991000.0,140451000.0,139557000.0,140148000.0,27.42390709,dead,neutral,low,STABLE
2025-01-14 04:00:00,140148000.0,140500000.0,139530000.0,140249000.0,34.27832082,dead,neutral,low,UP
2025-01-14 05:00:00,140213000.0,141883000.0,139896000.0,141598000.0,69.78336097,dead,neutral,low,STABLE
2025-01-14 06:00:00,141599000.0,142393000.0,141301000.0,141950000.0,131.93005181,golden,neutral,normal,STABLE
2025-01-14 07:00:00,142036000.0,142520000.0,141700000.0,141821000.0,134.1041163,golden,neutral,normal,STABLE
2025-01-14 08:00:00,141821000.0,142200000.0,141633000.0,142108000.0,83.2395814,golden,neutral,low,STABLE
2025-01-14 09:00:00,142108000.0,142460000.0,141684000.0,141862000.0,111.52774791,golden,neutral,normal,UP
2025-01-14 10:00:00,141862000.0,142724000.0,141862000.0,142398000.0,118.36596936,golden,neutral,normal,STABLE
2025-01-14 11:00:00,142271000.0,142850000.0,142219000.0,142354000.0,99.36476782,golden,neutral,normal,STABLE
2025-01-14 12:00:00,142360000.0,142565000.0,142198000.0,142237000.0,55.44510445,golden,neutral,low,STABLE
2025-01-14 13:00:00,142237000.0,142504000.0,141978000.0,142249000.0,55.5940423,golden,neutral,low,STABLE
2025-01-14 14:00:00,142250000.0,142709000.0,142220000.0,142222000.0,70.17521111,golden,neutral,low,STABLE
2025-01-14 15:00:00,142222000.0,142408000.0,141965000.0,142185000.0,46.12312845,golden,neutral,low,STABLE
2025-01-14 16:00:00,142190000.0,142350000.0,141838000.0,141840000.0,57.57430481,golden,neutral,low,UP
2025-01-14 17:00:00,141838000.0,142920000.0,141800000.0,142520000.0,130.15110602,golden,neutral,normal,UP
2025-01-14 18:00:00,142520000.0,144989000.0,142520000.0,144643000.0,384.2490385,golden,overbought,high,DOWN
2025-01-14 19:00:00,144659000.0,144789000.0,143781000.0,144008000.0,201.43045852,golden,neutral,normal,STABLE
2025-01-14 20:00:00,144008000.0,144044000.0,143360000.0,143900000.0,119.66284237,golden,neutral,normal,DOWN
2025-01-14 21:00:00,143900000.0,144001000.0,143001000.0,143009000.0,95.3984048,golden,neutral,normal,UP
2025-01-14 22:00:00,143009000.0,144999000.0,142817000.0,143924000.0,327.24037333,golden,neutral,high,STABLE
2025-01-14 23:00:00,143924000.0,144886000.0,143501000.0,143623000.0,179.83306174,golden,neutral,normal,STABLE
2025-01-15 00:00:00,143623000.0,144400000.0,143552000.0,143894000.0,79.21014335,golden,neutral,normal,DOWN
2025-01-15 01:00:00,143908000.0,143919000.0,142577000.0,142773000.0,111.75864284,golden,neutral,normal,UP
2025-01-15 02:00:00,142773000.0,143600000.0,142511000.0,143600000.0,59.83745916,golden,neutral,low,STABLE
2025-01-15 03:00:00,143567000.0,144109000.0,143187000.0,143930000.0,43.73780408,golden,neutral,low,DOWN
2025-01-15 04:00:00,143939000.0,144220000.0,143381000.0,143428000.0,27.52052928,golden,neutral,low,STABLE
2025-01-15 05:00:00,143427000.0,144000000.0,143040000.0,143463000.0,42.87310687,golden,neutral,low,STABLE
2025-01-15 06:00:00,143463000.0,143765000.0,143300000.0,143419000.0,36.65183884,golden,neutral,low,STABLE
2025-01-15 07:00:00,143439000.0,143754000.0,143414000.0,143720000.0,40.60828506,golden,neutral,low,STABLE
2025-01-15 08:00:00,143720000.0,143897000.0,143501000.0,143501000.0,54.64974039,golden,neutral,normal,UP
2025-01-15 09:00:00,143546000.0,144489000.0,143430000.0,143950000.0,132.74998133,golden,neutral,normal,UP
2025-01-15 10:00:00,143950000.0,144887000.0,143876000.0,144814000.0,209.93391296,golden,neutral,normal,DOWN
2025-01-15 11:00:00,144764000.0,144816000.0,144050000.0,144281000.0,146.43800571,golden,neutral,normal,STABLE
2025-01-15 12:00:00,144280000.0,144800000.0,144183000.0,144697000.0,90.48458702,golden,neutral,normal,STABLE
2025-01-15 13:00:00,144691000.0,144996000.0,144301000.0,144402000.0,114.03558089,golden,neutral,normal,DOWN
2025-01-15 14:00:00,144402000.0,144432000.0,143899000.0,143901000.0,90.01105277,golden,neutral,normal,STABLE
2025-01-15 15:00:00,143900000.0,144110000.0,143800000.0,144099000.0,67.32164668,golden,neutral,normal,STABLE
2025-01-15 16:00:00,144100000.0,144700000.0,144000000.0,144265000.0,92.07948119,golden,neutral,normal,STABLE
2025-01-15 17:00:00,144209000.0,144678000.0,144208000.0,144257000.0,73.13369283,golden,neutral,normal,DOWN
2025-01-15 18:00:00,144257000.0,144458000.0,143721000.0,143762000.0,81.24138737,golden,neutral,normal,STABLE
2025-01-15 19:00:00,143762000.0,144200000.0,143742000.0,143997000.0,62.07297408,golden,neutral,normal,STABLE
2025-01-15 20:00:00,143997000.0,144021000.0,142997000.0,143643000.0,176.04543194,golden,neutral,high,STABLE
2025-01-15 21:00:00,143643000.0,144083000.0,143179000.0,144002000.0,81.25466629,dead,neutral,normal,UP
2025-01-15 22:00:00,144009000.0,146812000.0,143947000.0,146387000.0,724.78637892,golden,neutral,high,STABLE
2025-01-15 23:00:00,146386000.0,146987000.0,145963000.0,146615000.0,323.02226298,golden,neutral,high,DOWN
2025-01-16 00:00:00,146615000.0,146987000.0,145770000.0,145777000.0,317.59471161,golden,neutral,high,STABLE
2025-01-16 01:00:00,145770000.0,146390000.0,145751000.0,145777000.0,125.27384214,golden,neutral,normal,STABLE
2025-01-16 02:00:00,145777000.0,146397000.0,145579000.0,145588000.0,69.0717939,golden,neutral,low,UP
2025-01-16 03:00:00,145588000.0,146256000.0,145579000.0,146255000.0,29.88515951,golden,neutral,low,UP
2025-01-16 04:00:00,146255000.0,146871000.0,146141000.0,146857000.0,54.99011419,golden,neutral,low,DOWN
2025-01-16 05:00:00,146857000.0,147724000.0,146241000.0,146394000.0,211.46109216,golden,neutral,normal,STABLE
2025-01-16 06:00:00,146439000.0,146724000.0,146203000.0,146219000.0,88.08129739,golden,neutral,normal,STABLE
2025-01-16 07:00:00,146219000.0,146219000.0,145934000.0,146086000.0,129.31610793,golden,neutral,normal,UP
2025-01-16 08:00:00,146086000.0,147323000.0,145846000.0,147309000.0,217.80348825,golden,neutral,normal,DOWN
2025-01-16 09:00:00,147309000.0,147804000.0,146000000.0,146608000.0,407.48320722,golden,neutral,high,STABLE
2025-01-16 10:00:00,146626000.0,146998000.0,146552000.0,146961000.0,148.20548096,golden,neutral,normal,DOWN
2025-01-16 11:00:00,146962000.0,147173000.0,146290000.0,146513000.0,99.56895999,golden,neutral,normal,STABLE
2025-01-16 12:00:00,146513000.0,146763000.0,146073000.0,146238000.0,70.19526073,golden,neutral,low,STABLE
2025-01-16 13:00:00,146238000.0,146405000.0,146121000.0,146180000.0,54.2479386,golden,neutral,low,STABLE
2025-01-16 14:00:00,146180000.0,146184000.0,145900000.0,146015000.0,78.15419596,golden,neutral,low,UP
2025-01-16 15:00:00,146015000.0,146513000.0,146011000.0,146511000.0,85.49838189,golden,neutral,low,STABLE
2025-01-16 16:00:00,146512000.0,146899000.0,146419000.0,146870000.0,70.37433188,golden,neutral,low,DOWN
2025-01-16 17:00:00,146870000.0,147029000.0,145633000.0,146134000.0,178.63234129,dead,neutral,normal,STABLE
2025-01-16 18:00:00,146134000.0,146480000.0,145600000.0,146140000.0,106.41644866,dead,neutral,normal,STABLE
2025-01-16 19:00:00,146153000.0,146426000.0,146110000.0,146200000.0,47.96452492,golden,neutral,low,STABLE
2025-01-16 20:00:00,146155000.0,146270000.0,145683000.0,146055000.0,144.66231808,dead,neutral,normal,STABLE
2025-01-16 21:00:00,146044000.0,146411000.0,145810000.0,146033000.0,184.83703964,dead,neutral,normal,STABLE
2025-01-16 22:00:00,146034000.0,146268000.0,145589000.0,145865000.0,240.78731261,dead,neutral,normal,DOWN
2025-01-16 23:00:00,145869000.0,146087000.0,144102000.0,144514000.0,372.87322708,dead,neutral,high,UP
2025-01-17 00:00:00,144514000.0,146062000.0,144180000.0,146062000.0,201.1924035,dead,neutral,normal,STABLE
2025-01-17 01:00:00,146047000.0,146498000.0,145530000.0,145736000.0,172.98855778,dead,neutral,normal,UP
2025-01-17 02:00:00,145669000.0,146798000.0,145522000.0,146300000.0,72.95261383,dead,neutral,low,STABLE
2025-01-17 03:00:00,146300000.0,146564000.0,145757000.0,146140000.0,26.45054002,dead,neutral,low,UP
2025-01-17 04:00:00,146020000.0,146900000.0,145950000.0,146900000.0,49.29751169,golden,neutral,low,UP
2025-01-17 05:00:00,146900000.0,147600000.0,146773000.0,147396000.0,125.74379248,golden,neutral,normal,STABLE
2025-01-17 06:00:00,147308000.0,147551000.0,146553000.0,146998000.0,83.62083681,golden,neutral,normal,STABLE
2025-01-17 07:00:00,146997000.0,146998000.0,146299000.0,146855000.0,73.23164514,golden,neutral,normal,STABLE
2025-01-17 08:00:00,146853000.0,147155000.0,146550000.0,146670000.0,97.07132341,golden,neutral,normal,UP
2025-01-17 09:00:00,146750000.0,147804000.0,146661000.0,147437000.0,208.12770895,golden,neutral,normal,UP
2025-01-17 10:00:00,147437000.0,149936000.0,147435000.0,149756000.0,398.17413306,golden,overbought,high,DOWN
2025-01-17 11:00:00,149756000.0,149937000.0,148580000.0,148771000.0,301.6237074,golden,neutral,normal,STABLE
2025-01-17 12:00:00,148761000.0,149245000.0,148742000.0,149112000.0,122.25027492,golden,neutral,normal,STABLE
2025-01-17 13:00:00,149112000.0,149600000.0,148968000.0,149558000.0,102.55375658,golden,neutral,normal,STABLE
2025-01-17 14:00:00,149599000.0,149700000.0,149150000.0,149150000.0,109.97597129,golden,neutral,normal,STABLE
2025-01-17 15:00:00,149153000.0,149500000.0,149139000.0,149183000.0,57.7331065,golden,neutral,low,STABLE
2025-01-17 16:00:00,149180000.0,149670000.0,149063000.0,149567000.0,103.7493852,golden,neutral,normal,UP
2025-01-17 17:00:00,149567000.0,150871000.0,149500000.0,150728000.0,375.03114162,golden,overbought,high,DOWN
2025-01-17 18:00:00,150729000.0,151000000.0,149800000.0,150110000.0,210.48196557,golden,neutral,normal,UP
2025-01-17 19:00:00,150110000.0,150997000.0,150110000.0,150622000.0,119.73944946,golden,neutral,normal,STABLE
2025-01-17 20:00:00,150609000.0,150700000.0,150220000.0,150256000.0,88.50433476,golden,neutral,normal,UP
2025-01-17 21:00:00,150254000.0,151967000.0,150250000.0,151811000.0,359.36015751,golden,overbought,high,STABLE
2025-01-17 22:00:00,151811000.0,152000000.0,151410000.0,151571000.0,261.91460171,golden,neutral,normal,UP
2025-01-17 23:00:00,151571000.0,152350000.0,151250000.0,152345000.0,275.41881602,golden,overbought,normal,UP
2025-01-18 00:00:00,152350000.0,153624000.0,152345000.0,153510000.0,448.61240374,golden,overbought,high,UP
2025-01-18 01:00:00,153510000.0,154600000.0,153485000.0,154511000.0,267.79949318,golden,overbought,normal,DOWN
2025-01-18 02:00:00,154511000.0,154800000.0,153408000.0,153551000.0,180.50623143,golden,neutral,normal,UP
2025-01-18 03:00:00,153551000.0,154656000.0,153534000.0,154600000.0,91.8181953,golden,overbought,low,UP
2025-01-18 04:00:00,154557000.0,155506000.0,154404000.0,155500000.0,182.63344446,golden,overbought,normal,DOWN
2025-01-18 05:00:00,155500000.0,155509000.0,153387000.0,153681000.0,135.6939462,golden,neutral,normal,STABLE
2025-01-18 06:00:00,153635000.0,154298000.0,153388000.0,153547000.0,101.6747906,golden,neutral,normal,STABLE
2025-01-18 07:00:00,153547000.0,153747000.0,152842000.0,153301000.0,165.51265021,golden,neutral,normal,DOWN
2025-01-18 08:00:00,153301000.0,153336000.0,152340000.0,152345000.0,165.83192933,golden,neutral,normal,UP
2025-01-18 09:00:00,152434000.0,154376000.0,152343000.0,154356000.0,274.69700916,golden,neutral,normal,DOWN
2025-01-18 10:00:00,154372000.0,154399000.0,153398000.0,153783000.0,199.01542204,golden,neutral,normal,STABLE
2025-01-18 11:00:00,153783000.0,154009000.0,153722000.0,153750000.0,71.02243334,golden,neutral,low,DOWN
2025-01-18 12:00:00,153726000.0,154000000.0,152000000.0,152966000.0,249.55739097,golden,neutral,normal,STABLE
2025-01-18 13:00:00,152966000.0,153200000.0,151533000.0,153115000.0,282.53451515,golden,neutral,normal,DOWN
2025-01-18 14:00:00,153115000.0,153876000.0,152400000.0,152435000.0,283.87011001,golden,neutral,normal,UP
2025-01-18 15:00:00,152500000.0,153913000.0,152407000.0,153819000.0,185.13371613,dead,neutral,normal,DOWN
2025-01-18 16:00:00,153822000.0,153866000.0,152782000.0,153181000.0,114.49683588,dead,neutral,normal,UP
2025-01-18 17:00:00,153181000.0,153850000.0,152433000.0,153839000.0,175.94149653,dead,neutral,normal,STABLE
2025-01-18 18:00:00,153839000.0,154147000.0,153586000.0,153884000.0,147.2638097,dead,neutral,normal,STABLE
2025-01-18 19:00:00,153884000.0,154370000.0,153500000.0,154267000.0,191.78031809,golden,neutral,normal,STABLE
2025-01-18 20:00:00,154343000.0,154997000.0,153895000.0,154614000.0,167.79647434,golden,neutral,normal,STABLE
2025-01-18 21:00:00,154614000.0,155245000.0,154495000.0,154652000.0,172.1379056,golden,neutral,normal,UP
2025-01-18 22:00:00,154651000.0,155288000.0,154241000.0,155288000.0,138.71558258,golden,neutral,normal,STABLE
2025-01-18 23:00:00,155288000.0,155606000.0,154824000.0,155273000.0,204.54535874,golden,neutral,normal,UP
2025-01-19 00:00:00,155273000.0,156488000.0,155001000.0,156155000.0,242.00193039,golden,neutral,normal,DOWN
2025-01-19 01:00:00,156155000.0,156451000.0,154500000.0,154612000.0,213.17501451,golden,neutral,normal,UP
2025-01-19 02:00:00,154635000.0,155700000.0,154613000.0,155464000.0,61.04682068,golden,neutral,low,STABLE
2025-01-19 03:00:00,155320000.0,155820000.0,155218000.0,155602000.0,50.46882626,golden,neutral,low,STABLE
2025-01-19 04:00:00,155679000.0,155850000.0,155450000.0,155650000.0,23.47232816,golden,neutral,low,STABLE
2025-01-19 05:00:00,155693000.0,155777000.0,155146000.0,155500000.0,41.78496947,golden,neutral,low,STABLE
2025-01-19 06:00:00,155500000.0,155806000.0,155267000.0,155392000.0,36.42013551,golden,neutral,low,STABLE
2025-01-19 07:00:00,155403000.0,155801000.0,155260000.0,155735000.0,56.59939054,golden,neutral,low,STABLE
2025-01-19 08:00:00,155735000.0,156530000.0,155455000.0,155801000.0,164.65600785,golden,neutral,normal,DOWN
2025-01-19 09:00:00,155720000.0,156100000.0,155056000.0,155296000.0,212.13573837,golden,neutral,normal,STABLE
2025-01-19 10:00:00,155296000.0,155557000.0,155000000.0,155245000.0,130.31846837,golden,neutral,normal,UP
2025-01-19 11:00:00,155245000.0,156430000.0,155189000.0,156098000.0,131.37077647,golden,neutral,normal,STABLE
2025-01-19 12:00:00,156098000.0,156400000.0,155580000.0,156397000.0,123.28557138,golden,neutral,normal,UP
2025-01-19 13:00:00,156397000.0,157000000.0,156173000.0,157000000.0,247.1629963,golden,neutral,normal,UP
2025-01-19 14:00:00,157000000.0,157500000.0,156250000.0,157480000.0,264.90960489,golden,neutral,normal,UP
2025-01-19 15:00:00,157444000.0,158500000.0,157352000.0,158370000.0,252.8400174,golden,overbought,normal,STABLE
2025-01-19 16:00:00,158370000.0,158400000.0,157785000.0,158300000.0,249.66460966,golden,overbought,normal,STABLE
2025-01-19 17:00:00,158270000.0,158555000.0,157879000.0,158000000.0,257.60246577,golden,neutral,normal,UP
2025-01-19 18:00:00,157980000.0,159266000.0,156768000.0,159217000.0,593.53897722,golden,overbought,high,STABLE
2025-01-19 19:00:00,159217000.0,159267000.0,158501000.0,159178000.0,279.93082086,golden,overbought,normal,DOWN
2025-01-19 20:00:00,159150000.0,159999000.0,158550000.0,158667000.0,485.1134088,golden,neutral,high,UP
2025-01-19 21:00:00,158667000.0,159600000.0,157674000.0,159200000.0,347.54153809,golden,overbought,normal,STABLE
2025-01-19 22:00:00,159202000.0,159450000.0,158718000.0,159147000.0,202.49009045,golden,overbought,normal,STABLE
2025-01-19 23:00:00,159133000.0,159800000.0,158555000.0,158703000.0,349.92641114,golden,neutral,normal,DOWN
2025-01-20 00:00:00,158703000.0,158919000.0,157022000.0,157610000.0,332.23553423,golden,neutral,normal,DOWN
2025-01-20 01:00:00,157610000.0,157659000.0,157000000.0,157090000.0,99.09321184,golden,neutral,low,STABLE
2025-01-20 02:00:00,157090000.0,157376000.0,156530000.0,157208000.0,114.593895,golden,neutral,low,DOWN
2025-01-20 03:00:00,157151000.0,157377000.0,156535000.0,156706000.0,81.5158618,dead,neutral,low,UP
2025-01-20 04:00:00,156804000.0,158350000.0,156710000.0,158350000.0,74.87010093,dead,neutral,low,UP
2025-01-20 05:00:00,158350000.0,159098000.0,157433000.0,158966000.0,113.92550132,dead,neutral,low,DOWN
2025-01-20 06:00:00,158987000.0,158989000.0,156721000.0,157065000.0,223.98447236,dead,neutral,normal,DOWN
2025-01-20 07:00:00,157065000.0,157598000.0,154300000.0,156293000.0,611.50580346,dead,neutral,high,DOWN
2025-01-20 08:00:00,156293000.0,156362000.0,150903000.0,154000000.0,1333.99067709,dead,neutral,high,DOWN
2025-01-20 09:00:00,154000000.0,155168000.0,152092000.0,152526000.0,562.98175803,dead,neutral,normal,UP
2025-01-20 10:00:00,152526000.0,153999000.0,152270000.0,153773000.0,250.63290538,dead,neutral,normal,UP
2025-01-20 11:00:00,153774000.0,155999000.0,153665000.0,155959000.0,312.47611739,dead,neutral,normal,DOWN
2025-01-20 12:00:00,155958000.0,155959000.0,153800000.0,154095000.0,217.04884315,dead,neutral,normal,UP
2025-01-20 13:00:00,154050000.0,155372000.0,153730000.0,155006000.0,165.3462721,dead,neutral,low,STABLE
2025-01-20 14:00:00,155006000.0,155753000.0,154906000.0,155218000.0,118.69215731,dead,neutral,low,UP
2025-01-20 15:00:00,155217000.0,163325000.0,155027000.0,161310000.0,1285.28874575,dead,neutral,high,DOWN
2025-01-20 16:00:00,161310000.0,162900000.0,160042000.0,160296000.0,1280.15044219,golden,neutral,high,UP
2025-01-20 17:00:00,160294000.0,161914000.0,160200000.0,161910000.0,455.64295488,golden,neutral,normal,STABLE
2025-01-20 18:00:00,161897000.0,162818000.0,161001000.0,161603000.0,395.26743288,golden,neutral,normal,STABLE
2025-01-20 19:00:00,161603000.0,162200000.0,160800000.0,161156000.0,234.11446705,golden,neutral,normal,STABLE
2025-01-20 20:00:00,161155000.0,161750000.0,160653000.0,161377000.0,227.8137063,golden,neutral,normal,DOWN
2025-01-20 21:00:00,161377000.0,161920000.0,157500000.0,159840000.0,822.24731282,golden,neutral,normal,UP
2025-01-20 22:00:00,159840000.0,161599000.0,159573000.0,161268000.0,338.12947447,golden,neutral,normal,DOWN
2025-01-20 23:00:00,161269000.0,161300000.0,160198000.0,160378000.0,232.93119651,golden,neutral,normal,DOWN
2025-01-21 00:00:00,160378000.0,160571000.0,156700000.0,157100000.0,595.67355999,golden,neutral,normal,UP
2025-01-21 01:00:00,157100000.0,160100000.0,156031000.0,159074000.0,517.49136117,golden,neutral,normal,DOWN
2025-01-21 02:00:00,159081000.0,159211000.0,152229000.0,155120000.0,1301.73631244,golden,neutral,high,STABLE
2025-01-21 03:00:00,154961000.0,156250000.0,154520000.0,155500000.0,218.24544817,dead,neutral,low,STABLE
2025-01-21 04:00:00,155500000.0,155824000.0,154100000.0,155300000.0,139.8027679,dead,neutral,low,STABLE
2025-01-21 05:00:00,155369000.0,156000000.0,154811000.0,155402000.0,120.28037071,dead,neutral,low,DOWN
2025-01-21 06:00:00,155402000.0,155965000.0,152674000.0,152696000.0,237.89436142,dead,neutral,normal,UP
2025-01-21 07:00:00,152688000.0,155463000.0,151518000.0,155194000.0,542.85010259,dead,neutral,normal,DOWN
2025-01-21 08:00:00,155194000.0,155199000.0,152550000.0,153225000.0,372.51517786,dead,neutral,normal,DOWN
2025-01-21 09:00:00,153225000.0,153791000.0,152000000.0,152001000.0,405.78725327,dead,neutral,normal,STABLE
2025-01-21 10:00:00,152001000.0,153210000.0,151038000.0,152350000.0,385.6191011,dead,neutral,normal,UP
2025-01-21 11:00:00,152287000.0,154921000.0,151936000.0,154476000.0,300.07987543,dead,neutral,normal,STABLE
2025-01-21 12:00:00,154476000.0,155355000.0,153947000.0,154883000.0,216.44919224,dead,neutral,normal,DOWN
2025-01-21 13:00:00,154883000.0,155121000.0,153658000.0,153991000.0,152.58154565,dead,neutral,low,DOWN
2025-01-21 14:00:00,153989000.0,154152000.0,152340000.0,152854000.0,149.33445127,dead,neutral,low,UP
2025-01-21 15:00:00,152848000.0,153700000.0,152603000.0,153649000.0,149.98149084,dead,neutral,low,STABLE
2025-01-21 16:00:00,153649000.0,154200000.0,153100000.0,153400000.0,94.75759519,dead,neutral,low,UP
2025-01-21 17:00:00,153489000.0,154340000.0,153021000.0,154313000.0,100.58215029,dead,neutral,low,UP
2025-01-21 18:00:00,154313000.0,155002000.0,154000000.0,154900000.0,113.43532662,dead,neutral,low,UP
2025-01-21 19:00:00,154900000.0,155925000.0,154855000.0,155397000.0,187.15823907,dead,neutral,normal,STABLE
2025-01-21 20:00:00,155397000.0,156100000.0,155211000.0,155212000.0,250.98839104,golden,neutral,normal,UP
2025-01-21 21:00:00,155274000.0,156500000.0,155000000.0,156176000.0,244.54802476,golden,neutral,normal,STABLE
2025-01-21 22:00:00,156147000.0,156800000.0,155749000.0,156173000.0,194.4720363,golden,neutral,normal,DOWN
2025-01-21 23:00:00,156170000.0,156999000.0,154520000.0,154700000.0,329.51589205,golden,neutral,normal,UP
2025-01-22 00:00:00,154813000.0,155631000.0,154311000.0,155213000.0,136.91872051,golden,neutral,normal,UP
2025-01-22 01:00:00,155213000.0,158345000.0,155115000.0,156280000.0,330.93360054,golden,neutral,normal,UP
2025-01-22 02:00:00,156269000.0,157950000.0,156200000.0,157445000.0,71.34843433,golden,neutral,low,UP
2025-01-22 03:00:00,157445000.0,158490000.0,157098000.0,157927000.0,138.65204231,golden,neutral,normal,STABLE
2025-01-22 04:00:00,158006000.0,158320000.0,157311000.0,158274000.0,76.23508296,golden,neutral,low,DOWN
2025-01-22 05:00:00,158143000.0,158350000.0,156750000.0,156844000.0,105.36519728,golden,neutral,normal,UP
2025-01-22 06:00:00,156862000.0,157999000.0,156620000.0,157983000.0,78.38261694,golden,neutral,low,DOWN
2025-01-22 07:00:00,157983000.0,158032000.0,157090000.0,157090000.0,96.54862825,golden,neutral,normal,UP
2025-01-22 08:00:00,157090000.0,157785000.0,156511000.0,157571000.0,132.16588181,golden,neutral,normal,STABLE
2025-01-22 09:00:00,157571000.0,157791000.0,157110000.0,157219000.0,131.43933439,golden,neutral,normal,STABLE
2025-01-22 10:00:00,157210000.0,157618000.0,156289000.0,156975000.0,143.38458194,golden,neutral,normal,STABLE
2025-01-22 11:00:00,156975000.0,157427000.0,156800000.0,156870000.0,83.23752529,golden,neutral,normal,STABLE
2025-01-22 12:00:00,156863000.0,157127000.0,156800000.0,156959000.0,59.08561555,golden,neutral,low,STABLE
2025-01-22 13:00:00,156959000.0,157130000.0,156716000.0,156953000.0,50.99165146,golden,neutral,low,STABLE
2025-01-22 14:00:00,156953000.0,157100000.0,156734000.0,157083000.0,62.48858337,golden,neutral,low,STABLE
2025-01-22 15:00:00,157024000.0,157450000.0,156635000.0,156900000.0,101.76456533,golden,neutral,normal,STABLE
2025-01-22 16:00:00,156910000.0,157264000.0,156495000.0,156516000.0,85.82653251,golden,neutral,normal,STABLE
2025-01-22 17:00:00,156516000.0,156839000.0,156211000.0,156616000.0,110.50442663,dead,neutral,normal,STABLE
2025-01-22 18:00:00,156616000.0,156726000.0,156297000.0,156297000.0,42.732916,dead,neutral,low,STABLE
2025-01-22 19:00:00,156296000.0,156578000.0,156000000.0,156572000.0,77.63958176,dead,neutral,normal,STABLE
2025-01-22 20:00:00,156572000.0,156820000.0,156080000.0,156222000.0,94.34952637,dead,neutral,normal,STABLE
2025-01-22 21:00:00,156222000.0,156642000.0,156102000.0,156310000.0,87.23695914,dead,neutral,normal,DOWN
2025-01-22 22:00:00,156322000.0,156392000.0,155000000.0,155319000.0,231.0314313,dead,neutral,high,STABLE
2025-01-22 23:00:00,155241000.0,155999000.0,154780000.0,155461000.0,175.88843898,dead,neutral,normal,STABLE
2025-01-23 00:00:00,155461000.0,156350000.0,155200000.0,155493000.0,158.51077082,dead,neutral,normal,DOWN
2025-01-23 01:00:00,155504000.0,155555000.0,154505000.0,154909000.0,99.86055106,dead,neutral,normal,STABLE
2025-01-23 02:00:00,154909000.0,155690000.0,154679000.0,155234000.0,45.04961531,dead,neutral,low,STABLE
2025-01-23 03:00:00,155411000.0,155848000.0,155051000.0,155346000.0,27.84841998,dead,neutral,low,STABLE
2025-01-23 04:00:00,155465000.0,156190000.0,155346000.0,155564000.0,43.56709611,dead,neutral,low,DOWN
2025-01-23 05:00:00,155564000.0,155777000.0,154500000.0,154815000.0,106.04676552,dead,neutral,normal,STABLE
2025-01-23 06:00:00,154870000.0,155298000.0,154486000.0,155036000.0,74.59300418,dead,neutral,normal,STABLE
2025-01-23 07:00:00,155030000.0,155690000.0,154822000.0,154926000.0,62.45594225,dead,neutral,normal,STABLE
2025-01-23 08:00:00,154926000.0,155523000.0,154900000.0,154999000.0,72.19953394,dead,neutral,normal,DOWN
2025-01-23 09:00:00,154999000.0,155385000.0,154080000.0,154361000.0,139.43342384,dead,neutral,normal,DOWN
2025-01-23 10:00:00,154361000.0,154600000.0,153555000.0,153716000.0,142.15579423,dead,neutral,normal,STABLE
2025-01-23 11:00:00,153672000.0,153716000.0,152987000.0,153470000.0,198.18514889,dead,neutral,normal,STABLE
2025-01-23 12:00:00,153436000.0,153986000.0,152900000.0,153170000.0,111.08486978,dead,neutral,normal,STABLE
2025-01-23 13:00:00,153170000.0,153170000.0,152000000.0,152775000.0,254.59974929,dead,oversold,high,STABLE
2025-01-23 14:00:00,152775000.0,153174000.0,152250000.0,153010000.0,92.96029653,dead,neutral,normal,STABLE
2025-01-23 15:00:00,153101000.0,153755000.0,152691000.0,152756000.0,86.53353494,dead,oversold,normal,UP
2025-01-23 16:00:00,152756000.0,153600000.0,152576000.0,153400000.0,65.90368853,dead,neutral,normal,STABLE
2025-01-23 17:00:00,153401000.0,153547000.0,152716000.0,153120000.0,54.28013665,dead,neutral,low,DOWN
2025-01-23 18:00:00,153003000.0,153243000.0,152381000.0,152434000.0,79.70659662,dead,neutral,normal,STABLE
2025-01-23 19:00:00,152434000.0,152590000.0,152000000.0,152543000.0,131.51898848,dead,neutral,normal,STABLE
2025-01-23 20:00:00,152543000.0,153079000.0,152500000.0,152709000.0,78.26689435,dead,neutral,normal,STABLE
2025-01-23 21:00:00,152724000.0,153000000.0,152249000.0,152608000.0,105.93534795,dead,neutral,normal,UP
2025-01-23 22:00:00,152608000.0,154230000.0,152273000.0,154016000.0,144.84580648,dead,neutral,normal,UP
2025-01-23 23:00:00,154016000.0,158368000.0,153050000.0,157146000.0,712.05988057,dead,neutral,high,STABLE
2025-01-24 00:00:00,157146000.0,157731000.0,154100000.0,156957000.0,677.34702532,golden,neutral,high,STABLE
2025-01-24 01:00:00,156874000.0,158920000.0,156191000.0,156630000.0,531.86273752,golden,neutral,high,UP
2025-01-24 02:00:00,156584000.0,158000000.0,155569000.0,157632000.0,136.68260468,golden,neutral,normal,STABLE
2025-01-24 03:00:00,157632000.0,157805000.0,156647000.0,157252000.0,74.80327084,golden,neutral,low,DOWN
2025-01-24 04:00:00,157254000.0,157378000.0,155059000.0,155579000.0,112.89166226,golden,neutral,normal,DOWN
2025-01-24 05:00:00,155579000.0,158687000.0,154000000.0,154908000.0,516.88496364,golden,neutral,high,STABLE
2025-01-24 06:00:00,154908000.0,155163000.0,153580000.0,155098000.0,193.54192748,golden,neutral,normal,STABLE
2025-01-24 07:00:00,155059000.0,156731000.0,154800000.0,155349000.0,170.99630084,golden,neutral,normal,STABLE
2025-01-24 08:00:00,155400000.0,156255000.0,155078000.0,155112000.0,141.54961489,golden,neutral,normal,DOWN
2025-01-24 09:00:00,155112000.0,155254000.0,154211000.0,154329000.0,146.80347931,golden,neutral,normal,STABLE
2025-01-24 10:00:00,154329000.0,155200000.0,154275000.0,154443000.0,108.85173709,golden,neutral,normal,STABLE
2025-01-24 11:00:00,154443000.0,154835000.0,154274000.0,154351000.0,91.83819957,dead,neutral,low,UP
2025-01-24 12:00:00,154395000.0,156700000.0,154000000.0,155950000.0,447.1622158,dead,neutral,normal,UP
2025-01-24 13:00:00,155920000.0,156870000.0,155679000.0,156659000.0,168.44116453,golden,neutral,normal,STABLE
2025-01-24 14:00:00,156659000.0,156900000.0,156300000.0,156666000.0,132.25470502,golden,neutral,normal,STABLE
2025-01-24 15:00:00,156791000.0,156804000.0,156175000.0,156568000.0,113.35058206,golden,neutral,low,STABLE
2025-01-24 16:00:00,156580000.0,156760000.0,156000000.0,156379000.0,99.17575226,golden,neutral,low,UP
2025-01-24 17:00:00,156379000.0,157000000.0,156330000.0,156999000.0,122.85441999,golden,neutral,normal,STABLE
2025-01-24 18:00:00,156999000.0,157555000.0,156735000.0,156795000.0,125.99474189,golden,neutral,normal,STABLE
2025-01-24 19:00:00,156753000.0,157076000.0,156732000.0,156996000.0,84.31815894,golden,neutral,low,STABLE
2025-01-24 20:00:00,156996000.0,157200000.0,156900000.0,157020000.0,63.18431199,golden,neutral,low,STABLE
2025-01-24 21:00:00,157020000.0,157110000.0,156800000.0,156994000.0,71.40953607,golden,neutral,low,STABLE
2025-01-24 22:00:00,156994000.0,157326000.0,156500000.0,156656000.0,110.31379313,golden,neutral,normal,UP
2025-01-24 23:00:00,156656000.0,157970000.0,156033000.0,157479000.0,194.50257789,golden,neutral,normal,STABLE
2025-01-25 00:00:00,157351000.0,157727000.0,156810000.0,157687000.0,145.05821248,golden,neutral,normal,STABLE
2025-01-25 01:00:00,157687000.0,157988000.0,157300000.0,157301000.0,77.52487685,golden,neutral,normal,UP
2025-01-25 02:00:00,157302000.0,158500000.0,157302000.0,158325000.0,119.66144432,golden,neutral,normal,STABLE
2025-01-25 03:00:00,158325000.0,159000000.0,158001000.0,158199000.0,123.90587325,golden,neutral,normal,DOWN
2025-01-25 04:00:00,158230000.0,158549000.0,157425000.0,157556000.0,59.69896198,golden,neutral,low,DOWN
2025-01-25 05:00:00,157556000.0,157689000.0,156700000.0,156947000.0,75.99865896,golden,neutral,normal,UP
2025-01-25 06:00:00,156947000.0,157800000.0,156904000.0,157431000.0,55.82369167,golden,neutral,low,STABLE
2025-01-25 07:00:00,157431000.0,157859000.0,157100000.0,157177000.0,68.06608495,golden,neutral,normal,STABLE
2025-01-25 08:00:00,157108000.0,157348000.0,156600000.0,157146000.0,116.15922081,golden,neutral,normal,STABLE
2025-01-25 09:00:00,157170000.0,157398000.0,156889000.0,156999000.0,110.16100589,dead,neutral,normal,STABLE
2025-01-25 10:00:00,156999000.0,157385000.0,156950000.0,157275000.0,61.83557272,golden,neutral,normal,STABLE
2025-01-25 11:00:00,157275000.0,157286000.0,157000000.0,157122000.0,45.12221688,dead,neutral,low,UP
2025-01-25 12:00:00,157129000.0,157808000.0,157000000.0,157798000.0,60.89984806,dead,neutral,normal,STABLE
2025-01-25 13:00:00,157798000.0,157832000.0,157347000.0,157361000.0,48.58708891,dead,neutral,normal,STABLE
2025-01-25 14:00:00,157348000.0,157444000.0,156973000.0,157000000.0,54.21869976,dead,neutral,normal,STABLE
2025-01-25 15:00:00,157055000.0,157178000.0,156974000.0,157135000.0,36.31389733,dead,neutral,low,STABLE
2025-01-25 16:00:00,157135000.0,157380000.0,157076000.0,157184000.0,35.08085065,dead,neutral,low,STABLE
2025-01-25 17:00:00,157185000.0,157250000.0,156990000.0,157073000.0,43.66451828,dead,neutral,normal,STABLE
2025-01-25 18:00:00,157073000.0,157258000.0,157010000.0,157138000.0,41.71630553,dead,neutral,normal,STABLE
2025-01-25 19:00:00,157138000.0,157600000.0,156941000.0,157434000.0,68.77326441,dead,neutral,normal,STABLE
2025-01-25 20:00:00,157433000.0,157570000.0,157054000.0,157337000.0,41.98799788,dead,neutral,normal,STABLE
2025-01-25 21:00:00,157337000.0,157359000.0,157114000.0,157313000.0,37.02894391,dead,neutral,normal,STABLE
2025-01-25 22:00:00,157315000.0,157496000.0,157240000.0,157396000.0,36.95439945,golden,neutral,normal,STABLE
2025-01-25 23:00:00,157396000.0,157410000.0,157200000.0,157217000.0,28.83438326,golden,neutral,normal,STABLE
2025-01-26 00:00:00,157217000.0,157683000.0,157198000.0,157272000.0,64.16387628,golden,neutral,normal,STABLE
2025-01-26 01:00:00,157315000.0,157501000.0,157097000.0,157097000.0,54.39385886,golden,neutral,normal,STABLE
2025-01-26 02:00:00,157097000.0,157424000.0,157000000.0,157367000.0,30.71236568,golden,neutral,normal,STABLE
2025-01-26 03:00:00,157424000.0,157660000.0,157225000.0,157271000.0,30.49369799,dead,neutral,normal,STABLE
2025-01-26 04:00:00,157271000.0,157481000.0,157164000.0,157212000.0,14.72964033,dead,neutral,low,STABLE
2025-01-26 05:00:00,157212000.0,157450000.0,157170000.0,157203000.0,13.30943656,dead,neutral,low,STABLE
2025-01-26 06:00:00,157203000.0,157434000.0,157133000.0,157408000.0,18.59955923,golden,neutral,low,STABLE
2025-01-26 07:00:00,157408000.0,157437000.0,157145000.0,157186000.0,27.83937919,dead,neutral,normal,STABLE
2025-01-26 08:00:00,157242000.0,157297000.0,157026000.0,157200000.0,39.21217287,golden,neutral,normal,STABLE
2025-01-26 09:00:00,157200000.0,157308000.0,157051000.0,157124000.0,50.41784041,dead,neutral,normal,STABLE
2025-01-26 10:00:00,157124000.0,157255000.0,157039000.0,157180000.0,47.08242108,dead,neutral,normal,STABLE
2025-01-26 11:00:00,157180000.0,157230000.0,157111000.0,157150000.0,30.60038173,dead,neutral,normal,STABLE
2025-01-26 12:00:00,157150000.0,157411000.0,157100000.0,157410000.0,39.77409416,dead,neutral,normal,STABLE
2025-01-26 13:00:00,157400000.0,157777000.0,157333000.0,157449000.0,56.19303083,dead,neutral,normal,STABLE
2025-01-26 14:00:00,157449000.0,157465000.0,157336000.0,157417000.0,24.04515713,golden,neutral,normal,STABLE
2025-01-26 15:00:00,157380000.0,157450000.0,157238000.0,157395000.0,25.51737559,golden,neutral,normal,STABLE
2025-01-26 16:00:00,157395000.0,157444000.0,157226000.0,157267000.0,22.91237197,golden,neutral,normal,STABLE
2025-01-26 17:00:00,157269000.0,157449000.0,157227000.0,157350000.0,29.02288117,golden,neutral,normal,STABLE
2025-01-26 18:00:00,157350000.0,157350000.0,157027000.0,157255000.0,59.32727281,golden,neutral,normal,STABLE
2025-01-26 19:00:00,157255000.0,157281000.0,157011000.0,157250000.0,38.0045553,golden,neutral,normal,STABLE
2025-01-26 20:00:00,157250000.0,157424000.0,157034000.0,157187000.0,38.29715772,dead,neutral,normal,STABLE
2025-01-26 21:00:00,157187000.0,157416000.0,157030000.0,157347000.0,40.95625964,dead,neutral,normal,STABLE
2025-01-26 22:00:00,157347000.0,157560000.0,157207000.0,157479000.0,67.78123825,golden,neutral,normal,STABLE
2025-01-26 23:00:00,157479000.0,157777000.0,157347000.0,157700000.0,49.24915982,golden,neutral,normal,STABLE
2025-01-27 00:00:00,157773000.0,157787000.0,157500000.0,157646000.0,50.74494689,golden,neutral,normal,STABLE
2025-01-27 01:00:00,157646000.0,157668000.0,157500000.0,157600000.0,25.19620577,golden,neutral,normal,STABLE
2025-01-27 02:00:00,157600000.0,157737000.0,157505000.0,157733000.0,15.98518645,golden,neutral,low,STABLE
2025-01-27 03:00:00,157690000.0,157795000.0,157560000.0,157590000.0,19.57769527,golden,neutral,normal,STABLE
2025-01-27 04:00:00,157590000.0,157789000.0,157440000.0,157444000.0,12.41343199,golden,neutral,low,STABLE
2025-01-27 05:00:00,157444000.0,157681000.0,157330000.0,157550000.0,12.50112135,golden,neutral,low,STABLE
2025-01-27 06:00:00,157550000.0,157741000.0,157365000.0,157544000.0,31.72736136,golden,neutral,normal,STABLE
2025-01-27 07:00:00,157569000.0,157933000.0,157406000.0,157737000.0,77.83059844,golden,neutral,high,DOWN
2025-01-27 08:00:00,157737000.0,157748000.0,156000000.0,156100000.0,357.77934115,dead,oversold,high,DOWN
2025-01-27 09:00:00,156100000.0,157075000.0,154865000.0,154871000.0,371.68028475,dead,oversold,high,STABLE
2025-01-27 10:00:00,154870000.0,155450000.0,154115000.0,154601000.0,306.55832567,dead,oversold,high,DOWN
2025-01-27 11:00:00,154620000.0,154925000.0,154000000.0,154070000.0,229.37199826,dead,oversold,high,STABLE
2025-01-27 12:00:00,154078000.0,155075000.0,154000000.0,154467000.0,167.33096718,dead,oversold,normal,DOWN
2025-01-27 13:00:00,154584000.0,154584000.0,153369000.0,153841000.0,247.88690825,dead,oversold,high,STABLE
2025-01-27 14:00:00,153841000.0,154360000.0,153381000.0,153820000.0,193.12686936,dead,oversold,normal,DOWN
2025-01-27 15:00:00,153820000.0,153820000.0,152131000.0,152388000.0,393.89057294,dead,oversold,high,UP
2025-01-27 16:00:00,152388000.0,153700000.0,151260000.0,153131000.0,666.94865778,dead,oversold,high,DOWN
2025-01-27 17:00:00,153135000.0,153655000.0,152337000.0,152403000.0,254.53579519,dead,oversold,normal,UP
2025-01-27 18:00:00,152405000.0,153072000.0,152144000.0,153050000.0,152.86258355,dead,neutral,normal,DOWN
2025-01-27 19:00:00,153050000.0,153207000.0,151991000.0,152000000.0,194.45837051,dead,oversold,normal,STABLE
2025-01-27 20:00:00,151993000.0,152567000.0,151870000.0,152010000.0,189.04290048,dead,oversold,normal,UP
2025-01-27 21:00:00,152010000.0,155306000.0,151850000.0,154726000.0,350.57535811,dead,neutral,normal,STABLE
2025-01-27 22:00:00,154724000.0,155402000.0,153700000.0,154378000.0,294.83408141,dead,neutral,normal,UP
2025-01-27 23:00:00,154370000.0,155950000.0,153870000.0,155588000.0,235.1815123,dead,neutral,normal,DOWN
2025-01-28 00:00:00,155549000.0,155770000.0,154498000.0,154846000.0,178.60589344,dead,neutral,normal,DOWN
2025-01-28 01:00:00,154846000.0,154960000.0,153028000.0,153306000.0,146.97861241,golden,neutral,normal,DOWN
2025-01-28 02:00:00,153335000.0,153881000.0,152660000.0,152758000.0,108.27705914,golden,neutral,low,STABLE
2025-01-28 03:00:00,152758000.0,153300000.0,152715000.0,152952000.0,50.90456294,golden,neutral,low,UP
2025-01-28 04:00:00,153080000.0,153800000.0,153042000.0,153513000.0,38.51315295,dead,neutral,low,UP
2025-01-28 05:00:00,153513000.0,154712000.0,153258000.0,154447000.0,53.9513055,dead,neutral,low,STABLE
2025-01-28 06:00:00,154430000.0,155280000.0,153720000.0,154169000.0,105.13553668,dead,neutral,low,STABLE
2025-01-28 07:00:00,154169000.0,154977000.0,154151000.0,154505000.0,46.83223937,golden,neutral,low,STABLE
2025-01-28 08:00:00,154505000.0,155100000.0,154386000.0,154919000.0,65.65300982,golden,neutral,low,STABLE
2025-01-28 09:00:00,154919000.0,155817000.0,154528000.0,154670000.0,170.07133225,golden,neutral,normal,DOWN
2025-01-28 10:00:00,154670000.0,154681000.0,153782000.0,154141000.0,87.98838048,golden,neutral,low,UP
2025-01-28 11:00:00,154141000.0,155350000.0,154127000.0,155255000.0,73.0248603,golden,neutral,low,STABLE
2025-01-28 12:00:00,155255000.0,155700000.0,154838000.0,155285000.0,91.34859831,golden,neutral,normal,UP
2025-01-28 13:00:00,155285000.0,156050000.0,155240000.0,155793000.0,111.89447808,golden,neutral,normal,UP
2025-01-28 14:00:00,155800000.0,156658000.0,155707000.0,156296000.0,106.93107903,golden,neutral,normal,DOWN
2025-01-28 15:00:00,156296000.0,156397000.0,155566000.0,155735000.0,66.64894227,golden,neutral,normal,STABLE
2025-01-28 16:00:00,155914000.0,156630000.0,155550000.0,155802000.0,79.40089356,golden,neutral,normal,STABLE
2025-01-28 17:00:00,155803000.0,156385000.0,155770000.0,156250000.0,35.8984315,golden,neutral,low,STABLE
2025-01-28 18:00:00,156273000.0,156374000.0,155894000.0,156189000.0,39.32987151,golden,neutral,low,STABLE
2025-01-28 19:00:00,156191000.0,156323000.0,155600000.0,155804000.0,67.29843717,golden,neutral,normal,STABLE
2025-01-28 20:00:00,155804000.0,156000000.0,155500000.0,155501000.0,58.24041029,golden,neutral,normal,STABLE
2025-01-28 21:00:00,155501000.0,155717000.0,155267000.0,155420000.0,75.71870026,golden,neutral,normal,STABLE
2025-01-28 22:00:00,155420000.0,155964000.0,155390000.0,155419000.0,65.08435383,golden,neutral,normal,STABLE
2025-01-28 23:00:00,155516000.0,155785000.0,154500000.0,155280000.0,143.91239186,golden,neutral,normal,STABLE
2025-01-29 00:00:00,155280000.0,156450000.0,155154000.0,155586000.0,134.30939652,golden,neutral,normal,STABLE
2025-01-29 01:00:00,155587000.0,155655000.0,154847000.0,155378000.0,64.05844435,golden,neutral,normal,STABLE
2025-01-29 02:00:00,155373000.0,155990000.0,155206000.0,155700000.0,31.90225588,golden,neutral,low,STABLE
2025-01-29 03:00:00,155728000.0,156160000.0,155471000.0,155475000.0,42.42021985,dead,neutral,normal,STABLE
2025-01-29 04:00:00,155537000.0,156100000.0,155260000.0,155800000.0,27.81451235,golden,neutral,low,DOWN
2025-01-29 05:00:00,155883000.0,155980000.0,155020000.0,155026000.0,42.46154303,dead,neutral,normal,STABLE
2025-01-29 06:00:00,155026000.0,155400000.0,154506000.0,154721000.0,90.03813427,dead,neutral,normal,UP
2025-01-29 07:00:00,154741000.0,155870000.0,154600000.0,155718000.0,86.06931389,dead,neutral,normal,STABLE
2025-01-29 08:00:00,155718000.0,155920000.0,155201000.0,155919000.0,91.15969092,dead,neutral,normal,STABLE
2025-01-29 09:00:00,155919000.0,156100000.0,155765000.0,155911000.0,82.53057904,dead,neutral,normal,STABLE
2025-01-29 10:00:00,155911000.0,156241000.0,155801000.0,156086000.0,42.45687632,golden,neutral,normal,STABLE
2025-01-29 11:00:00,156008000.0,156408000.0,155910000.0,156040000.0,47.44547302,golden,neutral,normal,STABLE
2025-01-29 12:00:00,156041000.0,156284000.0,156037000.0,156255000.0,44.92826789,golden,neutral,normal,STABLE
2025-01-29 13:00:00,156127000.0,156255000.0,156055000.0,156105000.0,34.79385647,golden,neutral,normal,STABLE
2025-01-29 14:00:00,156105000.0,156347000.0,156000000.0,156061000.0,36.14281701,golden,neutral,normal,STABLE
2025-01-29 15:00:00,156125000.0,156483000.0,156061000.0,156480000.0,65.95216022,golden,neutral,normal,STABLE
2025-01-29 16:00:00,156480000.0,156480000.0,156297000.0,156472000.0,32.23285441,golden,neutral,normal,STABLE
2025-01-29 17:00:00,156422000.0,156800000.0,156377000.0,156792000.0,80.8634758,golden,neutral,normal,STABLE
2025-01-29 18:00:00,156792000.0,156807000.0,156382000.0,156401000.0,56.2381129,golden,neutral,normal,STABLE
2025-01-29 19:00:00,156401000.0,156723000.0,156350000.0,156495000.0,37.69361416,golden,neutral,normal,STABLE
2025-01-29 20:00:00,156495000.0,156720000.0,156395000.0,156621000.0,33.87076908,golden,neutral,normal,STABLE
2025-01-29 21:00:00,156621000.0,156898000.0,156529000.0,156555000.0,54.37903925,golden,neutral,normal,STABLE
2025-01-29 22:00:00,156555000.0,156697000.0,156200000.0,156282000.0,107.90280281,golden,neutral,normal,STABLE
2025-01-29 23:00:00,156284000.0,156777000.0,156200000.0,156558000.0,74.32598509,golden,neutral,normal,STABLE
2025-01-30 00:00:00,156558000.0,156848000.0,156306000.0,156491000.0,57.91726168,golden,neutral,normal,STABLE
2025-01-30 01:00:00,156456000.0,156840000.0,156332000.0,156740000.0,40.67066668,golden,neutral,normal,STABLE
2025-01-30 02:00:00,156840000.0,157235000.0,156740000.0,157145000.0,79.9149409,golden,neutral,normal,UP
2025-01-30 03:00:00,157145000.0,157900000.0,156817000.0,157810000.0,122.85695311,golden,overbought,high,UP
2025-01-30 04:00:00,157810000.0,159000000.0,156700000.0,158460000.0,336.38999277,golden,overbought,high,UP
2025-01-30 05:00:00,158391000.0,159455000.0,157903000.0,159160000.0,290.73544404,golden,overbought,high,DOWN
2025-01-30 06:00:00,159160000.0,159364000.0,158400000.0,158400000.0,126.55537323,golden,neutral,normal,STABLE
2025-01-30 07:00:00,158400000.0,158749000.0,158002000.0,158180000.0,87.4111144,golden,neutral,normal,UP
2025-01-30 08:00:00,158181000.0,159290000.0,158180000.0,158859000.0,135.85994014,golden,neutral,normal,STABLE
2025-01-30 09:00:00,158859000.0,159217000.0,158598000.0,159115000.0,155.83635659,golden,overbought,normal,STABLE
2025-01-30 10:00:00,159101000.0,159292000.0,158850000.0,158981000.0,123.77139096,golden,neutral,normal,STABLE
2025-01-30 11:00:00,158982000.0,159200000.0,158677000.0,159199000.0,84.23704964,golden,neutral,normal,UP
2025-01-30 12:00:00,159200000.0,159850000.0,159012000.0,159766000.0,136.31022794,golden,overbought,normal,STABLE
2025-01-30 13:00:00,159766000.0,159999000.0,159372000.0,159951000.0,138.07928637,golden,overbought,normal,STABLE
2025-01-30 14:00:00,159953000.0,160000000.0,159543000.0,159896000.0,147.936045,golden,overbought,normal,STABLE
2025-01-30 15:00:00,159897000.0,159998000.0,159600000.0,159671000.0,65.76363839,golden,neutral,normal,STABLE
2025-01-30 16:00:00,159699000.0,159805000.0,159300000.0,159616000.0,75.46192161,golden,neutral,normal,STABLE
2025-01-30 17:00:00,159616000.0,159780000.0,159500000.0,159626000.0,54.70673735,golden,neutral,low,STABLE
2025-01-30 18:00:00,159645000.0,159966000.0,159625000.0,159930000.0,58.15546857,golden,overbought,low,STABLE
2025-01-30 19:00:00,159915000.0,159930000.0,159700000.0,159783000.0,55.8121087,golden,neutral,low,STABLE
2025-01-30 20:00:00,159784000.0,159814000.0,159561000.0,159621000.0,56.03763966,golden,neutral,low,STABLE
2025-01-30 21:00:00,159627000.0,159694000.0,159075000.0,159348000.0,105.96309751,golden,neutral,normal,STABLE
2025-01-30 22:00:00,159348000.0,159650000.0,159200000.0,159241000.0,84.47271235,golden,neutral,normal,UP
2025-01-30 23:00:00,159250000.0,160547000.0,159101000.0,160290000.0,262.0474355,golden,neutral,high,DOWN
2025-01-31 00:00:00,160290000.0,160559000.0,159600000.0,159675000.0,231.70443296,golden,neutral,normal,STABLE
2025-01-31 01:00:00,159675000.0,160151000.0,159619000.0,159832000.0,70.80632955,golden,neutral,normal,STABLE
2025-01-31 02:00:00,159832000.0,159915000.0,159103000.0,159516000.0,81.11707542,golden,neutral,normal,STABLE
2025-01-31 03:00:00,159599000.0,159654000.0,159003000.0,159640000.0,28.70558563,golden,neutral,low,STABLE
2025-01-31 04:00:00,159640000.0,159715000.0,159275000.0,159649000.0,17.90641749,golden,neutral,low,DOWN
2025-01-31 05:00:00,159649000.0,159832000.0,159008000.0,159023000.0,37.25159412,dead,neutral,low,STABLE
2025-01-31 06:00:00,159115000.0,159394000.0,159000000.0,159089000.0,46.55401882,dead,neutral,normal,STABLE
2025-01-31 07:00:00,159089000.0,159187000.0,158610000.0,158791000.0,65.72275128,dead,neutral,normal,DOWN
2025-01-31 08:00:00,158785000.0,158807000.0,157860000.0,158139000.0,162.25058012,dead,neutral,normal,UP
2025-01-31 09:00:00,158182000.0,158933000.0,157723000.0,158899000.0,154.36238918,dead,neutral,normal,STABLE
2025-01-31 10:00:00,158899000.0,158899000.0,158100000.0,158600000.0,52.12930891,dead,neutral,normal,STABLE
2025-01-31 11:00:00,158543000.0,158737000.0,158189000.0,158275000.0,59.99702865,dead,neutral,normal,STABLE
2025-01-31 12:00:00,158278000.0,158616000.0,157801000.0,158572000.0,83.21847627,dead,neutral,normal,STABLE
2025-01-31 13:00:00,158610000.0,158613000.0,158109000.0,158206000.0,45.2799341,dead,neutral,normal,STABLE
2025-01-31 14:00:00,158207000.0,158501000.0,158207000.0,158370000.0,29.74583381,dead,neutral,low,STABLE
2025-01-31 15:00:00,158360000.0,158700000.0,158357000.0,158501000.0,50.62880447,dead,neutral,normal,STABLE
2025-01-31 16:00:00,158501000.0,158700000.0,158200000.0,158410000.0,61.63462464,dead,neutral,normal,STABLE
2025-01-31 17:00:00,158411000.0,158569000.0,158100000.0,158380000.0,56.46337349,dead,neutral,normal,STABLE
2025-01-31 18:00:00,158314000.0,158531000.0,158290000.0,158300000.0,46.65797845,dead,neutral,normal,STABLE
2025-01-31 19:00:00,158300000.0,158478000.0,158200000.0,158342000.0,41.54668343,dead,neutral,normal,STABLE
2025-01-31 20:00:00,158341000.0,158833000.0,158332000.0,158584000.0,78.28828286,dead,neutral,normal,STABLE
2025-01-31 21:00:00,158583000.0,158699000.0,158342000.0,158420000.0,61.86486342,dead,neutral,normal,STABLE
2025-01-31 22:00:00,158382000.0,158774000.0,158349000.0,158458000.0,108.05433563,dead,neutral,normal,STABLE
2025-01-31 23:00:00,158361000.0,158500000.0,157951000.0,158298000.0,146.55378147,dead,neutral,high,UP
2025-02-01 00:00:00,158298000.0,159669000.0,158216000.0,159105000.0,202.86065937,golden,neutral,high,STABLE
2025-02-01 01:00:00,159105000.0,159180000.0,158600000.0,158894000.0,83.30375514,golden,neutral,normal,STABLE
2025-02-01 02:00:00,158972000.0,159001000.0,158400000.0,158522000.0,27.82210173,golden,neutral,low,DOWN
2025-02-01 03:00:00,158522000.0,158781000.0,157000000.0,157000000.0,176.39303833,dead,neutral,high,DOWN
2025-02-01 04:00:00,157001000.0,157442000.0,156329000.0,156451000.0,153.11446847,dead,neutral,normal,DOWN
2025-02-01 05:00:00,156445000.0,156831000.0,155600000.0,155624000.0,156.12220852,dead,oversold,normal,UP
2025-02-01 06:00:00,155624000.0,156800000.0,155616000.0,156758000.0,106.99333013,dead,neutral,normal,STABLE
2025-02-01 07:00:00,156600000.0,157246000.0,156501000.0,156944000.0,95.10709418,dead,neutral,normal,STABLE
2025-02-01 08:00:00,156944000.0,156945000.0,156521000.0,156580000.0,65.01510585,dead,neutral,normal,STABLE
2025-02-01 09:00:00,156580000.0,157036000.0,156179000.0,156964000.0,111.40508255,dead,neutral,normal,STABLE
2025-02-01 10:00:00,156964000.0,157200000.0,156871000.0,156881000.0,66.02353993,dead,neutral,normal,STABLE
2025-02-01 11:00:00,156957000.0,157015000.0,156681000.0,156681000.0,56.0664582,dead,neutral,normal,STABLE
2025-02-01 12:00:00,156685000.0,156800000.0,156505000.0,156575000.0,43.64517722,dead,neutral,low,STABLE
2025-02-01 13:00:00,156575000.0,157034000.0,156240000.0,156753000.0,93.41913437,dead,neutral,normal,STABLE
2025-02-01 14:00:00,156753000.0,156851000.0,156469000.0,156524000.0,45.8729067,dead,neutral,low,STABLE
2025-02-01 15:00:00,156610000.0,156708000.0,156390000.0,156436000.0,41.02282823,dead,neutral,low,STABLE
2025-02-01 16:00:00,156474000.0,156669000.0,156333000.0,156333000.0,33.30410472,dead,neutral,low,STABLE
2025-02-01 17:00:00,156333000.0,156341000.0,156000000.0,156099000.0,92.0142011,dead,neutral,normal,STABLE
2025-02-01 18:00:00,156099000.0,156279000.0,155888000.0,156274000.0,108.05510243,dead,neutral,normal,STABLE
2025-02-01 19:00:00,156274000.0,156847000.0,156140000.0,156430000.0,52.8486869,dead,neutral,normal,UP
2025-02-01 20:00:00,156473000.0,157021000.0,156370000.0,156939000.0,56.55964637,dead,neutral,normal,STABLE
2025-02-01 21:00:00,156938000.0,157260000.0,156829000.0,157180000.0,53.45177938,dead,neutral,normal,STABLE
2025-02-01 22:00:00,157180000.0,157190000.0,156812000.0,156812000.0,32.6550513,golden,neutral,low,STABLE
2025-02-01 23:00:00,156811000.0,157179000.0,156789000.0,156950000.0,30.68351054,golden,neutral,low,STABLE
2025-02-02 00:00:00,156949000.0,157242000.0,156843000.0,157233000.0,52.40480428,golden,neutral,normal,STABLE
2025-02-02 01:00:00,157233000.0,157300000.0,156961000.0,157040000.0,32.12499356,golden,neutral,normal,STABLE
2025-02-02 02:00:00,157202000.0,157507000.0,157179000.0,157364000.0,26.51388478,golden,neutral,low,STABLE
2025-02-02 03:00:00,157364000.0,157600000.0,157265000.0,157555000.0,25.85580009,golden,neutral,low,STABLE
2025-02-02 04:00:00,157537000.0,157934000.0,157295000.0,157915000.0,73.39712283,golden,neutral,normal,STABLE
2025-02-02 05:00:00,157904000.0,158090000.0,157400000.0,157599000.0,117.86784452,golden,neutral,high,STABLE
2025-02-02 06:00:00,157599000.0,157814000.0,157281000.0,157467000.0,58.37831601,golden,neutral,normal,DOWN
2025-02-02 07:00:00,157467000.0,157775000.0,156500000.0,156588000.0,139.02671235,golden,neutral,high,UP
2025-02-02 08:00:00,156588000.0,157587000.0,156279000.0,157330000.0,195.8628013,golden,neutral,high,STABLE
2025-02-02 09:00:00,157399000.0,157689000.0,157001000.0,157685000.0,82.3299214,golden,neutral,normal,STABLE
2025-02-02 10:00:00,157686000.0,157925000.0,157350000.0,157355000.0,71.27245767,golden,neutral,normal,DOWN
2025-02-02 11:00:00,157354000.0,157504000.0,156370000.0,156498000.0,151.52462524,golden,neutral,high,DOWN
2025-02-02 12:00:00,156498000.0,156750000.0,155306000.0,155311000.0,316.38519186,dead,neutral,high,UP
2025-02-02 13:00:00,155311000.0,156200000.0,155200000.0,155815000.0,177.41568981,dead,neutral,normal,UP
2025-02-02 14:00:00,155815000.0,156790000.0,155800000.0,156718000.0,90.58958908,dead,neutral,normal,STABLE
2025-02-02 15:00:00,156703000.0,156776000.0,156360000.0,156378000.0,49.18227671,dead,neutral,normal,DOWN
2025-02-02 16:00:00,156378000.0,156533000.0,155772000.0,155848000.0,66.35976019,dead,neutral,normal,STABLE
2025-02-02 17:00:00,155848000.0,156197000.0,155500000.0,155754000.0,77.86158862,dead,neutral,normal,STABLE
2025-02-02 18:00:00,155878000.0,155880000.0,155400000.0,155703000.0,90.77012825,dead,neutral,normal,DOWN
2025-02-02 19:00:00,155701000.0,155701000.0,155043000.0,155130000.0,116.69619038,dead,neutral,normal,STABLE
2025-02-02 20:00:00,155127000.0,155447000.0,154788000.0,155130000.0,204.32419655,dead,neutral,normal,DOWN
2025-02-02 21:00:00,155130000.0,155400000.0,154000000.0,154029000.0,252.75163017,dead,neutral,high,UP
2025-02-02 22:00:00,154020000.0,154819000.0,154001000.0,154564000.0,187.52964598,dead,neutral,normal,STABLE
2025-02-02 23:00:00,154564000.0,155319000.0,154500000.0,154756000.0,114.61615613,dead,neutral,normal,STABLE
2025-02-03 00:00:00,154756000.0,155000000.0,154417000.0,154961000.0,82.49537813,dead,neutral,normal,STABLE
2025-02-03 01:00:00,154961000.0,155396000.0,154750000.0,155287000.0,132.07435559,dead,neutral,normal,STABLE
2025-02-03 02:00:00,155287000.0,155491000.0,154646000.0,155396000.0,237.1905252,dead,neutral,normal,DOWN
2025-02-03 03:00:00,155270000.0,155440000.0,154161000.0,154294000.0,228.96657562,dead,neutral,normal,UP
2025-02-03 04:00:00,154232000.0,155500000.0,154100000.0,154785000.0,183.14369558,dead,neutral,normal,DOWN
2025-02-03 05:00:00,154785000.0,155332000.0,154001000.0,154083000.0,99.20537383,dead,neutral,normal,DOWN
2025-02-03 06:00:00,154083000.0,154151000.0,152477000.0,152688000.0,376.04378024,dead,neutral,high,UP
2025-02-03 07:00:00,152688000.0,154987000.0,152591000.0,154895000.0,396.92553272,dead,neutral,high,DOWN
2025-02-03 08:00:00,154897000.0,155210000.0,153700000.0,154000000.0,367.11044969,dead,neutral,high,DOWN
2025-02-03 09:00:00,154000000.0,154000000.0,151000000.0,151818000.0,899.48819982,dead,neutral,high,DOWN
2025-02-03 10:00:00,151773000.0,152200000.0,145000000.0,147342000.0,1799.63185384,dead,oversold,high,UP
2025-02-03 11:00:00,147342000.0,151523000.0,145670000.0,150947000.0,1312.83322982,dead,neutral,high,UP
2025-02-03 12:00:00,150950000.0,153304000.0,150100000.0,152360000.0,689.10284458,dead,neutral,normal,DOWN
2025-02-03 13:00:00,152310000.0,153000000.0,149925000.0,149930000.0,432.44422403,dead,neutral,normal,STABLE
2025-02-03 14:00:00,149930000.0,150798000.0,149550000.0,150042000.0,261.88514772,dead,neutral,normal,STABLE
2025-02-03 15:00:00,150010000.0,151042000.0,149771000.0,150049000.0,210.86173252,dead,neutral,low,UP
2025-02-03 16:00:00,150049000.0,153000000.0,150001000.0,153000000.0,271.41619782,dead,neutral,normal,STABLE
2025-02-03 17:00:00,153000000.0,153127000.0,151620000.0,152771000.0,241.9124038,dead,neutral,normal,DOWN
2025-02-03 18:00:00,152796000.0,153100000.0,151635000.0,151651000.0,156.88705947,dead,neutral,low,STABLE
2025-02-03 19:00:00,151700000.0,151848000.0,150320000.0,151214000.0,169.88377713,dead,neutral,low,DOWN
2025-02-03 20:00:00,151214000.0,151352000.0,150191000.0,150252000.0,148.19116747,dead,neutral,low,STABLE
2025-02-03 21:00:00,150253000.0,150720000.0,150001000.0,150247000.0,165.52439653,dead,neutral,low,STABLE
2025-02-03 22:00:00,150247000.0,151188000.0,150000000.0,150537000.0,155.43120728,dead,neutral,low,UP
2025-02-03 23:00:00,150416000.0,152532000.0,149900000.0,151792000.0,316.26673376,dead,neutral,normal,UP
2025-02-04 00:00:00,151855000.0,157332000.0,151500000.0,156079000.0,772.56965593,dead,neutral,normal,STABLE
2025-02-04 01:00:00,156048000.0,156437000.0,154746000.0,155785000.0,266.18402272,golden,neutral,normal,STABLE
2025-02-04 02:00:00,155785000.0,155875000.0,154701000.0,155749000.0,105.57739053,golden,neutral,low,UP
2025-02-04 03:00:00,155729000.0,157053000.0,155527000.0,156808000.0,180.60204605,golden,neutral,low,UP
2025-02-04 04:00:00,156811000.0,158999000.0,156700000.0,158988000.0,272.1612235,golden,neutral,normal,DOWN
2025-02-04 05:00:00,158987000.0,159000000.0,157604000.0,157855000.0,293.54754847,golden,neutral,normal,UP
2025-02-04 06:00:00,157855000.0,159851000.0,157855000.0,159690000.0,318.25833566,golden,neutral,normal,STABLE
2025-02-04 07:00:00,159690000.0,160304000.0,158980000.0,159300000.0,552.04580835,golden,neutral,normal,DOWN
2025-02-04 08:00:00,159300000.0,159514000.0,158150000.0,158217000.0,220.41107242,golden,neutral,normal,DOWN
2025-02-04 09:00:00,158217000.0,159439000.0,156609000.0,156647000.0,277.02822531,golden,neutral,normal,UP
2025-02-04 10:00:00,156647000.0,158440000.0,156600000.0,157775000.0,203.12570413,golden,neutral,normal,DOWN
2025-02-04 11:00:00,157775000.0,157859000.0,156880000.0,157001000.0,112.9563067,golden,neutral,low,STABLE
2025-02-04 12:00:00,157001000.0,157259000.0,156500000.0,156858000.0,95.98511121,golden,neutral,low,DOWN
2025-02-04 13:00:00,156800000.0,157074000.0,155446000.0,155448000.0,173.32682713,golden,neutral,normal,DOWN
2025-02-04 14:00:00,155447000.0,155577000.0,153100000.0,154347000.0,582.23693298,golden,neutral,high,UP
2025-02-04 15:00:00,154347000.0,155764000.0,154220000.0,155359000.0,143.15676806,golden,neutral,normal,DOWN
2025-02-04 16:00:00,155360000.0,155491000.0,153669000.0,154006000.0,141.83174631,dead,neutral,normal,STABLE
2025-02-04 17:00:00,154006000.0,154835000.0,153650000.0,154083000.0,140.66716285,dead,neutral,normal,STABLE
2025-02-04 18:00:00,154125000.0,154800000.0,154083000.0,154325000.0,82.96227384,dead,neutral,low,UP
2025-02-04 19:00:00,154295000.0,155340000.0,154279000.0,155104000.0,98.09487985,dead,neutral,low,STABLE
2025-02-04 20:00:00,155104000.0,156216000.0,155000000.0,155105000.0,147.953074,dead,neutral,normal,STABLE
2025-02-04 21:00:00,155130000.0,155900000.0,155050000.0,155350000.0,106.78561703,dead,neutral,normal,DOWN
2025-02-04 22:00:00,155338000.0,155860000.0,154787000.0,154787000.0,111.20324432,dead,neutral,normal,UP
2025-02-04 23:00:00,154787000.0,156580000.0,154252000.0,155850000.0,197.89389131,dead,neutral,normal,DOWN
2025-02-05 00:00:00,155730000.0,156200000.0,154300000.0,155262000.0,126.32539485,dead,neutral,normal,STABLE
2025-02-05 01:00:00,155262000.0,155900000.0,154882000.0,154951000.0,54.22454711,dead,neutral,low,STABLE
2025-02-05 02:00:00,154901000.0,155600000.0,154512000.0,154922000.0,40.90964545,dead,neutral,low,STABLE
2025-02-05 03:00:00,154862000.0,155300000.0,154508000.0,155004000.0,25.45737409,dead,neutral,low,DOWN
2025-02-05 04:00:00,155112000.0,156500000.0,154260000.0,154260000.0,116.16378211,dead,neutral,normal,UP
2025-02-05 05:00:00,154260000.0,155372000.0,153838000.0,154911000.0,107.75935021,dead,neutral,normal,DOWN
2025-02-05 06:00:00,154842000.0,154999000.0,153100000.0,153101000.0,196.44102097,dead,neutral,normal,UP
2025-02-05 07:00:00,153100000.0,154650000.0,153000000.0,154250000.0,178.76604181,dead,neutral,normal,STABLE
2025-02-05 08:00:00,154212000.0,154710000.0,153994000.0,154122000.0,75.59437023,dead,neutral,normal,UP
2025-02-05 09:00:00,154140000.0,154780000.0,153500000.0,154740000.0,111.92374307,dead,neutral,normal,DOWN
2025-02-05 10:00:00,154748000.0,155662000.0,153753000.0,153977000.0,110.79848523,dead,neutral,normal,STABLE
2025-02-05 11:00:00,153977000.0,154363000.0,153050000.0,153827000.0,148.76791745,dead,neutral,normal,STABLE
2025-02-05 12:00:00,153945000.0,154115000.0,153452000.0,153500000.0,50.80994137,dead,neutral,low,STABLE
2025-02-05 13:00:00,153500000.0,153779000.0,153100000.0,153260000.0,56.89322535,dead,neutral,normal,STABLE
2025-02-05 14:00:00,153260000.0,153672000.0,153001000.0,153290000.0,73.88730567,dead,neutral,normal,DOWN
2025-02-05 15:00:00,153290000.0,153570000.0,152684000.0,152687000.0,109.82828052,dead,neutral,normal,STABLE
2025-02-05 16:00:00,152687000.0,153173000.0,152495000.0,152750000.0,95.977529,dead,neutral,normal,STABLE
2025-02-05 17:00:00,152876000.0,153200000.0,152464000.0,152480000.0,73.5581269,dead,neutral,normal,STABLE
2025-02-05 18:00:00,152467000.0,152795000.0,152000000.0,152072000.0,104.29979098,dead,neutral,normal,UP
2025-02-05 19:00:00,152072000.0,153010000.0,152000000.0,152605000.0,68.43573612,dead,neutral,normal,UP
2025-02-05 20:00:00,152605000.0,153243000.0,152520000.0,153242000.0,83.17279157,dead,neutral,normal,STABLE
2025-02-05 21:00:00,153242000.0,153999000.0,152917000.0,152969000.0,83.54273779,dead,neutral,normal,UP
2025-02-05 22:00:00,152969000.0,153879000.0,152917000.0,153796000.0,68.3535844,dead,neutral,normal,STABLE
2025-02-05 23:00:00,153796000.0,154304000.0,153259000.0,153531000.0,91.25455982,dead,neutral,normal,STABLE
2025-02-06 00:00:00,153531000.0,153861000.0,153000000.0,153299000.0,59.99114823,dead,neutral,normal,STABLE
2025-02-06 01:00:00,153299000.0,153700000.0,152355000.0,153230000.0,55.54440965,golden,neutral,normal,DOWN
2025-02-06 02:00:00,153246000.0,153540000.0,152520000.0,152677000.0,31.49917758,dead,neutral,low,DOWN
2025-02-06 03:00:00,152765000.0,152810000.0,152000000.0,152139000.0,74.9249483,dead,neutral,normal,UP
2025-02-06 04:00:00,152139000.0,152810000.0,152000000.0,152606000.0,56.87216156,dead,neutral,normal,STABLE
2025-02-06 05:00:00,152606000.0,152998000.0,152099000.0,152870000.0,32.4302043,dead,neutral,low,DOWN
2025-02-06 06:00:00,152856000.0,152922000.0,151890000.0,152000000.0,47.34740199,dead,neutral,normal,DOWN
2025-02-06 07:00:00,151998000.0,152169000.0,151151000.0,151183000.0,123.57876149,dead,neutral,normal,STABLE
2025-02-06 08:00:00,151175000.0,151650000.0,151000000.0,151450000.0,136.79708202,dead,neutral,normal,UP
2025-02-06 09:00:00,151450000.0,152036000.0,151243000.0,151947000.0,106.25182935,dead,neutral,normal,STABLE
2025-02-06 10:00:00,151912000.0,152412000.0,151700000.0,152153000.0,65.64346041,dead,neutral,normal,STABLE
2025-02-06 11:00:00,152153000.0,152450000.0,151899000.0,152022000.0,53.81743619,dead,neutral,normal,STABLE
2025-02-06 12:00:00,152022000.0,152129000.0,151611000.0,151761000.0,51.66907421,dead,neutral,normal,STABLE
2025-02-06 13:00:00,151761000.0,152233000.0,151708000.0,152016000.0,72.0216559,dead,neutral,normal,STABLE
2025-02-06 14:00:00,152056000.0,152297000.0,151930000.0,152223000.0,35.43004954,dead,neutral,normal,STABLE
2025-02-06 15:00:00,152223000.0,152669000.0,152034000.0,152634000.0,68.87667398,dead,neutral,normal,STABLE
2025-02-06 16:00:00,152634000.0,152669000.0,152303000.0,152629000.0,51.86849277,dead,neutral,normal,STABLE
2025-02-06 17:00:00,152629000.0,152800000.0,152187000.0,152400000.0,44.41275817,dead,neutral,normal,UP
2025-02-06 18:00:00,152399000.0,153030000.0,152248000.0,153030000.0,97.66322379,golden,neutral,normal,UP
2025-02-06 19:00:00,153030000.0,153850000.0,153022000.0,153717000.0,85.4108569,golden,neutral,normal,STABLE
2025-02-06 20:00:00,153711000.0,153917000.0,152902000.0,153501000.0,99.82119401,golden,neutral,normal,DOWN
2025-02-06 21:00:00,153529000.0,153759000.0,152475000.0,152475000.0,89.13953085,golden,neutral,normal,UP
2025-02-06 22:00:00,152475000.0,153600000.0,152420000.0,153411000.0,95.41378653,golden,neutral,normal,DOWN
2025-02-06 23:00:00,153486000.0,153925000.0,152700000.0,152701000.0,116.16918822,golden,neutral,normal,DOWN
2025-02-07 00:00:00,152704000.0,152950000.0,151200000.0,151668000.0,169.45460573,golden,neutral,high,DOWN
2025-02-07 01:00:00,151699000.0,152254000.0,150697000.0,150697000.0,145.6314055,dead,neutral,normal,STABLE
2025-02-07 02:00:00,150697000.0,151499000.0,150599000.0,150957000.0,65.04644326,dead,neutral,normal,STABLE
2025-02-07 03:00:00,150919000.0,151016000.0,150071000.0,150596000.0,86.50234391,dead,neutral,normal,STABLE
2025-02-07 04:00:00,150737000.0,151347000.0,150011000.0,150300000.0,84.34950066,dead,neutral,normal,UP
2025-02-07 05:00:00,150300000.0,151350000.0,150066000.0,151244000.0,37.8953771,dead,neutral,low,STABLE
2025-02-07 06:00:00,151244000.0,151382000.0,150422000.0,151382000.0,50.45460126,dead,neutral,normal,STABLE
2025-02-07 07:00:00,151382000.0,151448000.0,150743000.0,151448000.0,54.0856603,dead,neutral,normal,STABLE
2025-02-07 08:00:00,151448000.0,151500000.0,150948000.0,151356000.0,46.88541969,dead,neutral,normal,DOWN
2025-02-07 09:00:00,151359000.0,151680000.0,150000000.0,150168000.0,161.16136602,dead,neutral,normal,UP
2025-02-07 10:00:00,150168000.0,151400000.0,150027000.0,150966000.0,124.64051732,dead,neutral,normal,STABLE
2025-02-07 11:00:00,151099000.0,151298000.0,150602000.0,151093000.0,71.24668644,dead,neutral,normal,DOWN
2025-02-07 12:00:00,151093000.0,151285000.0,150500000.0,150601000.0,49.4766058,dead,neutral,normal,STABLE
2025-02-07 13:00:00,150620000.0,150904000.0,150392000.0,150399000.0,58.48874313,dead,neutral,normal,STABLE
2025-02-07 14:00:00,150399000.0,150530000.0,150044000.0,150073000.0,71.0428481,dead,neutral,normal,DOWN
2025-02-07 15:00:00,150075000.0,150147000.0,149000000.0,149189000.0,320.94855573,dead,neutral,high,STABLE
2025-02-07 16:00:00,149189000.0,149701000.0,148867000.0,148901000.0,153.62225563,dead,neutral,normal,STABLE
2025-02-07 17:00:00,148901000.0,149435000.0,148815000.0,149052000.0,100.90660136,dead,neutral,normal,UP
2025-02-07 18:00:00,149052000.0,149809000.0,149052000.0,149536000.0,83.67898119,dead,neutral,normal,UP
2025-02-07 19:00:00,149536000.0,150410000.0,149535000.0,149996000.0,96.39243007,dead,neutral,normal,UP
2025-02-07 20:00:00,149997000.0,150800000.0,149996000.0,150800000.0,73.61034388,dead,neutral,normal,STABLE
2025-02-07 21:00:00,150808000.0,151290000.0,150650000.0,150825000.0,88.81597771,dead,neutral,normal,UP
2025-02-07 22:00:00,150825000.0,152400000.0,149898000.0,152311000.0,240.46654774,golden,neutral,high,STABLE
2025-02-07 23:00:00,152323000.0,154000000.0,152250000.0,152751000.0,393.7251394,golden,neutral,high,DOWN
2025-02-08 00:00:00,152751000.0,152751000.0,150384000.0,151252000.0,244.44851986,golden,neutral,normal,DOWN
2025-02-08 01:00:00,151252000.0,151500000.0,150541000.0,150781000.0,75.03764042,golden,neutral,normal,DOWN
2025-02-08 02:00:00,150890000.0,151121000.0,150092000.0,150260000.0,42.65357356,golden,neutral,low,STABLE
2025-02-08 03:00:00,150253000.0,151135000.0,150131000.0,150537000.0,33.9995956,golden,neutral,low,DOWN
2025-02-08 04:00:00,150537000.0,150646000.0,149736000.0,149813000.0,76.51742508,golden,neutral,normal,DOWN
2025-02-08 05:00:00,149813000.0,149897000.0,148730000.0,148751000.0,156.04368763,dead,neutral,normal,STABLE
2025-02-08 06:00:00,148793000.0,149502000.0,148759000.0,149174000.0,80.16795489,dead,neutral,normal,STABLE
2025-02-08 07:00:00,149174000.0,149500000.0,148848000.0,149500000.0,74.45843774,dead,neutral,normal,STABLE
2025-02-08 08:00:00,149500000.0,149813000.0,149200000.0,149601000.0,88.23064597,dead,neutral,normal,STABLE
2025-02-08 09:00:00,149602000.0,150220000.0,149338000.0,149831000.0,96.63137956,dead,neutral,normal,DOWN
2025-02-08 10:00:00,149830000.0,149929000.0,149136000.0,149136000.0,48.74051889,dead,neutral,low,STABLE
2025-02-08 11:00:00,149136000.0,149500000.0,148887000.0,149467000.0,57.76777594,dead,neutral,normal,STABLE
2025-02-08 12:00:00,149486000.0,149671000.0,149100000.0,149248000.0,32.55797128,dead,neutral,low,STABLE
2025-02-08 13:00:00,149257000.0,149265000.0,148709000.0,148920000.0,65.290707,dead,neutral,normal,STABLE
2025-02-08 14:00:00,148920000.0,149050000.0,148660000.0,148799000.0,61.328031,dead,neutral,normal,STABLE
2025-02-08 15:00:00,148799000.0,148800000.0,148444000.0,148449000.0,76.46592084,dead,neutral,normal,STABLE
2025-02-08 16:00:00,148449000.0,148800000.0,148200000.0,148652000.0,76.69381343,dead,neutral,normal,STABLE
2025-02-08 17:00:00,148699000.0,148700000.0,148220000.0,148220000.0,41.73294224,dead,neutral,low,STABLE
2025-02-08 18:00:00,148220000.0,148543000.0,148218000.0,148460000.0,24.34061278,dead,neutral,low,STABLE
2025-02-08 19:00:00,148419000.0,148793000.0,148367000.0,148570000.0,46.20639401,dead,neutral,normal,STABLE
2025-02-08 20:00:00,148570000.0,148631000.0,148217000.0,148450000.0,43.32174222,dead,neutral,normal,STABLE
2025-02-08 21:00:00,148450000.0,148500000.0,148202000.0,148384000.0,33.88038617,dead,neutral,normal,STABLE
2025-02-08 22:00:00,148384000.0,148732000.0,148383000.0,148457000.0,47.25105821,dead,neutral,normal,STABLE
2025-02-08 23:00:00,148457000.0,148688000.0,148202000.0,148215000.0,41.03071432,dead,neutral,normal,STABLE
2025-02-09 00:00:00,148216000.0,148328000.0,148000000.0,148005000.0,80.03622512,dead,neutral,normal,UP
2025-02-09 01:00:00,148005000.0,148550000.0,147994000.0,148525000.0,66.64143401,dead,neutral,normal,STABLE
2025-02-09 02:00:00,148525000.0,148732000.0,148329000.0,148594000.0,14.48868044,dead,neutral,low,STABLE
2025-02-09 03:00:00,148594000.0,148750000.0,148580000.0,148683000.0,11.07298368,dead,neutral,low,STABLE
2025-02-09 04:00:00,148723000.0,148899000.0,148605000.0,148729000.0,22.94215692,dead,neutral,low,STABLE
2025-02-09 05:00:00,148729000.0,148807000.0,148400000.0,148539000.0,14.66337253,dead,neutral,low,STABLE
2025-02-09 06:00:00,148539000.0,148626000.0,148393000.0,148625000.0,20.05168803,golden,neutral,low,STABLE
2025-02-09 07:00:00,148625000.0,148900000.0,148565000.0,148682000.0,27.35959152,golden,neutral,normal,STABLE
2025-02-09 08:00:00,148682000.0,148970000.0,148581000.0,148803000.0,36.76092777,golden,neutral,normal,STABLE
2025-02-09 09:00:00,148873000.0,148979000.0,148542000.0,148978000.0,48.35983731,golden,neutral,normal,UP
2025-02-09 10:00:00,148977000.0,149575000.0,148976000.0,149558000.0,83.82471434,golden,neutral,normal,DOWN
2025-02-09 11:00:00,149558000.0,149819000.0,149037000.0,149060000.0,50.930067,golden,neutral,normal,UP
2025-02-09 12:00:00,149163000.0,149629000.0,149020000.0,149577000.0,56.69640911,golden,neutral,normal,STABLE
2025-02-09 13:00:00,149600000.0,149629000.0,149159000.0,149591000.0,46.12680204,golden,neutral,normal,DOWN
2025-02-09 14:00:00,149591000.0,149599000.0,149062000.0,149064000.0,28.78123712,golden,neutral,normal,STABLE
2025-02-09 15:00:00,149064000.0,149158000.0,148546000.0,148890000.0,67.72377864,golden,neutral,normal,STABLE
2025-02-09 16:00:00,148890000.0,148893000.0,148607000.0,148810000.0,35.72501164,golden,neutral,normal,STABLE
2025-02-09 17:00:00,148816000.0,149124000.0,148797000.0,148869000.0,45.15609642,golden,neutral,normal,STABLE
2025-02-09 18:00:00,148831000.0,148869000.0,148543000.0,148736000.0,37.12746097,golden,neutral,normal,STABLE
2025-02-09 19:00:00,148733000.0,148736000.0,148299000.0,148417000.0,51.99790394,dead,neutral,normal,STABLE
2025-02-09 20:00:00,148387000.0,148688000.0,148001000.0,148072000.0,64.63318695,dead,neutral,normal,STABLE
2025-02-09 21:00:00,148046000.0,148220000.0,147774000.0,147822000.0,109.42696748,dead,neutral,high,DOWN
2025-02-09 22:00:00,147822000.0,147823000.0,146635000.0,147026000.0,294.77076683,dead,oversold,high,STABLE
2025-02-09 23:00:00,147026000.0,147774000.0,146751000.0,147150000.0,91.41160427,dead,neutral,normal,UP
2025-02-10 00:00:00,147149000.0,147982000.0,147100000.0,147931000.0,49.20108339,dead,neutral,normal,STABLE
2025-02-10 01:00:00,147931000.0,147931000.0,147500000.0,147662000.0,24.06026038,dead,neutral,low,STABLE
2025-02-10 02:00:00,147662000.0,147730000.0,147050000.0,147334000.0,21.03855203,dead,neutral,low,STABLE
2025-02-10 03:00:00,147334000.0,147406000.0,147100000.0,147406000.0,11.66970136,dead,neutral,low,STABLE
2025-02-10 04:00:00,147406000.0,147406000.0,147117000.0,147278000.0,11.40620762,dead,neutral,low,STABLE
2025-02-10 05:00:00,147279000.0,148135000.0,147217000.0,147651000.0,21.30134584,dead,neutral,low,DOWN
2025-02-10 06:00:00,147651000.0,147700000.0,146197000.0,146971000.0,118.24124864,dead,neutral,normal,STABLE
2025-02-10 07:00:00,146970000.0,147712000.0,146337000.0,146906000.0,124.20823959,dead,neutral,normal,UP
2025-02-10 08:00:00,146906000.0,147867000.0,146695000.0,147579000.0,72.2650882,dead,neutral,normal,STABLE
2025-02-10 09:00:00,147602000.0,148455000.0,147564000.0,147564000.0,108.57839258,dead,neutral,normal,DOWN
2025-02-10 10:00:00,147564000.0,147798000.0,146000000.0,146002000.0,197.75356276,dead,neutral,high,UP
2025-02-10 11:00:00,146002000.0,146843000.0,146000000.0,146450000.0,110.15690981,dead,neutral,normal,UP
2025-02-10 12:00:00,146450000.0,147875000.0,146388000.0,147365000.0,111.60723217,dead,neutral,normal,STABLE
2025-02-10 13:00:00,147313000.0,147830000.0,147100000.0,147417000.0,66.18549566,dead,neutral,normal,STABLE
2025-02-10 14:00:00,147417000.0,148110000.0,147062000.0,147453000.0,85.39581389,dead,neutral,normal,STABLE
2025-02-10 15:00:00,147453000.0,147804000.0,147149000.0,147439000.0,32.60752126,dead,neutral,low,STABLE
2025-02-10 16:00:00,147501000.0,147758000.0,147446000.0,147662000.0,29.0434725,golden,neutral,low,UP
2025-02-10 17:00:00,147662000.0,148500000.0,147597000.0,148273000.0,97.6962374,golden,neutral,normal,DOWN
2025-02-10 18:00:00,148273000.0,148337000.0,147466000.0,147806000.0,47.67202349,golden,neutral,normal,STABLE
2025-02-10 19:00:00,147801000.0,148470000.0,147799000.0,148007000.0,51.13794068,golden,neutral,normal,STABLE
2025-02-10 20:00:00,148001000.0,148352000.0,147880000.0,147906000.0,44.77137437,golden,neutral,normal,STABLE
2025-02-10 21:00:00,147906000.0,148270000.0,147200000.0,147505000.0,55.65097326,golden,neutral,normal,UP
2025-02-10 22:00:00,147505000.0,148830000.0,147500000.0,148636000.0,104.81171801,golden,neutral,normal,DOWN
2025-02-10 23:00:00,148638000.0,148711000.0,147381000.0,147529000.0,92.37440683,golden,neutral,normal,STABLE
2025-02-11 00:00:00,147528000.0,147854000.0,147015000.0,147380000.0,61.66076446,golden,neutral,normal,STABLE
2025-02-11 01:00:00,147338000.0,147421000.0,147000000.0,147302000.0,26.37723949,golden,neutral,low,STABLE
2025-02-11 02:00:00,147302000.0,147600000.0,146909000.0,147598000.0,29.92685678,golden,neutral,low,STABLE
2025-02-11 03:00:00,147598000.0,147729000.0,147257000.0,147636000.0,17.22543493,dead,neutral,low,STABLE
2025-02-11 04:00:00,147673000.0,147849000.0,147451000.0,147568000.0,15.62631755,dead,neutral,low,STABLE
2025-02-11 05:00:00,147505000.0,147782000.0,147388000.0,147618000.0,19.436404,golden,neutral,low,STABLE
2025-02-11 06:00:00,147618000.0,147742000.0,147344000.0,147561000.0,17.77922939,dead,neutral,low,STABLE
2025-02-11 07:00:00,147561000.0,147830000.0,147500000.0,147700000.0,29.92508757,dead,neutral,normal,STABLE
2025-02-11 08:00:00,147700000.0,147937000.0,147629000.0,147724000.0,27.55724943,dead,neutral,normal,STABLE
2025-02-11 09:00:00,147812000.0,148460000.0,147724000.0,148070000.0,88.30076377,golden,neutral,normal,UP
2025-02-11 10:00:00,148058000.0,148727000.0,148023000.0,148711000.0,84.29111286,golden,neutral,normal,STABLE
2025-02-11 11:00:00,148680000.0,148750000.0,148000000.0,148397000.0,68.57493257,golden,neutral,normal,DOWN
2025-02-11 12:00:00,148397000.0,148397000.0,147776000.0,147938000.0,36.36764355,golden,neutral,normal,STABLE
2025-02-11 13:00:00,147964000.0,148581000.0,147850000.0,148302000.0,59.12997263,golden,neutral,normal,STABLE
2025-02-11 14:00:00,148302000.0,148612000.0,148235000.0,148513000.0,89.60151499,golden,neutral,normal,STABLE
2025-02-11 15:00:00,148569000.0,148600000.0,148101000.0,148480000.0,61.77316918,golden,neutral,normal,STABLE
2025-02-11 16:00:00,148480000.0,148650000.0,148225000.0,148381000.0,51.08002634,golden,neutral,normal,STABLE
2025-02-11 17:00:00,148381000.0,148411000.0,148050000.0,148182000.0,43.68520264,golden,neutral,normal,STABLE
2025-02-11 18:00:00,148183000.0,148466000.0,148000000.0,148000000.0,41.55709634,golden,neutral,normal,STABLE
2025-02-11 19:00:00,148000000.0,148178000.0,147953000.0,148080000.0,28.37400837,golden,neutral,normal,STABLE
2025-02-11 20:00:00,148079000.0,148400000.0,148016000.0,148300000.0,25.53513211,golden,neutral,normal,DOWN
2025-02-11 21:00:00,148300000.0,148323000.0,147530000.0,147828000.0,87.62461305,golden,neutral,normal,DOWN
2025-02-11 22:00:00,147827000.0,147930000.0,146830000.0,146901000.0,119.85899614,dead,neutral,high,STABLE
2025-02-11 23:00:00,146902000.0,147500000.0,146720000.0,147180000.0,100.69401111,dead,neutral,normal,STABLE
2025-02-12 00:00:00,147183000.0,147549000.0,146783000.0,147092000.0,63.96824102,dead,neutral,normal,DOWN
2025-02-12 01:00:00,147092000.0,147200000.0,146288000.0,146334000.0,85.33978217,dead,neutral,normal,STABLE
2025-02-12 02:00:00,146334000.0,146432000.0,146000000.0,146163000.0,68.74143785,dead,neutral,normal,DOWN
2025-02-12 03:00:00,146163000.0,146300000.0,145556000.0,145611000.0,116.31879152,dead,oversold,normal,STABLE
2025-02-12 04:00:00,145611000.0,145905000.0,145112000.0,145316000.0,94.13879281,dead,oversold,normal,STABLE
2025-02-12 05:00:00,145308000.0,145703000.0,145112000.0,145227000.0,62.72760937,dead,oversold,normal,UP
2025-02-12 06:00:00,145227000.0,146920000.0,145226000.0,146771000.0,81.04804716,dead,neutral,normal,DOWN
2025-02-12 07:00:00,146771000.0,146999000.0,145726000.0,145874000.0,69.44059808,dead,neutral,normal,STABLE
2025-02-12 08:00:00,145970000.0,146287000.0,145868000.0,146020000.0,61.62400837,dead,neutral,normal,STABLE
2025-02-12 09:00:00,146034000.0,146527000.0,145404000.0,146266000.0,145.30180377,dead,neutral,normal,STABLE
2025-02-12 10:00:00,146266000.0,146527000.0,145867000.0,146389000.0,58.7118273,dead,neutral,normal,DOWN
2025-02-12 11:00:00,146397000.0,146398000.0,145224000.0,145301000.0,60.61455014,dead,neutral,normal,STABLE
2025-02-12 12:00:00,145301000.0,145867000.0,145001000.0,145002000.0,121.25213332,dead,neutral,normal,STABLE
2025-02-12 13:00:00,145002000.0,145256000.0,145000000.0,145021000.0,88.28432324,dead,neutral,normal,STABLE
2025-02-12 14:00:00,145021000.0,145489000.0,145021000.0,145230000.0,50.4718041,dead,neutral,normal,STABLE
2025-02-12 15:00:00,145230000.0,145494000.0,145190000.0,145231000.0,34.61342594,dead,neutral,low,STABLE
2025-02-12 16:00:00,145229000.0,145659000.0,145220000.0,145401000.0,42.56937393,dead,neutral,normal,UP
2025-02-12 17:00:00,145514000.0,146137000.0,145350000.0,145849000.0,63.52136038,dead,neutral,normal,STABLE
2025-02-12 18:00:00,145849000.0,145988000.0,145564000.0,145575000.0,27.82837608,dead,neutral,low,STABLE
2025-02-12 19:00:00,145575000.0,145903000.0,145259000.0,145259000.0,41.90295975,dead,neutral,normal,STABLE
2025-02-12 20:00:00,145259000.0,145717000.0,145253000.0,145468000.0,37.07949999,dead,neutral,normal,STABLE
2025-02-12 21:00:00,145468000.0,145700000.0,145450000.0,145468000.0,41.40279222,dead,neutral,normal,DOWN
2025-02-12 22:00:00,145467000.0,146236000.0,143429000.0,144400000.0,635.46856505,dead,neutral,high,UP
2025-02-12 23:00:00,144401000.0,145189000.0,143984000.0,145049000.0,211.66376216,dead,neutral,high,STABLE
2025-02-13 00:00:00,145049000.0,145500000.0,144000000.0,145353000.0,103.51443924,dead,neutral,normal,UP
2025-02-13 01:00:00,145353000.0,146850000.0,144601000.0,146788000.0,81.11203852,dead,neutral,normal,STABLE
2025-02-13 02:00:00,146788000.0,147700000.0,146380000.0,147069000.0,117.13977755,golden,neutral,normal,DOWN
2025-02-13 03:00:00,147069000.0,147188000.0,146243000.0,146581000.0,36.52293888,golden,neutral,low,STABLE
2025-02-13 04:00:00,146581000.0,147220000.0,145780000.0,146984000.0,49.20204745,golden,neutral,low,STABLE
2025-02-13 05:00:00,146976000.0,147430000.0,146549000.0,146700000.0,40.82856947,golden,neutral,low,UP
2025-02-13 06:00:00,146733000.0,147999000.0,146501000.0,147490000.0,73.07063646,golden,neutral,normal,UP
2025-02-13 07:00:00,147490000.0,148266000.0,147350000.0,147976000.0,134.037938,golden,neutral,normal,STABLE
2025-02-13 08:00:00,147928000.0,148162000.0,147500000.0,147846000.0,74.85220314,golden,neutral,normal,STABLE
2025-02-13 09:00:00,147846000.0,148035000.0,147115000.0,147549000.0,67.32470453,golden,neutral,normal,UP
2025-02-13 10:00:00,147554000.0,148155000.0,147554000.0,148081000.0,60.22315393,golden,neutral,normal,DOWN
2025-02-13 11:00:00,148081000.0,148082000.0,147150000.0,147180000.0,41.75189049,golden,neutral,low,STABLE
2025-02-13 12:00:00,147204000.0,147399000.0,147072000.0,147127000.0,30.5476527,golden,neutral,low,DOWN
2025-02-13 13:00:00,147127000.0,147200000.0,146001000.0,146211000.0,74.38775107,golden,neutral,normal,DOWN
2025-02-13 14:00:00,146211000.0,146211000.0,145650000.0,145769000.0,108.27498481,golden,neutral,normal,DOWN
2025-02-13 15:00:00,145768000.0,145909000.0,145100000.0,145216000.0,114.5202202,dead,neutral,normal,STABLE
2025-02-13 16:00:00,145216000.0,145699000.0,145101000.0,145425000.0,51.20537738,dead,neutral,low,DOWN
2025-02-13 17:00:00,145425000.0,145559000.0,144872000.0,144966000.0,89.56252231,dead,neutral,normal,UP
2025-02-13 18:00:00,144966000.0,145775000.0,144870000.0,145552000.0,63.00852372,dead,neutral,normal,STABLE
2025-02-13 19:00:00,145552000.0,145720000.0,145334000.0,145359000.0,28.63496043,dead,neutral,low,STABLE
2025-02-13 20:00:00,145350000.0,145663000.0,144700000.0,144976000.0,64.05504891,dead,neutral,normal,STABLE
2025-02-13 21:00:00,144977000.0,145377000.0,144914000.0,145127000.0,38.47338249,dead,neutral,normal,UP
2025-02-13 22:00:00,145100000.0,145800000.0,144903000.0,145574000.0,80.60380303,dead,neutral,normal,STABLE
2025-02-13 23:00:00,145574000.0,145697000.0,144800000.0,145355000.0,59.94329526,dead,neutral,normal,STABLE
2025-02-14 00:00:00,145308000.0,146050000.0,144997000.0,145488000.0,68.72894339,dead,neutral,normal,DOWN
2025-02-14 01:00:00,145488000.0,145519000.0,144580000.0,144634000.0,60.44184105,dead,neutral,normal,STABLE
2025-02-14 02:00:00,144691000.0,145446000.0,144634000.0,144990000.0,18.15800353,dead,neutral,low,STABLE
2025-02-14 03:00:00,144990000.0,145420000.0,144700000.0,145420000.0,22.61165427,dead,neutral,low,DOWN
2025-02-14 04:00:00,145420000.0,145850000.0,144897000.0,144967000.0,32.0898586,dead,neutral,normal,UP
2025-02-14 05:00:00,144967000.0,145610000.0,144962000.0,145500000.0,18.21875127,dead,neutral,low,STABLE
2025-02-14 06:00:00,145500000.0,146048000.0,145466000.0,145580000.0,48.11966806,dead,neutral,normal,STABLE
2025-02-14 07:00:00,145580000.0,145845000.0,145479000.0,145604000.0,54.48239084,dead,neutral,normal,STABLE
2025-02-14 08:00:00,145604000.0,145951000.0,145497000.0,145877000.0,47.7947127,golden,neutral,normal,STABLE
2025-02-14 09:00:00,145802000.0,146100000.0,145590000.0,145873000.0,67.04979261,golden,neutral,normal,STABLE
2025-02-14 10:00:00,145873000.0,145953000.0,145285000.0,145480000.0,48.86087209,golden,neutral,normal,STABLE
2025-02-14 11:00:00,145480000.0,145815000.0,145373000.0,145576000.0,44.06340933,golden,neutral,normal,UP
2025-02-14 12:00:00,145511000.0,146100000.0,145500000.0,146085000.0,39.66087541,golden,neutral,normal,STABLE
2025-02-14 13:00:00,146085000.0,146200000.0,145600000.0,145683000.0,46.39729878,golden,neutral,normal,STABLE
2025-02-14 14:00:00,145683000.0,145683000.0,145410000.0,145520000.0,29.31400786,golden,neutral,normal,STABLE
2025-02-14 15:00:00,145519000.0,145772000.0,145413000.0,145772000.0,26.0154184,golden,neutral,normal,STABLE
2025-02-14 16:00:00,145772000.0,146079000.0,145700000.0,145700000.0,31.12528215,golden,neutral,normal,STABLE
2025-02-14 17:00:00,145738000.0,145810000.0,145410000.0,145643000.0,82.68690137,golden,neutral,normal,UP
2025-02-14 18:00:00,145563000.0,146187000.0,145542000.0,146169000.0,92.14077315,golden,neutral,normal,STABLE
2025-02-14 19:00:00,146169000.0,146550000.0,145936000.0,145936000.0,79.65146232,golden,neutral,normal,STABLE
2025-02-14 20:00:00,145936000.0,146000000.0,145676000.0,145899000.0,50.71107151,golden,neutral,normal,STABLE
2025-02-14 21:00:00,145899000.0,145950000.0,145479000.0,145620000.0,67.66164197,golden,neutral,normal,STABLE
2025-02-14 22:00:00,145620000.0,146219000.0,145500000.0,145887000.0,54.42356195,golden,neutral,normal,STABLE
2025-02-14 23:00:00,145946000.0,146508000.0,145553000.0,146114000.0,105.02403263,golden,neutral,normal,STABLE
2025-02-15 00:00:00,146054000.0,146322000.0,145270000.0,145732000.0,103.52730204,golden,neutral,normal,UP
2025-02-15 01:00:00,145731000.0,146567000.0,145379000.0,146551000.0,47.83176414,golden,neutral,normal,UP
2025-02-15 02:00:00,146567000.0,148120000.0,145930000.0,147529000.0,143.63721071,golden,neutral,high,STABLE
2025-02-15 03:00:00,147506000.0,148041000.0,147057000.0,147342000.0,77.78013426,golden,neutral,normal,DOWN
2025-02-15 04:00:00,147286000.0,147500000.0,146500000.0,146794000.0,48.34324103,golden,neutral,normal,DOWN
2025-02-15 05:00:00,146794000.0,147173000.0,146000000.0,146186000.0,41.6877257,golden,neutral,normal,STABLE
2025-02-15 06:00:00,146095000.0,146462000.0,145640000.0,146448000.0,47.94556115,golden,neutral,normal,STABLE
2025-02-15 07:00:00,146447000.0,146732000.0,146279000.0,146455000.0,38.88625,golden,neutral,normal,STABLE
2025-02-15 08:00:00,146455000.0,146685000.0,146241000.0,146551000.0,33.98244739,golden,neutral,normal,STABLE
2025-02-15 09:00:00,146551000.0,146688000.0,146200000.0,146634000.0,52.34481821,golden,neutral,normal,UP
2025-02-15 10:00:00,146634000.0,147150000.0,146634000.0,147150000.0,70.29631942,golden,neutral,normal,STABLE
2025-02-15 11:00:00,147112000.0,147598000.0,146731000.0,147378000.0,95.26348107,golden,neutral,normal,STABLE
2025-02-15 12:00:00,147378000.0,147471000.0,147027000.0,147086000.0,42.50593302,golden,neutral,normal,STABLE
2025-02-15 13:00:00,147087000.0,147279000.0,146936000.0,147149000.0,29.71172075,golden,neutral,low,STABLE
2025-02-15 14:00:00,147046000.0,147149000.0,146943000.0,147002000.0,31.39521923,golden,neutral,low,STABLE
2025-02-15 15:00:00,147002000.0,147100000.0,146938000.0,146997000.0,35.32284137,golden,neutral,normal,STABLE
2025-02-15 16:00:00,146997000.0,147100000.0,146750000.0,146757000.0,35.9382514,golden,neutral,normal,STABLE
2025-02-15 17:00:00,146760000.0,147000000.0,146700000.0,146860000.0,23.91213959,golden,neutral,low,STABLE
2025-02-15 18:00:00,146860000.0,146920000.0,146780000.0,146918000.0,15.38901263,golden,neutral,low,STABLE
2025-02-15 19:00:00,146918000.0,147102000.0,146829000.0,147100000.0,19.22884746,golden,neutral,low,STABLE
2025-02-15 20:00:00,147092000.0,147115000.0,146899000.0,147112000.0,23.22220325,golden,neutral,low,STABLE
2025-02-15 21:00:00,147112000.0,147530000.0,147001000.0,147473000.0,41.28521369,golden,neutral,normal,STABLE
2025-02-15 22:00:00,147403000.0,147600000.0,147169000.0,147270000.0,39.80181484,golden,neutral,normal,STABLE
2025-02-15 23:00:00,147260000.0,147438000.0,147056000.0,147176000.0,32.31932472,golden,neutral,normal,STABLE
2025-02-16 00:00:00,147170000.0,147480000.0,147169000.0,147250000.0,19.50237482,golden,neutral,normal,STABLE
2025-02-16 01:00:00,147250000.0,147300000.0,147074000.0,147150000.0,17.31653483,golden,neutral,low,STABLE
2025-02-16 02:00:00,147150000.0,147290000.0,147055000.0,147142000.0,13.64072741,golden,neutral,low,STABLE
2025-02-16 03:00:00,147142000.0,147270000.0,147060000.0,147270000.0,7.10238929,golden,neutral,low,STABLE
2025-02-16 04:00:00,147270000.0,147404000.0,147166000.0,147378000.0,9.18132538,golden,neutral,low,STABLE
2025-02-16 05:00:00,147374000.0,147510000.0,147264000.0,147419000.0,15.7012258,golden,neutral,normal,STABLE
2025-02-16 06:00:00,147435000.0,147593000.0,147334000.0,147592000.0,20.60027033,golden,neutral,normal,STABLE
2025-02-16 07:00:00,147592000.0,147720000.0,147310000.0,147470000.0,23.57176631,golden,neutral,normal,STABLE
2025-02-16 08:00:00,147470000.0,147677000.0,147294000.0,147501000.0,20.12888443,golden,neutral,normal,STABLE
2025-02-16 09:00:00,147503000.0,147598000.0,147315000.0,147371000.0,30.62214047,golden,neutral,normal,STABLE
2025-02-16 10:00:00,147371000.0,147371000.0,147090000.0,147210000.0,30.39164475,golden,neutral,normal,STABLE
2025-02-16 11:00:00,147210000.0,147213000.0,147000000.0,147002000.0,26.39528417,golden,neutral,normal,STABLE
2025-02-16 12:00:00,147001000.0,147117000.0,146850000.0,146997000.0,26.50249428,dead,neutral,normal,STABLE
2025-02-16 13:00:00,146997000.0,146997000.0,146836000.0,146916000.0,17.95697065,dead,neutral,normal,STABLE
2025-02-16 14:00:00,146916000.0,147133000.0,146907000.0,147069000.0,22.54566967,dead,neutral,normal,STABLE
2025-02-16 15:00:00,147068000.0,147069000.0,146950000.0,146964000.0,17.7025681,dead,neutral,normal,STABLE
2025-02-16 16:00:00,146969000.0,146969000.0,146789000.0,146789000.0,23.67306966,dead,neutral,normal,STABLE
2025-02-16 17:00:00,146789000.0,146956000.0,146750000.0,146755000.0,23.26433266,dead,neutral,normal,STABLE
2025-02-16 18:00:00,146751000.0,146834000.0,146500000.0,146799000.0,37.61089562,dead,neutral,normal,STABLE
2025-02-16 19:00:00,146799000.0,146817000.0,146527000.0,146527000.0,20.61439963,dead,neutral,normal,STABLE
2025-02-16 20:00:00,146527000.0,146602000.0,146500000.0,146573000.0,32.17895592,dead,neutral,normal,STABLE
2025-02-16 21:00:00,146573000.0,146575000.0,146135000.0,146175000.0,49.36692608,dead,neutral,high,STABLE
2025-02-16 22:00:00,146175000.0,146370000.0,146000000.0,146164000.0,52.31418394,dead,neutral,high,STABLE
2025-02-16 23:00:00,146202000.0,146533000.0,145955000.0,146328000.0,60.92727361,dead,neutral,high,STABLE
2025-02-17 00:00:00,146328000.0,146560000.0,146250000.0,146304000.0,17.74809711,dead,neutral,normal,STABLE
2025-02-17 01:00:00,146304000.0,146450000.0,146229000.0,146384000.0,11.17942857,dead,neutral,low,STABLE
2025-02-17 02:00:00,146384000.0,146525000.0,146308000.0,146375000.0,5.87693301,dead,neutral,low,STABLE
2025-02-17 03:00:00,146487000.0,146539000.0,146201000.0,146494000.0,8.75250952,dead,neutral,low,STABLE
2025-02-17 04:00:00,146494000.0,146602000.0,146370000.0,146573000.0,7.40531566,dead,neutral,low,STABLE
2025-02-17 05:00:00,146573000.0,146650000.0,146379000.0,146399000.0,7.45916305,dead,neutral,low,STABLE
2025-02-17 06:00:00,146461000.0,146769000.0,146374000.0,146658000.0,18.92122908,dead,neutral,normal,STABLE
2025-02-17 07:00:00,146658000.0,146658000.0,146099000.0,146400000.0,24.5687997,dead,neutral,normal,DOWN
2025-02-17 08:00:00,146351000.0,146400000.0,145484000.0,145625000.0,103.28551052,dead,neutral,high,STABLE
2025-02-17 09:00:00,145625000.0,145730000.0,145276000.0,145346000.0,72.90786995,dead,oversold,high,STABLE
2025-02-17 10:00:00,145348000.0,145490000.0,145010000.0,145474000.0,77.85191947,dead,neutral,high,STABLE
2025-02-17 11:00:00,145475000.0,145665000.0,145199000.0,145200000.0,49.74200108,dead,oversold,normal,STABLE
2025-02-17 12:00:00,145200000.0,145275000.0,145028000.0,145185000.0,35.28463197,dead,oversold,normal,STABLE
2025-02-17 13:00:00,145186000.0,145229000.0,144925000.0,144926000.0,98.38620817,dead,oversold,high,UP
2025-02-17 14:00:00,144925000.0,145662000.0,144800000.0,145404000.0,104.20183237,dead,neutral,high,STABLE
2025-02-17 15:00:00,145404000.0,145980000.0,145171000.0,145456000.0,90.58897562,dead,neutral,normal,DOWN
2025-02-17 16:00:00,145456000.0,145582000.0,144851000.0,145012000.0,54.01575187,dead,neutral,normal,STABLE
2025-02-17 17:00:00,145025000.0,145300000.0,144934000.0,145096000.0,39.58052061,dead,neutral,normal,STABLE
2025-02-17 18:00:00,145096000.0,145150000.0,144928000.0,145150000.0,33.70679714,dead,neutral,normal,STABLE
2025-02-17 19:00:00,145124000.0,145400000.0,144863000.0,144871000.0,57.62128099,dead,neutral,normal,STABLE
2025-02-17 20:00:00,144871000.0,145100000.0,144790000.0,144798000.0,44.01694565,dead,neutral,normal,STABLE
2025-02-17 21:00:00,144798000.0,145300000.0,144797000.0,145218000.0,35.25661823,dead,neutral,normal,STABLE
2025-02-17 22:00:00,145218000.0,145250000.0,145039000.0,145169000.0,29.01492141,dead,neutral,normal,UP
2025-02-17 23:00:00,145169000.0,145940000.0,145151000.0,145624000.0,99.17457909,dead,neutral,normal,DOWN
2025-02-18 00:00:00,145655000.0,145770000.0,144580000.0,144735000.0,93.8605063,dead,neutral,normal,DOWN
2025-02-18 01:00:00,144735000.0,145114000.0,144250000.0,144286000.0,68.98146088,dead,neutral,normal,STABLE
2025-02-18 02:00:00,144286000.0,144768000.0,144203000.0,144209000.0,29.51784636,dead,neutral,low,STABLE
2025-02-18 03:00:00,144205000.0,144654000.0,144200000.0,144210000.0,27.73444211,dead,neutral,low,STABLE
2025-02-18 04:00:00,144210000.0,144610000.0,144139000.0,144450000.0,27.2201451,dead,neutral,low,STABLE
2025-02-18 05:00:00,144450000.0,145085000.0,144374000.0,144882000.0,17.62434453,dead,neutral,low,STABLE
2025-02-18 06:00:00,144929000.0,145159000.0,144550000.0,145150000.0,19.15027333,dead,neutral,low,DOWN
2025-02-18 07:00:00,145100000.0,145166000.0,144390000.0,144465000.0,26.39393607,dead,neutral,normal,STABLE
2025-02-18 08:00:00,144466000.0,144669000.0,144389000.0,144390000.0,43.57527468,dead,neutral,normal,STABLE
2025-02-18 09:00:00,144390000.0,144750000.0,143890000.0,143974000.0,134.51475852,dead,neutral,high,UP
2025-02-18 10:00:00,143974000.0,145004000.0,143935000.0,145004000.0,51.77078563,dead,neutral,normal,STABLE
2025-02-18 11:00:00,145000000.0,145050000.0,144730000.0,144765000.0,43.32715953,dead,neutral,normal,STABLE
2025-02-18 12:00:00,144765000.0,144950000.0,144700000.0,144926000.0,26.92820761,dead,neutral,normal,DOWN
2025-02-18 13:00:00,144926000.0,144975000.0,144280000.0,144377000.0,38.98591192,dead,neutral,normal,STABLE
2025-02-18 14:00:00,144377000.0,144380000.0,143962000.0,143967000.0,72.80214137,dead,neutral,normal,STABLE
2025-02-18 15:00:00,143967000.0,144001000.0,143520000.0,143929000.0,138.53494763,dead,neutral,high,STABLE
2025-02-18 16:00:00,143929000.0,144350000.0,143836000.0,144081000.0,52.79685378,dead,neutral,normal,DOWN
2025-02-18 17:00:00,144081000.0,144122000.0,143543000.0,143621000.0,66.16458554,dead,neutral,normal,UP
2025-02-18 18:00:00,143601000.0,144200000.0,143576000.0,144198000.0,58.24042229,dead,neutral,normal,STABLE
2025-02-18 19:00:00,144198000.0,144320000.0,144029000.0,144156000.0,26.45104981,dead,neutral,low,STABLE
2025-02-18 20:00:00,144240000.0,144240000.0,143922000.0,143931000.0,28.86924835,dead,neutral,normal,UP
2025-02-18 21:00:00,143931000.0,144957000.0,143858000.0,144733000.0,66.85002929,dead,neutral,normal,STABLE
2025-02-18 22:00:00,144734000.0,145130000.0,144600000.0,144630000.0,70.82834858,dead,neutral,normal,DOWN
2025-02-18 23:00:00,144630000.0,145352000.0,143922000.0,144031000.0,81.96499909,dead,neutral,normal,STABLE
2025-02-19 00:00:00,144030000.0,144300000.0,143784000.0,144112000.0,50.31695065,dead,neutral,normal,DOWN
2025-02-19 01:00:00,144207000.0,144208000.0,143114000.0,143114000.0,106.32558245,dead,neutral,normal,DOWN
2025-02-19 02:00:00,143116000.0,143366000.0,142366000.0,142379000.0,155.22359233,dead,neutral,high,DOWN
2025-02-19 03:00:00,142400000.0,142723000.0,141500000.0,141902000.0,149.77563003,dead,oversold,high,STABLE
2025-02-19 04:00:00,141902000.0,142301000.0,141104000.0,141935000.0,100.07026362,dead,oversold,normal,STABLE
2025-02-19 05:00:00,141935000.0,142308000.0,141481000.0,141941000.0,55.64230692,dead,oversold,normal,UP
2025-02-19 06:00:00,142000000.0,143407000.0,141941000.0,142988000.0,74.92918679,dead,neutral,normal,UP
2025-02-19 07:00:00,142988000.0,143638000.0,142778000.0,143478000.0,54.20022972,dead,neutral,normal,STABLE
2025-02-19 08:00:00,143477000.0,143848000.0,143350000.0,143728000.0,66.53264665,dead,neutral,normal,DOWN
2025-02-19 09:00:00,143760000.0,144052000.0,143149000.0,143158000.0,61.42411743,dead,neutral,normal,STABLE
2025-02-19 10:00:00,143158000.0,143300000.0,142492000.0,143300000.0,100.26461648,dead,neutral,normal,UP
2025-02-19 11:00:00,143262000.0,144100000.0,143262000.0,143859000.0,63.72410503,golden,neutral,normal,STABLE
2025-02-19 12:00:00,143860000.0,143860000.0,143172000.0,143546000.0,30.16602085,golden,neutral,low,DOWN
2025-02-19 13:00:00,143546000.0,143546000.0,142587000.0,142589000.0,53.60429356,dead,neutral,normal,STABLE
2025-02-19 14:00:00,142587000.0,142772000.0,142250000.0,142565000.0,81.06968239,dead,neutral,normal,STABLE
2025-02-19 15:00:00,142555000.0,142925000.0,142500000.0,142925000.0,45.45995723,dead,neutral,normal,STABLE
2025-02-19 16:00:00,142924000.0,143211000.0,142772000.0,142996000.0,41.87002518,dead,neutral,normal,STABLE
2025-02-19 17:00:00,142955000.0,143199000.0,142800000.0,142929000.0,29.72524245,dead,neutral,low,STABLE
2025-02-19 18:00:00,142929000.0,143542000.0,142918000.0,143340000.0,29.30039465,dead,neutral,low,UP
2025-02-19 19:00:00,143415000.0,144079000.0,143343000.0,143891000.0,63.53945005,golden,neutral,normal,STABLE
2025-02-19 20:00:00,143891000.0,144000000.0,143595000.0,143998000.0,48.23528937,golden,neutral,normal,STABLE
2025-02-19 21:00:00,143998000.0,144215000.0,143732000.0,143801000.0,51.39515816,golden,neutral,normal,STABLE
2025-02-19 22:00:00,143801000.0,144113000.0,143731000.0,143761000.0,41.3984127,golden,neutral,normal,DOWN
2025-02-19 23:00:00,143761000.0,144188000.0,143200000.0,143200000.0,52.88847195,golden,neutral,normal,STABLE
2025-02-20 00:00:00,143217000.0,143974000.0,143000000.0,143474000.0,47.88338531,golden,neutral,normal,STABLE
2025-02-20 01:00:00,143475000.0,143823000.0,143375000.0,143585000.0,26.34584025,golden,neutral,low,STABLE
2025-02-20 02:00:00,143610000.0,144000000.0,143510000.0,143856000.0,20.38770671,golden,neutral,low,DOWN
2025-02-20 03:00:00,143856000.0,143971000.0,143001000.0,143035000.0,20.52503343,golden,neutral,low,UP
2025-02-20 04:00:00,143035000.0,143800000.0,142750000.0,143799000.0,26.55349687,golden,neutral,normal,STABLE
2025-02-20 05:00:00,143799000.0,144000000.0,143530000.0,143794000.0,14.97745005,golden,neutral,low,STABLE
2025-02-20 06:00:00,143685000.0,143980000.0,143600000.0,143838000.0,19.8167156,golden,neutral,low,STABLE
2025-02-20 07:00:00,143874000.0,144312000.0,143838000.0,144181000.0,39.87610348,golden,neutral,normal,STABLE
2025-02-20 08:00:00,144303000.0,144743000.0,144181000.0,144312000.0,65.12353462,golden,neutral,normal,STABLE
2025-02-20 09:00:00,144314000.0,144400000.0,143851000.0,144360000.0,65.4400282,golden,neutral,normal,STABLE
2025-02-20 10:00:00,144360000.0,144500000.0,143838000.0,143997000.0,40.30344835,golden,neutral,normal,UP
2025-02-20 11:00:00,143995000.0,144572000.0,143910000.0,144444000.0,41.15968351,golden,neutral,normal,STABLE
2025-02-20 12:00:00,144444000.0,144600000.0,144013000.0,144228000.0,34.16512015,golden,neutral,normal,STABLE
2025-02-20 13:00:00,144228000.0,144377000.0,144159000.0,144198000.0,28.59284949,golden,neutral,normal,STABLE
2025-02-20 14:00:00,144159000.0,144198000.0,143900000.0,143910000.0,40.04898558,golden,neutral,normal,STABLE
2025-02-20 15:00:00,143910000.0,143910000.0,143699000.0,143819000.0,43.4857264,golden,neutral,normal,STABLE
2025-02-20 16:00:00,143819000.0,144049000.0,143689000.0,143948000.0,36.76899755,golden,neutral,normal,STABLE
2025-02-20 17:00:00,143947000.0,144139000.0,143800000.0,144125000.0,24.90832607,golden,neutral,normal,STABLE
2025-02-20 18:00:00,144125000.0,144501000.0,144018000.0,144221000.0,41.4780985,golden,neutral,normal,STABLE
2025-02-20 19:00:00,144221000.0,144670000.0,144200000.0,144650000.0,29.28172326,golden,neutral,normal,STABLE
2025-02-20 20:00:00,144651000.0,144657000.0,144153000.0,144365000.0,35.87415653,golden,neutral,normal,STABLE
2025-02-20 21:00:00,144386000.0,144693000.0,144322000.0,144543000.0,29.29296029,golden,neutral,normal,STABLE
2025-02-20 22:00:00,144543000.0,144678000.0,144426000.0,144603000.0,22.74113068,golden,neutral,normal,DOWN
2025-02-20 23:00:00,144611000.0,145166000.0,143963000.0,144124000.0,106.46047533,golden,neutral,high,STABLE
2025-02-21 00:00:00,144157000.0,144470000.0,143957000.0,144001000.0,46.32229092,golden,neutral,normal,UP
2025-02-21 01:00:00,144003000.0,145100000.0,143970000.0,144618000.0,40.19056703,golden,neutral,normal,STABLE
2025-02-21 02:00:00,144688000.0,145162000.0,144578000.0,145028000.0,16.10046131,golden,neutral,low,UP
2025-02-21 03:00:00,145028000.0,145683000.0,145000000.0,145636000.0,40.22206158,golden,neutral,normal,STABLE
2025-02-21 04:00:00,145521000.0,145780000.0,145374000.0,145686000.0,33.05669494,golden,neutral,normal,STABLE
2025-02-21 05:00:00,145670000.0,146000000.0,145529000.0,145784000.0,30.93832598,golden,neutral,normal,DOWN
2025-02-21 06:00:00,145747000.0,145911000.0,145113000.0,145326000.0,29.55949668,golden,neutral,normal,STABLE
2025-02-21 07:00:00,145276000.0,145791000.0,145275000.0,145600000.0,41.24794257,golden,neutral,normal,STABLE
2025-02-21 08:00:00,145600000.0,145949000.0,145600000.0,145719000.0,46.07088126,golden,neutral,normal,STABLE
2025-02-21 09:00:00,145719000.0,145948000.0,145200000.0,145422000.0,61.78388918,golden,neutral,normal,STABLE
2025-02-21 10:00:00,145366000.0,145525000.0,145080000.0,145350000.0,48.72840513,golden,neutral,normal,STABLE
2025-02-21 11:00:00,145348000.0,145550000.0,145130000.0,145134000.0,35.17812149,golden,neutral,normal,STABLE
2025-02-21 12:00:00,145177000.0,145270000.0,145000000.0,145004000.0,28.47372015,golden,neutral,normal,STABLE
2025-02-21 13:00:00,145004000.0,145199000.0,144887000.0,144889000.0,41.28153474,golden,neutral,normal,STABLE
2025-02-21 14:00:00,144889000.0,145193000.0,144880000.0,145123000.0,95.49809993,golden,neutral,high,STABLE
2025-02-21 15:00:00,145123000.0,145408000.0,145040000.0,145264000.0,26.16171202,golden,neutral,normal,STABLE
2025-02-21 16:00:00,145264000.0,145333000.0,144900000.0,144905000.0,38.59079237,dead,neutral,normal,STABLE
2025-02-21 17:00:00,144905000.0,144987000.0,144826000.0,144940000.0,41.80996672,dead,neutral,normal,STABLE
2025-02-21 18:00:00,144930000.0,145777000.0,144837000.0,145114000.0,83.6746815,dead,neutral,normal,STABLE
2025-02-21 19:00:00,145100000.0,145197000.0,144937000.0,145068000.0,33.43330571,dead,neutral,normal,STABLE
2025-02-21 20:00:00,145067000.0,145463000.0,145065000.0,145350000.0,33.04570517,dead,neutral,normal,STABLE
2025-02-21 21:00:00,145350000.0,145727000.0,145200000.0,145727000.0,32.42930786,dead,neutral,normal,UP
2025-02-21 22:00:00,145726000.0,146400000.0,145542000.0,146192000.0,129.91688435,golden,neutral,high,DOWN
2025-02-21 23:00:00,146192000.0,146200000.0,145182000.0,145385000.0,91.77540079,golden,neutral,normal,DOWN
2025-02-22 00:00:00,145403000.0,146096000.0,144001000.0,144830000.0,204.40048519,golden,neutral,high,STABLE
2025-02-22 01:00:00,144830000.0,145405000.0,144470000.0,144717000.0,56.15839374,golden,neutral,normal,DOWN
2025-02-22 02:00:00,144702000.0,145099000.0,143473000.0,143617000.0,90.82791311,dead,neutral,normal,STABLE
2025-02-22 03:00:00,143616000.0,144000000.0,143190000.0,143190000.0,54.5368949,dead,neutral,normal,DOWN
2025-02-22 04:00:00,143187000.0,143531000.0,141666000.0,141879000.0,201.10717746,dead,oversold,high,STABLE
2025-02-22 05:00:00,141851000.0,142296000.0,141334000.0,141554000.0,131.72015631,dead,oversold,normal,UP
2025-02-22 06:00:00,141389000.0,142512000.0,141334000.0,142394000.0,107.85852029,dead,neutral,normal,STABLE
2025-02-22 07:00:00,142441000.0,142838000.0,142160000.0,142537000.0,93.20823012,dead,neutral,normal,STABLE
2025-02-22 08:00:00,142537000.0,143034000.0,142290000.0,142859000.0,58.81534697,dead,neutral,normal,STABLE
2025-02-22 09:00:00,142891000.0,142892000.0,142150000.0,142743000.0,84.59796544,dead,neutral,normal,STABLE
2025-02-22 10:00:00,142728000.0,143191000.0,142580000.0,142645000.0,58.00575695,dead,neutral,normal,STABLE
2025-02-22 11:00:00,142649000.0,142822000.0,142400000.0,142545000.0,48.21447727,dead,neutral,normal,DOWN
2025-02-22 12:00:00,142554000.0,142597000.0,141988000.0,142091000.0,57.99988031,dead,neutral,normal,STABLE
2025-02-22 13:00:00,142090000.0,142451000.0,142010000.0,142330000.0,46.49221914,dead,neutral,normal,STABLE
2025-02-22 14:00:00,142330000.0,142447000.0,142309000.0,142413000.0,22.75420807,dead,neutral,low,STABLE
2025-02-22 15:00:00,142412000.0,142530000.0,142329000.0,142381000.0,21.21063261,dead,neutral,low,STABLE
2025-02-22 16:00:00,142416000.0,142496000.0,142335000.0,142378000.0,22.67829606,dead,neutral,low,STABLE
2025-02-22 17:00:00,142378000.0,142378000.0,142080000.0,142197000.0,29.69825155,dead,neutral,low,STABLE
2025-02-22 18:00:00,142197000.0,142343000.0,142035000.0,142338000.0,20.92872053,dead,neutral,low,STABLE
2025-02-22 19:00:00,142338000.0,142515000.0,142297000.0,142353000.0,29.44105993,dead,neutral,low,STABLE
2025-02-22 20:00:00,142353000.0,142434000.0,142326000.0,142425000.0,19.91092077,dead,neutral,low,UP
2025-02-22 21:00:00,142429000.0,143025000.0,142408000.0,142947000.0,48.19597947,dead,neutral,normal,DOWN
2025-02-22 22:00:00,142941000.0,143054000.0,142364000.0,142396000.0,43.2420742,golden,neutral,normal,STABLE
2025-02-22 23:00:00,142396000.0,142577000.0,142305000.0,142344000.0,24.32134874,golden,neutral,low,STABLE
2025-02-23 00:00:00,142344000.0,142459000.0,142300000.0,142357000.0,21.2084753,golden,neutral,low,STABLE
2025-02-23 01:00:00,142357000.0,142646000.0,142219000.0,142219000.0,20.59428962,golden,neutral,low,STABLE
2025-02-23 02:00:00,142219000.0,142324000.0,142163000.0,142259000.0,10.75241045,dead,neutral,low,STABLE
2025-02-23 03:00:00,142291000.0,142507000.0,142051000.0,142052000.0,21.19525091,dead,neutral,normal,STABLE
2025-02-23 04:00:00,142077000.0,142435000.0,142035000.0,142264000.0,7.64093825,dead,neutral,low,STABLE
2025-02-23 05:00:00,142304000.0,142434000.0,142198000.0,142415000.0,5.64935274,dead,neutral,low,STABLE
2025-02-23 06:00:00,142422000.0,142488000.0,142400000.0,142436000.0,7.31575679,dead,neutral,low,STABLE
2025-02-23 07:00:00,142486000.0,142487000.0,142330000.0,142346000.0,14.36787819,dead,neutral,normal,STABLE
2025-02-23 08:00:00,142346000.0,142419000.0,142300000.0,142300000.0,15.08001749,dead,neutral,normal,STABLE
2025-02-23 09:00:00,142364000.0,142450000.0,142067000.0,142450000.0,44.21119408,golden,neutral,normal,STABLE
2025-02-23 10:00:00,142450000.0,142500000.0,142211000.0,142297000.0,27.50196442,golden,neutral,normal,STABLE
2025-02-23 11:00:00,142297000.0,142297000.0,142001000.0,142050000.0,24.45939138,dead,neutral,normal,STABLE
2025-02-23 12:00:00,142051000.0,142320000.0,142050000.0,142120000.0,24.26042524,dead,neutral,normal,STABLE
2025-02-23 13:00:00,142118000.0,142295000.0,142098000.0,142098000.0,12.14129445,dead,neutral,normal,STABLE
2025-02-23 14:00:00,142100000.0,142163000.0,141900000.0,141901000.0,38.69571789,dead,neutral,normal,STABLE
2025-02-23 15:00:00,141901000.0,142060000.0,141750000.0,141960000.0,55.65419048,dead,neutral,high,STABLE
2025-02-23 16:00:00,141960000.0,142080000.0,141789000.0,142037000.0,29.70128084,dead,neutral,normal,STABLE
2025-02-23 17:00:00,142037000.0,142037000.0,141723000.0,141725000.0,45.792925,dead,neutral,normal,STABLE
2025-02-23 18:00:00,141725000.0,141840000.0,141520000.0,141585000.0,55.96829064,dead,neutral,high,STABLE
2025-02-23 19:00:00,141585000.0,141590000.0,141218000.0,141360000.0,90.00998047,dead,neutral,high,STABLE
2025-02-23 20:00:00,141364000.0,141435000.0,141200000.0,141233000.0,45.66118251,dead,oversold,normal,DOWN
2025-02-23 21:00:00,141232000.0,141270000.0,140440000.0,140462000.0,182.42779067,dead,oversold,high,STABLE
2025-02-23 22:00:00,140462000.0,140922000.0,140391000.0,140813000.0,74.19352462,dead,neutral,normal,STABLE
2025-02-23 23:00:00,140813000.0,141050000.0,140400000.0,140400000.0,50.11462439,dead,oversold,normal,STABLE
2025-02-24 00:00:00,140403000.0,140600000.0,140320000.0,140388000.0,56.47058212,dead,oversold,normal,STABLE
2025-02-24 01:00:00,140387000.0,140461000.0,140140000.0,140226000.0,44.78603619,dead,oversold,normal,STABLE
2025-02-24 02:00:00,140223000.0,140498000.0,140019000.0,140448000.0,39.78981239,dead,neutral,normal,STABLE
2025-02-24 03:00:00,140495000.0,140782000.0,140387000.0,140601000.0,14.24778154,dead,neutral,low,STABLE
2025-02-24 04:00:00,140622000.0,140869000.0,140505000.0,140745000.0,9.47596489,dead,neutral,low,STABLE
2025-02-24 05:00:00,140745000.0,140750000.0,140573000.0,140595000.0,8.21855306,dead,neutral,low,STABLE
2025-02-24 06:00:00,140585000.0,140771000.0,140500000.0,140538000.0,25.74407996,dead,neutral,normal,STABLE
2025-02-24 07:00:00,140538000.0,140774000.0,140335000.0,140701000.0,33.14102788,dead,neutral,normal,UP
2025-02-24 08:00:00,140701000.0,141382000.0,140680000.0,141364000.0,70.53277549,dead,neutral,normal,STABLE
2025-02-24 09:00:00,141371000.0,141572000.0,140943000.0,140968000.0,82.46300358,dead,neutral,normal,DOWN
2025-02-24 10:00:00,140969000.0,141003000.0,140342000.0,140492000.0,69.52930146,dead,neutral,normal,STABLE
2025-02-24 11:00:00,140492000.0,140650000.0,140182000.0,140182000.0,61.64504091,dead,neutral,normal,DOWN
2025-02-24 12:00:00,140182000.0,140182000.0,139060000.0,139418000.0,369.62560451,dead,oversold,high,STABLE
2025-02-24 13:00:00,139417000.0,139513000.0,138850000.0,139251000.0,303.65010258,dead,oversold,high,STABLE
2025-02-24 14:00:00,139251000.0,139777000.0,139250000.0,139620000.0,73.65484977,dead,neutral,normal,STABLE
2025-02-24 15:00:00,139620000.0,139620000.0,139200000.0,139329000.0,67.71925464,dead,neutral,normal,STABLE
2025-02-24 16:00:00,139330000.0,139468000.0,139201000.0,139468000.0,61.90486914,dead,neutral,normal,STABLE
2025-02-24 17:00:00,139468000.0,139550000.0,138962000.0,139535000.0,103.03709354,dead,neutral,normal,UP
2025-02-24 18:00:00,139500000.0,140408000.0,139485000.0,140022000.0,84.42813571,dead,neutral,normal,STABLE
2025-02-24 19:00:00,140040000.0,140200000.0,139500000.0,139950000.0,68.18987741,dead,neutral,normal,STABLE
2025-02-24 20:00:00,139966000.0,139966000.0,139419000.0,139930000.0,53.45922761,dead,neutral,normal,STABLE
2025-02-24 21:00:00,139930000.0,139969000.0,139787000.0,139876000.0,34.50166279,dead,neutral,low,STABLE
2025-02-24 22:00:00,139876000.0,140203000.0,139389000.0,139702000.0,65.77950087,dead,neutral,normal,DOWN
2025-02-24 23:00:00,139698000.0,139773000.0,138138000.0,138138000.0,162.12253028,dead,oversold,normal,DOWN
2025-02-25 00:00:00,138138000.0,138497000.0,136425000.0,137093000.0,618.90405603,dead,oversold,high,STABLE
2025-02-25 01:00:00,137093000.0,138098000.0,136799000.0,137420000.0,139.83686157,dead,oversold,normal,STABLE
2025-02-25 02:00:00,137420000.0,138478000.0,137400000.0,137779000.0,51.73530772,dead,neutral,low,DOWN
2025-02-25 03:00:00,137785000.0,138150000.0,137150000.0,137153000.0,40.30780107,dead,oversold,low,STABLE
2025-02-25 04:00:00,137150000.0,137501000.0,136552000.0,136851000.0,98.02512002,dead,oversold,normal,STABLE
2025-02-25 05:00:00,136851000.0,137350000.0,136530000.0,136551000.0,81.40588623,dead,oversold,normal,DOWN
2025-02-25 06:00:00,136551000.0,136632000.0,136000000.0,136003000.0,320.85365409,dead,oversold,high,DOWN
2025-02-25 07:00:00,136003000.0,136090000.0,133486000.0,133520000.0,1034.91394134,dead,oversold,high,DOWN
2025-02-25 08:00:00,133520000.0,134350000.0,131800000.0,132135000.0,1057.12190083,dead,oversold,high,UP
2025-02-25 09:00:00,132135000.0,134795000.0,130750000.0,134201000.0,1029.59134069,dead,neutral,high,STABLE
2025-02-25 10:00:00,134201000.0,134840000.0,132800000.0,134345000.0,385.27570273,dead,neutral,normal,STABLE
2025-02-25 11:00:00,134345000.0,134899000.0,133700000.0,134349000.0,173.22899641,dead,neutral,normal,STABLE
2025-02-25 12:00:00,134349000.0,134482000.0,133890000.0,134117000.0,119.6529289,dead,neutral,low,DOWN
2025-02-25 13:00:00,134117000.0,134306000.0,133550000.0,133550000.0,124.98133847,dead,oversold,low,STABLE
2025-02-25 14:00:00,133550000.0,133550000.0,132900000.0,133354000.0,156.42147156,dead,oversold,normal,DOWN
2025-02-25 15:00:00,133356000.0,133386000.0,131665000.0,131840000.0,234.40545903,dead,oversold,normal,DOWN
2025-02-25 16:00:00,131840000.0,132168000.0,127189000.0,128975000.0,1571.73418969,dead,oversold,high,STABLE
2025-02-25 17:00:00,128975000.0,130090000.0,128489000.0,128750000.0,440.45381844,dead,oversold,normal,DOWN
2025-02-25 18:00:00,128750000.0,129120000.0,127282000.0,127374000.0,408.97697717,dead,oversold,normal,STABLE
2025-02-25 19:00:00,127370000.0,128083000.0,125004000.0,127149000.0,901.85294506,dead,oversold,high,UP
2025-02-25 20:00:00,127149000.0,129700000.0,126219000.0,129414000.0,535.43403923,dead,neutral,normal,UP
2025-02-25 21:00:00,129414000.0,130676000.0,128554000.0,130160000.0,474.69729491,dead,neutral,normal,DOWN
2025-02-25 22:00:00,130131000.0,130485000.0,128956000.0,129028000.0,249.45200323,dead,neutral,normal,DOWN
2025-02-25 23:00:00,129028000.0,129883000.0,126318000.0,126319000.0,326.36229306,dead,oversold,normal,STABLE
2025-02-26 00:00:00,126318000.0,127548000.0,125255000.0,126522000.0,530.29045637,dead,oversold,normal,STABLE
2025-02-26 01:00:00,126584000.0,127448000.0,125340000.0,126880000.0,254.43719165,dead,oversold,low,STABLE
2025-02-26 02:00:00,126879000.0,127400000.0,126033000.0,126627000.0,98.33357189,dead,oversold,low,STABLE
2025-02-26 03:00:00,126626000.0,127365000.0,126230000.0,126282000.0,66.48084569,dead,oversold,low,UP
2025-02-26 04:00:00,126282000.0,127500000.0,125600000.0,127372000.0,108.31087323,dead,neutral,low,UP
2025-02-26 05:00:00,127372000.0,129146000.0,126836000.0,128112000.0,177.71167851,dead,neutral,low,UP
2025-02-26 06:00:00,128048000.0,129500000.0,127618000.0,129494000.0,155.93398309,dead,neutral,low,STABLE
2025-02-26 07:00:00,129494000.0,130700000.0,129190000.0,129630000.0,337.86170516,dead,neutral,normal,STABLE
2025-02-26 08:00:00,129630000.0,130300000.0,129372000.0,129715000.0,201.28701745,golden,neutral,normal,DOWN
2025-02-26 09:00:00,129715000.0,129747000.0,127439000.0,127869000.0,314.33824238,golden,neutral,normal,UP
2025-02-26 10:00:00,127869000.0,129330000.0,127850000.0,129135000.0,132.33403332,golden,neutral,low,STABLE
2025-02-26 11:00:00,129117000.0,129500000.0,128757000.0,129331000.0,92.24466506,golden,neutral,low,DOWN
2025-02-26 12:00:00,129322000.0,130000000.0,128853000.0,128857000.0,118.640882,golden,neutral,low,STABLE
2025-02-26 13:00:00,128856000.0,129360000.0,128653000.0,128653000.0,63.43520944,golden,neutral,low,DOWN
2025-02-26 14:00:00,128659000.0,128844000.0,128000000.0,128077000.0,77.94235877,golden,neutral,low,UP
2025-02-26 15:00:00,128077000.0,128745000.0,127998000.0,128726000.0,63.10668727,golden,neutral,low,STABLE
2025-02-26 16:00:00,128745000.0,129300000.0,128500000.0,128780000.0,73.71335201,golden,neutral,low,DOWN
2025-02-26 17:00:00,128780000.0,128802000.0,127925000.0,128379000.0,69.41123691,golden,neutral,low,UP
2025-02-26 18:00:00,128379000.0,129282000.0,128302000.0,129099000.0,73.53699651,golden,neutral,low,STABLE
2025-02-26 19:00:00,129098000.0,129450000.0,128562000.0,129448000.0,48.21207524,golden,neutral,low,DOWN
2025-02-26 20:00:00,129349000.0,129448000.0,128610000.0,128809000.0,59.15250793,golden,neutral,low,DOWN
2025-02-26 21:00:00,128704000.0,128816000.0,127400000.0,127738000.0,139.24207864,golden,neutral,normal,DOWN
2025-02-26 22:00:00,127738000.0,127944000.0,126462000.0,126487000.0,224.65229241,dead,neutral,normal,UP
2025-02-26 23:00:00,126495000.0,127421000.0,124506000.0,127358000.0,652.30688695,dead,neutral,high,STABLE
2025-02-27 00:00:00,127363000.0,128589000.0,127043000.0,127204000.0,205.56914694,dead,neutral,normal,DOWN
2025-02-27 01:00:00,127204000.0,127654000.0,125750000.0,126379000.0,168.31772989,dead,neutral,normal,DOWN
2025-02-27 02:00:00,126379000.0,127188000.0,125148000.0,125652000.0,95.22249368,dead,neutral,normal,DOWN
2025-02-27 03:00:00,125652000.0,126261000.0,122569000.0,123253000.0,535.18500414,dead,oversold,high,DOWN
2025-02-27 04:00:00,123253000.0,124276000.0,122500000.0,122533000.0,236.79992747,dead,oversold,normal,UP
2025-02-27 05:00:00,122533000.0,123500000.0,120723000.0,123115000.0,519.08993444,dead,oversold,high,STABLE
2025-02-27 06:00:00,123188000.0,124000000.0,121671000.0,123100000.0,331.24538527,dead,oversold,normal,STABLE
2025-02-27 07:00:00,123100000.0,124200000.0,122553000.0,123221000.0,386.70970595,dead,neutral,normal,DOWN
2025-02-27 08:00:00,123220000.0,123800000.0,122435000.0,122784000.0,231.57885196,dead,oversold,normal,UP
2025-02-27 09:00:00,122775000.0,123400000.0,122100000.0,123361000.0,289.98727208,dead,neutral,normal,STABLE
2025-02-27 10:00:00,123360000.0,124333000.0,122642000.0,123501000.0,193.22203426,dead,neutral,normal,DOWN
2025-02-27 11:00:00,123516000.0,123904000.0,122593000.0,122712000.0,152.65934514,dead,neutral,normal,UP
2025-02-27 12:00:00,122784000.0,124238000.0,122712000.0,124100000.0,164.65631851,dead,neutral,normal,STABLE
2025-02-27 13:00:00,124070000.0,124260000.0,123331000.0,124129000.0,139.08226653,dead,neutral,normal,UP
2025-02-27 14:00:00,124129000.0,125100000.0,124000000.0,125086000.0,180.01625752,dead,neutral,normal,UP
2025-02-27 15:00:00,125086000.0,126594000.0,124857000.0,125711000.0,360.24106115,dead,neutral,normal,STABLE
2025-02-27 16:00:00,125711000.0,126499000.0,125525000.0,126080000.0,191.42960148,golden,neutral,normal,DOWN
2025-02-27 17:00:00,126078000.0,126383000.0,125258000.0,125500000.0,115.04723836,golden,neutral,low,STABLE
2025-02-27 18:00:00,125500000.0,126111000.0,125401000.0,125653000.0,75.64326775,golden,neutral,low,UP
2025-02-27 19:00:00,125646000.0,127400000.0,125500000.0,127371000.0,155.55103881,golden,neutral,normal,DOWN
2025-02-27 20:00:00,127370000.0,127493000.0,126326000.0,126864000.0,206.46723896,golden,neutral,normal,DOWN
2025-02-27 21:00:00,126840000.0,127100000.0,126096000.0,126097000.0,102.07460455,golden,neutral,low,STABLE
2025-02-27 22:00:00,126097000.0,126750000.0,125280000.0,125826000.0,190.61863488,golden,neutral,normal,DOWN
2025-02-27 23:00:00,125826000.0,126154000.0,124100000.0,124100000.0,226.20387248,golden,neutral,normal,UP
2025-02-28 00:00:00,124154000.0,125845000.0,123709000.0,125000000.0,174.08954585,golden,neutral,normal,DOWN
2025-02-28 01:00:00,125000000.0,125329000.0,123597000.0,123714000.0,88.36241671,golden,neutral,low,STABLE
2025-02-28 02:00:00,123714000.0,124600000.0,123614000.0,123982000.0,60.86096073,dead,neutral,low,STABLE
2025-02-28 03:00:00,123857000.0,124436000.0,123760000.0,123933000.0,38.40076939,dead,neutral,low,DOWN
2025-02-28 04:00:00,123933000.0,123995000.0,122733000.0,123257000.0,119.90885621,dead,neutral,normal,DOWN
2025-02-28 05:00:00,123257000.0,123296000.0,121500000.0,122792000.0,276.55944198,dead,neutral,normal,UP
2025-02-28 06:00:00,122791000.0,124150000.0,122444000.0,124136000.0,121.79688291,dead,neutral,normal,STABLE
2025-02-28 07:00:00,124136000.0,124200000.0,123000000.0,124131000.0,116.03643796,dead,neutral,normal,STABLE
2025-02-28 08:00:00,124132000.0,124500000.0,123799000.0,124331000.0,93.86761864,dead,neutral,normal,DOWN
2025-02-28 09:00:00,124404000.0,124700000.0,123332000.0,123590000.0,143.18276031,dead,neutral,normal,DOWN
2025-02-28 10:00:00,123590000.0,123747000.0,120056000.0,120721000.0,677.64391243,dead,neutral,high,DOWN
2025-02-28 11:00:00,120672000.0,122000000.0,118110000.0,119595000.0,1190.33280833,dead,oversold,high,DOWN
2025-02-28 12:00:00,119595000.0,120526000.0,118881000.0,118999000.0,465.99190963,dead,oversold,high,STABLE
2025-02-28 13:00:00,118997000.0,119526000.0,118000000.0,119015000.0,563.2948546,dead,oversold,high,DOWN
2025-02-28 14:00:00,119102000.0,119102000.0,117608000.0,118401000.0,467.98531711,dead,oversold,normal,STABLE
2025-02-28 15:00:00,118472000.0,119178000.0,117801000.0,118104000.0,346.50988973,dead,oversold,normal,STABLE
2025-02-28 16:00:00,118071000.0,119074000.0,117438000.0,117908000.0,328.72142794,dead,oversold,normal,DOWN
2025-02-28 17:00:00,117912000.0,118180000.0,116504000.0,117150000.0,574.80653238,dead,oversold,normal,UP
2025-02-28 18:00:00,117150000.0,119524000.0,117044000.0,119119000.0,404.86195282,dead,neutral,normal,STABLE
2025-02-28 19:00:00,119109000.0,119368000.0,118137000.0,118975000.0,161.99040882,dead,neutral,normal,UP
2025-02-28 20:00:00,118950000.0,120100000.0,118763000.0,119640000.0,216.35283123,dead,neutral,normal,STABLE
2025-02-28 21:00:00,119640000.0,119988000.0,118815000.0,119983000.0,143.87907548,dead,neutral,low,UP
2025-02-28 22:00:00,119981000.0,121362000.0,119431000.0,120995000.0,431.37724453,dead,neutral,normal,UP
2025-02-28 23:00:00,120996000.0,122465000.0,120374000.0,121698000.0,445.32999807,dead,neutral,normal,UP
2025-03-01 00:00:00,121698000.0,125411000.0,121520000.0,124479000.0,631.29719093,golden,neutral,normal,STABLE
2025-03-01 01:00:00,124479000.0,125342000.0,123294000.0,124738000.0,248.87735642,golden,neutral,normal,DOWN
2025-03-01 02:00:00,124738000.0,124860000.0,123294000.0,123353000.0,100.35521529,golden,neutral,low,UP
2025-03-01 03:00:00,123353000.0,125400000.0,122725000.0,124610000.0,138.61871106,golden,neutral,low,UP
2025-03-01 04:00:00,124610000.0,125350000.0,124349000.0,125042000.0,92.09266848,golden,neutral,low,DOWN
2025-03-01 05:00:00,124937000.0,125317000.0,123754000.0,124507000.0,75.55965454,golden,neutral,low,STABLE
2025-03-01 06:00:00,124524000.0,124800000.0,124096000.0,124545000.0,61.71104054,golden,neutral,low,STABLE
2025-03-01 07:00:00,124552000.0,124800000.0,124108000.0,124312000.0,64.86480649,golden,neutral,low,STABLE
2025-03-01 08:00:00,124312000.0,124667000.0,123832000.0,124499000.0,76.10398682,golden,neutral,low,DOWN
2025-03-01 09:00:00,124499000.0,125000000.0,123342000.0,123417000.0,195.47657393,golden,neutral,normal,UP
2025-03-01 10:00:00,123417000.0,125284000.0,123403000.0,125129000.0,175.10756445,golden,neutral,normal,UP
2025-03-01 11:00:00,125129000.0,127250000.0,124623000.0,126547000.0,452.72012228,golden,neutral,normal,STABLE
2025-03-01 12:00:00,126547000.0,127200000.0,126000000.0,126878000.0,224.58201098,golden,neutral,normal,UP
2025-03-01 13:00:00,126879000.0,128980000.0,126808000.0,128661000.0,382.82400552,golden,overbought,normal,DOWN
2025-03-01 14:00:00,128673000.0,128700000.0,127010000.0,127011000.0,197.35226488,golden,neutral,normal,DOWN
2025-03-01 15:00:00,127010000.0,127425000.0,126005000.0,126463000.0,232.92983791,golden,neutral,normal,DOWN
2025-03-01 16:00:00,126562000.0,126600000.0,125308000.0,125402000.0,157.19025804,golden,neutral,normal,UP
2025-03-01 17:00:00,125402000.0,126941000.0,125366000.0,126862000.0,131.84331774,golden,neutral,normal,STABLE
2025-03-01 18:00:00,126862000.0,127150000.0,126399000.0,126777000.0,80.87430764,golden,neutral,low,DOWN
2025-03-01 19:00:00,126777000.0,126900000.0,125650000.0,125912000.0,82.67805333,golden,neutral,low,STABLE
2025-03-01 20:00:00,125850000.0,126099000.0,125000000.0,125749000.0,127.3052636,golden,neutral,normal,STABLE
2025-03-01 21:00:00,125740000.0,126300000.0,125500000.0,126014000.0,62.34414922,golden,neutral,low,STABLE
2025-03-01 22:00:00,126012000.0,126300000.0,125288000.0,125712000.0,70.03733985,golden,neutral,low,STABLE
2025-03-01 23:00:00,125613000.0,126331000.0,125567000.0,125999000.0,57.07604943,golden,neutral,low,STABLE
2025-03-02 00:00:00,125991000.0,126258000.0,125849000.0,126230000.0,54.56854061,golden,neutral,low,UP
2025-03-02 01:00:00,126230000.0,126910000.0,126089000.0,126910000.0,56.01552605,golden,neutral,low,STABLE
2025-03-02 02:00:00,126910000.0,126987000.0,126400000.0,126864000.0,28.91212983,golden,neutral,low,STABLE
2025-03-02 03:00:00,126850000.0,126988000.0,126765000.0,126970000.0,19.72228201,golden,neutral,low,STABLE
2025-03-02 04:00:00,126970000.0,127200000.0,126770000.0,127200000.0,30.41839035,golden,neutral,low,STABLE
2025-03-02 05:00:00,127201000.0,127531000.0,127100000.0,127418000.0,43.37468414,golden,neutral,low,UP
2025-03-02 06:00:00,127400000.0,128491000.0,127025000.0,128374000.0,91.41868903,golden,neutral,normal,STABLE
2025-03-02 07:00:00,128374000.0,128555000.0,127585000.0,128376000.0,119.57819757,golden,neutral,normal,STABLE
2025-03-02 08:00:00,128376000.0,128387000.0,127500000.0,128320000.0,126.4281243,golden,neutral,normal,STABLE
2025-03-02 09:00:00,128320000.0,128598000.0,127634000.0,128094000.0,181.55326014,golden,neutral,normal,UP
2025-03-02 10:00:00,128094000.0,128813000.0,128039000.0,128813000.0,151.18977331,golden,neutral,normal,DOWN
2025-03-02 11:00:00,128813000.0,129200000.0,127711000.0,127999000.0,265.63433098,golden,neutral,high,STABLE
2025-03-02 12:00:00,127999000.0,128648000.0,127905000.0,128130000.0,78.36396973,golden,neutral,normal,STABLE
2025-03-02 13:00:00,128138000.0,128168000.0,127531000.0,127764000.0,84.1100612,golden,neutral,normal,STABLE
2025-03-02 14:00:00,127767000.0,128178000.0,127700000.0,127967000.0,50.37803874,golden,neutral,normal,UP
2025-03-02 15:00:00,127967000.0,128730000.0,127940000.0,128465000.0,69.81208227,golden,neutral,normal,STABLE
2025-03-02 16:00:00,128465000.0,128650000.0,128200000.0,128428000.0,60.14994576,golden,neutral,normal,DOWN
2025-03-02 17:00:00,128442000.0,128442000.0,127701000.0,127720000.0,75.87412091,golden,neutral,normal,STABLE
2025-03-02 18:00:00,127720000.0,128089000.0,127600000.0,127979000.0,53.21431941,golden,neutral,normal,STABLE
2025-03-02 19:00:00,127978000.0,128089000.0,127775000.0,128089000.0,41.94479609,golden,neutral,low,STABLE
2025-03-02 20:00:00,128089000.0,128498000.0,128040000.0,128411000.0,50.88295336,golden,neutral,normal,STABLE
2025-03-02 21:00:00,128411000.0,128411000.0,127885000.0,128230000.0,51.9591351,golden,neutral,normal,STABLE
2025-03-02 22:00:00,128230000.0,128245000.0,127800000.0,128060000.0,56.32663161,golden,neutral,normal,DOWN
2025-03-02 23:00:00,128060000.0,128155000.0,126464000.0,126511000.0,180.53177156,dead,neutral,normal,UP
2025-03-03 00:00:00,126556000.0,132360000.0,126512000.0,130534000.0,1037.26109147,golden,neutral,high,UP
2025-03-03 01:00:00,130563000.0,137415000.0,130534000.0,136339000.0,1363.57383166,golden,overbought,high,UP
2025-03-03 02:00:00,136327000.0,143610000.0,135000000.0,140364000.0,1516.69546662,golden,overbought,high,DOWN
2025-03-03 03:00:00,140364000.0,141166000.0,136884000.0,137771000.0,666.41762608,golden,overbought,high,UP
2025-03-03 04:00:00,137770000.0,139477000.0,137531000.0,139186000.0,238.28800483,golden,overbought,normal,UP
2025-03-03 05:00:00,139186000.0,140385000.0,139186000.0,140311000.0,244.63846444,golden,overbought,normal,UP
2025-03-03 06:00:00,140311000.0,141100000.0,139800000.0,141085000.0,310.5457789,golden,overbought,normal,UP
2025-03-03 07:00:00,141085000.0,142216000.0,140574000.0,142021000.0,566.39087353,golden,overbought,normal,UP
2025-03-03 08:00:00,142021000.0,143708000.0,141954000.0,142500000.0,690.06807421,golden,overbought,normal,DOWN
2025-03-03 09:00:00,142500000.0,142950000.0,139416000.0,139550000.0,824.63768362,golden,neutral,high,STABLE
2025-03-03 10:00:00,139560000.0,139581000.0,137537000.0,139300000.0,631.87602337,golden,neutral,normal,STABLE
2025-03-03 11:00:00,139167000.0,139513000.0,137577000.0,139220000.0,308.39372745,golden,neutral,normal,DOWN
2025-03-03 12:00:00,139233000.0,139400000.0,138245000.0,138759000.0,113.53828662,golden,neutral,low,STABLE
2025-03-03 13:00:00,138732000.0,138900000.0,138400000.0,138749000.0,98.07967047,golden,neutral,low,UP
2025-03-03 14:00:00,138699000.0,139586000.0,138698000.0,139478000.0,106.31837831,golden,neutral,low,DOWN
2025-03-03 15:00:00,139477000.0,139600000.0,136200000.0,136761000.0,356.45360307,golden,neutral,normal,UP
2025-03-03 16:00:00,136761000.0,138464000.0,135993000.0,138280000.0,310.38836636,golden,neutral,normal,DOWN
2025-03-03 17:00:00,138255000.0,138300000.0,136400000.0,136761000.0,198.47261186,golden,neutral,low,UP
2025-03-03 18:00:00,136680000.0,137765000.0,136300000.0,137601000.0,184.59365309,dead,neutral,low,UP
2025-03-03 19:00:00,137601000.0,139165000.0,137148000.0,139160000.0,130.41846321,dead,neutral,low,STABLE
2025-03-03 20:00:00,139160000.0,139756000.0,138503000.0,139199000.0,156.03628516,dead,neutral,low,UP
2025-03-03 21:00:00,139200000.0,140278000.0,139199000.0,139923000.0,207.68514605,dead,neutral,normal,UP
2025-03-03 22:00:00,139913000.0,141459000.0,139797000.0,141335000.0,211.40864924,golden,neutral,normal,DOWN
2025-03-03 23:00:00,141335000.0,141500000.0,135311000.0,135314000.0,655.15734024,dead,neutral,high,UP
2025-03-04 00:00:00,135333000.0,138000000.0,135255000.0,135965000.0,387.76194622,dead,neutral,normal,STABLE
2025-03-04 01:00:00,135967000.0,136997000.0,135590000.0,136183000.0,120.51836742,dead,neutral,low,STABLE
2025-03-04 02:00:00,136169000.0,137318000.0,135785000.0,136233000.0,76.18799065,dead,neutral,low,DOWN
2025-03-04 03:00:00,136230000.0,136400000.0,131860000.0,132363000.0,517.84837213,dead,neutral,normal,DOWN
2025-03-04 04:00:00,132201000.0,132994000.0,130000000.0,130000000.0,398.17569756,dead,neutral,normal,STABLE
2025-03-04 05:00:00,130001000.0,130863000.0,129000000.0,130178000.0,401.10543748,dead,neutral,normal,DOWN
2025-03-04 06:00:00,130143000.0,131171000.0,128097000.0,128316000.0,363.65172868,dead,neutral,normal,UP
2025-03-04 07:00:00,128316000.0,131200000.0,128240000.0,130909000.0,311.61916339,dead,neutral,normal,DOWN
2025-03-04 08:00:00,130909000.0,130955000.0,129643000.0,130094000.0,185.84701938,dead,neutral,normal,DOWN
2025-03-04 09:00:00,130110000.0,131170000.0,129287000.0,129554000.0,297.05440562,dead,neutral,normal,DOWN
2025-03-04 10:00:00,129554000.0,129817000.0,124080000.0,125052000.0,877.45918691,dead,neutral,high,UP
2025-03-04 11:00:00,125052000.0,127000000.0,124177000.0,126327000.0,369.06610801,dead,neutral,normal,STABLE
2025-03-04 12:00:00,126340000.0,127155000.0,125822000.0,126638000.0,171.37742449,dead,neutral,normal,DOWN
2025-03-04 13:00:00,126638000.0,126800000.0,125590000.0,125770000.0,120.64339968,dead,neutral,low,UP
2025-03-04 14:00:00,125772000.0,127407000.0,125529000.0,127242000.0,184.36781973,dead,neutral,normal,DOWN
2025-03-04 15:00:00,127211000.0,127478000.0,126000000.0,126315000.0,141.98168066,dead,neutral,low,DOWN
2025-03-04 16:00:00,126314000.0,126400000.0,125372000.0,125396000.0,119.45604233,dead,neutral,low,UP
2025-03-04 17:00:00,125396000.0,126699000.0,125365000.0,126619000.0,106.88762982,dead,neutral,low,STABLE
2025-03-04 18:00:00,126648000.0,126935000.0,126258000.0,126419000.0,87.29440493,dead,neutral,low,UP
2025-03-04 19:00:00,126419000.0,127140000.0,126180000.0,127042000.0,97.27965205,dead,neutral,low,STABLE
2025-03-04 20:00:00,127047000.0,127689000.0,126778000.0,126969000.0,121.8140935,dead,neutral,low,DOWN
2025-03-04 21:00:00,126969000.0,126980000.0,125423000.0,126246000.0,181.26996207,dead,neutral,normal,DOWN
2025-03-04 22:00:00,126256000.0,126256000.0,124080000.0,124496000.0,355.65370055,dead,neutral,normal,UP
2025-03-04 23:00:00,124496000.0,128145000.0,124020000.0,125181000.0,552.72811602,dead,neutral,high,STABLE
2025-03-05 00:00:00,125168000.0,125809000.0,123473000.0,125437000.0,385.59189919,dead,neutral,normal,UP
2025-03-05 01:00:00,125437000.0,126585000.0,124350000.0,126287000.0,164.84996007,dead,neutral,normal,UP
2025-03-05 02:00:00,126288000.0,128538000.0,125900000.0,128397000.0,230.84384838,dead,neutral,normal,UP
2025-03-05 03:00:00,128397000.0,130650000.0,128003000.0,130251000.0,191.28600712,golden,neutral,normal,UP
2025-03-05 04:00:00,130243000.0,133100000.0,129831000.0,132576000.0,287.18181346,golden,neutral,normal,DOWN
2025-03-05 05:00:00,132500000.0,133790000.0,129858000.0,130089000.0,257.04582438,golden,neutral,normal,UP
2025-03-05 06:00:00,130211000.0,133458000.0,129649000.0,131300000.0,237.02132904,golden,neutral,normal,STABLE
2025-03-05 07:00:00,131300000.0,131886000.0,130763000.0,130932000.0,104.71205286,golden,neutral,normal,DOWN
2025-03-05 08:00:00,130910000.0,131342000.0,130301000.0,130430000.0,85.50376328,golden,neutral,low,DOWN
2025-03-05 09:00:00,130368000.0,130677000.0,128980000.0,129556000.0,198.96239706,golden,neutral,normal,UP
2025-03-05 10:00:00,129556000.0,131583000.0,129160000.0,131472000.0,174.18118116,golden,neutral,normal,STABLE
2025-03-05 11:00:00,131472000.0,132000000.0,130534000.0,131242000.0,208.40275174,golden,neutral,normal,DOWN
2025-03-05 12:00:00,131330000.0,132176000.0,130133000.0,130179000.0,165.94661191,golden,neutral,normal,STABLE
2025-03-05 13:00:00,130179000.0,131200000.0,129950000.0,130386000.0,110.35706998,golden,neutral,normal,STABLE
2025-03-05 14:00:00,130386000.0,130800000.0,130200000.0,130298000.0,47.65894716,golden,neutral,low,UP
2025-03-05 15:00:00,130298000.0,131331000.0,130094000.0,131280000.0,75.84441396,golden,neutral,low,STABLE
2025-03-05 16:00:00,131302000.0,131640000.0,131139000.0,131502000.0,68.55341726,golden,neutral,low,STABLE
2025-03-05 17:00:00,131533000.0,131965000.0,131500000.0,131631000.0,78.18582772,golden,neutral,low,UP
2025-03-05 18:00:00,131631000.0,133228000.0,131544000.0,132521000.0,205.46256932,golden,neutral,normal,UP
2025-03-05 19:00:00,132586000.0,135944000.0,132499000.0,134854000.0,482.13125019,golden,neutral,high,STABLE
2025-03-05 20:00:00,134781000.0,135212000.0,134245000.0,134796000.0,179.76242287,golden,neutral,normal,UP
2025-03-05 21:00:00,134796000.0,136459000.0,134723000.0,135600000.0,290.07630234,golden,neutral,normal,DOWN
2025-03-05 22:00:00,135600000.0,136106000.0,133000000.0,133688000.0,322.02401556,golden,neutral,normal,DOWN
2025-03-05 23:00:00,133688000.0,134505000.0,132132000.0,132789000.0,250.90820857,golden,neutral,normal,DOWN
2025-03-06 00:00:00,132789000.0,134015000.0,131800000.0,132249000.0,154.37077945,golden,neutral,normal,UP
2025-03-06 01:00:00,132193000.0,133923000.0,131429000.0,133291000.0,137.42697268,golden,neutral,normal,UP
2025-03-06 02:00:00,133242000.0,135325000.0,133200000.0,134024000.0,122.2190722,golden,neutral,normal,STABLE
2025-03-06 03:00:00,133966000.0,134500000.0,133001000.0,134008000.0,45.80171735,golden,neutral,low,STABLE
2025-03-06 04:00:00,134008000.0,134613000.0,133505000.0,133874000.0,58.100768,golden,neutral,low,UP
2025-03-06 05:00:00,133897000.0,135098000.0,133847000.0,135045000.0,66.09034481,golden,neutral,low,STABLE
2025-03-06 06:00:00,134969000.0,135210000.0,134100000.0,134930000.0,63.80413265,golden,neutral,low,STABLE
2025-03-06 07:00:00,134916000.0,135149000.0,134350000.0,135067000.0,68.03482612,golden,neutral,low,STABLE
2025-03-06 08:00:00,134971000.0,135705000.0,134602000.0,134990000.0,126.1345253,golden,neutral,normal,DOWN
2025-03-06 09:00:00,134990000.0,135500000.0,133874000.0,134113000.0,191.00503931,golden,neutral,normal,UP
2025-03-06 10:00:00,134113000.0,136825000.0,134094000.0,135809000.0,212.12671081,golden,neutral,normal,UP
2025-03-06 11:00:00,135860000.0,137000000.0,135675000.0,136680000.0,204.7126908,golden,neutral,normal,STABLE
2025-03-06 12:00:00,136680000.0,136997000.0,136100000.0,136386000.0,98.72388286,golden,neutral,normal,UP
2025-03-06 13:00:00,136386000.0,137415000.0,136210000.0,137000000.0,130.64749811,golden,neutral,normal,UP
2025-03-06 14:00:00,136999000.0,138321000.0,136805000.0,138153000.0,200.48460773,golden,neutral,normal,DOWN
2025-03-06 15:00:00,138153000.0,138200000.0,136500000.0,136730000.0,188.9102972,golden,neutral,normal,DOWN
2025-03-06 16:00:00,136864000.0,137044000.0,135741000.0,135974000.0,125.98532609,golden,neutral,normal,DOWN
2025-03-06 17:00:00,135974000.0,136379000.0,135377000.0,135450000.0,156.27743484,golden,neutral,normal,DOWN
2025-03-06 18:00:00,135450000.0,135490000.0,134604000.0,134984000.0,211.47841341,golden,neutral,normal,UP
2025-03-06 19:00:00,134960000.0,136233000.0,134793000.0,135791000.0,162.89720002,golden,neutral,normal,STABLE
2025-03-06 20:00:00,135791000.0,136136000.0,135253000.0,135796000.0,91.64834973,golden,neutral,normal,DOWN
2025-03-06 21:00:00,135797000.0,135904000.0,133255000.0,133746000.0,284.38093144,dead,neutral,high,DOWN
2025-03-06 22:00:00,133744000.0,134458000.0,133045000.0,133098000.0,185.95036845,dead,neutral,normal,UP
2025-03-06 23:00:00,133085000.0,134449000.0,132684000.0,133597000.0,200.82076907,dead,neutral,normal,UP
2025-03-07 00:00:00,133597000.0,135799000.0,133301000.0,134918000.0,259.86624735,dead,neutral,normal,DOWN
2025-03-07 01:00:00,134918000.0,135290000.0,133000000.0,133001000.0,115.92082188,dead,neutral,normal,DOWN
2025-03-07 02:00:00,133001000.0,133225000.0,131500000.0,132384000.0,176.80877717,dead,neutral,normal,STABLE
2025-03-07 03:00:00,132395000.0,132900000.0,131700000.0,132078000.0,57.71059596,dead,neutral,low,STABLE
2025-03-07 04:00:00,132163000.0,133481000.0,131220000.0,132208000.0,89.04706358,dead,neutral,normal,UP
2025-03-07 05:00:00,132201000.0,133240000.0,131950000.0,132735000.0,55.15468134,dead,neutral,low,UP
2025-03-07 06:00:00,132851000.0,134063000.0,132679000.0,134063000.0,66.56718129,dead,neutral,low,UP
2025-03-07 07:00:00,134063000.0,135310000.0,133700000.0,134585000.0,145.01988068,dead,neutral,normal,DOWN
2025-03-07 08:00:00,134585000.0,134873000.0,133800000.0,133870000.0,93.84429486,dead,neutral,normal,DOWN
2025-03-07 09:00:00,133858000.0,135900000.0,127470000.0,128724000.0,1158.45695422,dead,neutral,high,UP
2025-03-07 10:00:00,128686000.0,133452000.0,128200000.0,132395000.0,608.21137422,dead,neutral,high,DOWN
2025-03-07 11:00:00,132417000.0,132542000.0,130316000.0,130339000.0,190.59535862,dead,neutral,normal,DOWN
2025-03-07 12:00:00,130339000.0,130959000.0,129385000.0,129738000.0,161.16170805,dead,neutral,normal,UP
2025-03-07 13:00:00,129736000.0,130870000.0,129451000.0,130390000.0,129.99993029,dead,neutral,normal,UP
2025-03-07 14:00:00,130449000.0,131520000.0,130383000.0,131096000.0,128.80580361,dead,neutral,normal,STABLE
2025-03-07 15:00:00,131161000.0,131400000.0,130701000.0,131220000.0,79.51772832,dead,neutral,low,STABLE
2025-03-07 16:00:00,131175000.0,131833000.0,131007000.0,131571000.0,82.11091269,dead,neutral,low,STABLE
2025-03-07 17:00:00,131640000.0,131803000.0,131005000.0,131700000.0,57.24805589,dead,neutral,low,UP
2025-03-07 18:00:00,131761000.0,133533000.0,131638000.0,132288000.0,174.96926923,dead,neutral,normal,UP
2025-03-07 19:00:00,132289000.0,132930000.0,132051000.0,132867000.0,65.95601051,dead,neutral,low,DOWN
2025-03-07 20:00:00,132867000.0,133200000.0,132012000.0,132301000.0,88.39973654,golden,neutral,low,STABLE
2025-03-07 21:00:00,132285000.0,132780000.0,131134000.0,132170000.0,139.21118971,golden,neutral,normal,STABLE
2025-03-07 22:00:00,132249000.0,134363000.0,132089000.0,132446000.0,265.60572955,golden,neutral,normal,UP
2025-03-07 23:00:00,132513000.0,135200000.0,131820000.0,134255000.0,268.2788883,golden,neutral,normal,DOWN
2025-03-08 00:00:00,134285000.0,134829000.0,131221000.0,131953000.0,291.91045391,golden,neutral,normal,DOWN
2025-03-08 01:00:00,131953000.0,132800000.0,129500000.0,130588000.0,242.93703126,golden,neutral,normal,STABLE
2025-03-08 02:00:00,130591000.0,132314000.0,129486000.0,130902000.0,187.66228413,golden,neutral,normal,UP
2025-03-08 03:00:00,130902000.0,132704000.0,130457000.0,131986000.0,85.8313958,golden,neutral,low,DOWN
2025-03-08 04:00:00,131986000.0,132432000.0,129832000.0,130671000.0,81.3744811,dead,neutral,low,DOWN
2025-03-08 05:00:00,130671000.0,132342000.0,129500000.0,130000000.0,151.62346698,dead,neutral,normal,DOWN
2025-03-08 06:00:00,129952000.0,130500000.0,128310000.0,128972000.0,324.42813268,dead,neutral,high,UP
2025-03-08 07:00:00,129067000.0,129888000.0,128000000.0,129704000.0,246.77392828,dead,neutral,normal,STABLE
2025-03-08 08:00:00,129705000.0,129807000.0,128450000.0,129522000.0,150.54757137,dead,neutral,normal,STABLE
2025-03-08 09:00:00,129522000.0,129998000.0,129047000.0,129700000.0,127.83988444,dead,neutral,normal,DOWN
2025-03-08 10:00:00,129676000.0,129780000.0,127502000.0,128549000.0,222.78231112,dead,neutral,normal,STABLE
2025-03-08 11:00:00,128549000.0,128900000.0,128251000.0,128696000.0,66.33454326,dead,neutral,low,DOWN
2025-03-08 12:00:00,128734000.0,128734000.0,127500000.0,127743000.0,121.92425538,dead,neutral,normal,UP
2025-03-08 13:00:00,127743000.0,128710000.0,127390000.0,128688000.0,120.63097658,dead,neutral,normal,STABLE
2025-03-08 14:00:00,128685000.0,128689000.0,128010000.0,128488000.0,37.81928797,dead,neutral,low,UP
2025-03-08 15:00:00,128500000.0,129181000.0,128477000.0,128908000.0,56.3600869,dead,neutral,low,STABLE
2025-03-08 16:00:00,128908000.0,129023000.0,128467000.0,128544000.0,31.08454908,dead,neutral,low,STABLE
2025-03-08 17:00:00,128564000.0,128789000.0,128243000.0,128332000.0,37.87441391,dead,neutral,low,STABLE
2025-03-08 18:00:00,128360000.0,128985000.0,128096000.0,128394000.0,50.08751686,dead,neutral,low,STABLE
2025-03-08 19:00:00,128251000.0,128776000.0,128251000.0,128557000.0,27.55955029,dead,neutral,low,DOWN
2025-03-08 20:00:00,128557000.0,128559000.0,127800000.0,128096000.0,83.93750894,dead,neutral,normal,UP
2025-03-08 21:00:00,128099000.0,128899000.0,127930000.0,128632000.0,62.75028475,dead,neutral,normal,STABLE
2025-03-08 22:00:00,128632000.0,129118000.0,128480000.0,128886000.0,63.18247711,dead,neutral,normal,STABLE
2025-03-08 23:00:00,128927000.0,129169000.0,128602000.0,128787000.0,47.98944771,dead,neutral,low,STABLE
2025-03-09 00:00:00,128756000.0,129115000.0,128550000.0,128951000.0,35.63540526,dead,neutral,low,STABLE
2025-03-09 01:00:00,128952000.0,129035000.0,128300000.0,128601000.0,37.38737324,golden,neutral,low,STABLE
2025-03-09 02:00:00,128702000.0,128805000.0,128113000.0,128313000.0,21.17474655,golden,neutral,low,STABLE
2025-03-09 03:00:00,128350000.0,128610000.0,128226000.0,128499000.0,12.71174452,dead,neutral,low,STABLE
2025-03-09 04:00:00,128499000.0,129016000.0,128211000.0,128680000.0,16.23373397,golden,neutral,low,STABLE
2025-03-09 05:00:00,128678000.0,128841000.0,128530000.0,128802000.0,9.96178213,golden,neutral,low,STABLE
2025-03-09 06:00:00,128805000.0,129065000.0,128650000.0,128663000.0,17.29489697,golden,neutral,low,STABLE
2025-03-09 07:00:00,128664000.0,128900000.0,128240000.0,128900000.0,24.52337708,golden,neutral,normal,STABLE
2025-03-09 08:00:00,128860000.0,128950000.0,128350000.0,128531000.0,32.84284361,golden,neutral,normal,STABLE
2025-03-09 09:00:00,128579000.0,128950000.0,128355000.0,128848000.0,58.03751501,golden,neutral,normal,STABLE
2025-03-09 10:00:00,128848000.0,128948000.0,128335000.0,128537000.0,40.5175815,golden,neutral,normal,STABLE
2025-03-09 11:00:00,128554000.0,128739000.0,128323000.0,128361000.0,33.62483817,golden,neutral,normal,STABLE
2025-03-09 12:00:00,128361000.0,128598000.0,128200000.0,128291000.0,36.48885127,dead,neutral,normal,STABLE
2025-03-09 13:00:00,128292000.0,128346000.0,128100000.0,128289000.0,22.20203687,dead,neutral,normal,STABLE
2025-03-09 14:00:00,128289000.0,128421000.0,128165000.0,128227000.0,21.31059694,dead,neutral,normal,STABLE
2025-03-09 15:00:00,128240000.0,128240000.0,127791000.0,127914000.0,83.13319531,dead,neutral,high,STABLE
2025-03-09 16:00:00,127917000.0,128142000.0,127789000.0,128089000.0,41.13733443,dead,neutral,normal,DOWN
2025-03-09 17:00:00,128089000.0,128150000.0,127700000.0,127700000.0,30.74656191,dead,neutral,normal,DOWN
2025-03-09 18:00:00,127700000.0,127915000.0,127198000.0,127288000.0,88.51211058,dead,neutral,high,DOWN
2025-03-09 19:00:00,127288000.0,127440000.0,125671000.0,125920000.0,356.60639366,dead,oversold,high,UP
2025-03-09 20:00:00,125920000.0,126529000.0,125783000.0,126469000.0,162.61327644,dead,neutral,high,DOWN
2025-03-09 21:00:00,126468000.0,126522000.0,125198000.0,125764000.0,221.39158538,dead,oversold,high,DOWN
2025-03-09 22:00:00,125764000.0,125940000.0,124010000.0,124010000.0,294.55331503,dead,oversold,high,UP
2025-03-09 23:00:00,124010000.0,125192000.0,123700000.0,124947000.0,314.8974916,dead,neutral,high,DOWN
2025-03-10 00:00:00,124896000.0,125122000.0,123712000.0,124106000.0,129.96782632,dead,oversold,normal,DOWN
2025-03-10 01:00:00,124107000.0,125066000.0,123213000.0,123365000.0,181.45424291,dead,oversold,normal,STABLE
2025-03-10 02:00:00,123365000.0,124151000.0,123030000.0,123409000.0,149.63861041,dead,oversold,normal,UP
2025-03-10 03:00:00,123381000.0,124900000.0,123210000.0,123967000.0,123.78270321,dead,neutral,normal,STABLE
2025-03-10 04:00:00,123937000.0,124343000.0,123449000.0,123729000.0,64.14887401,dead,neutral,normal,UP
2025-03-10 05:00:00,123729000.0,125000000.0,123678000.0,124329000.0,64.70045048,dead,neutral,normal,DOWN
2025-03-10 06:00:00,124329000.0,124329000.0,122298000.0,122410000.0,214.90076022,dead,oversold,normal,DOWN
2025-03-10 07:00:00,122526000.0,122759000.0,120000000.0,120081000.0,582.62602585,dead,oversold,high,UP
2025-03-10 08:00:00,120148000.0,121560000.0,119864000.0,121111000.0,447.5515702,dead,oversold,high,UP
2025-03-10 09:00:00,121039000.0,122209000.0,119100000.0,121571000.0,599.26834702,dead,neutral,high,UP
2025-03-10 10:00:00,121571000.0,122680000.0,121000000.0,122479000.0,295.03112802,dead,neutral,normal,UP
2025-03-10 11:00:00,122555000.0,124024000.0,122025000.0,123120000.0,280.45718257,dead,neutral,normal,DOWN
2025-03-10 12:00:00,123092000.0,123378000.0,122300000.0,122701000.0,136.56011731,dead,neutral,normal,UP
2025-03-10 13:00:00,122701000.0,123400000.0,122635000.0,123200000.0,101.31191468,dead,neutral,low,DOWN
2025-03-10 14:00:00,123271000.0,123500000.0,122425000.0,122675000.0,91.84236079,dead,neutral,low,STABLE
2025-03-10 15:00:00,122675000.0,122822000.0,122076000.0,122600000.0,78.00582444,dead,neutral,low,STABLE
2025-03-10 16:00:00,122600000.0,123100000.0,122117000.0,122497000.0,64.99617761,dead,neutral,low,DOWN
2025-03-10 17:00:00,122500000.0,122622000.0,120650000.0,120833000.0,176.65874311,dead,neutral,normal,UP
2025-03-10 18:00:00,120928000.0,124910000.0,120829000.0,122892000.0,446.79294867,dead,neutral,normal,STABLE
2025-03-10 19:00:00,122964000.0,123342000.0,121759000.0,122765000.0,109.17564605,dead,neutral,normal,UP
2025-03-10 20:00:00,122781000.0,124630000.0,122375000.0,124361000.0,141.52528037,dead,neutral,normal,DOWN
2025-03-10 21:00:00,124361000.0,124700000.0,123000000.0,123933000.0,257.80671552,golden,neutral,normal,DOWN
2025-03-10 22:00:00,123933000.0,124003000.0,121376000.0,121647000.0,233.90469416,golden,neutral,normal,DOWN
2025-03-10 23:00:00,121638000.0,121641000.0,118621000.0,119404000.0,835.54207712,golden,neutral,high,STABLE
2025-03-11 00:00:00,119404000.0,121322000.0,119044000.0,119520000.0,323.30442313,dead,neutral,normal,DOWN
2025-03-11 01:00:00,119520000.0,119880000.0,117900000.0,117907000.0,343.25877465,dead,neutral,normal,DOWN
2025-03-11 02:00:00,117907000.0,118729000.0,117117000.0,117348000.0,280.98116201,dead,oversold,normal,DOWN
2025-03-11 03:00:00,117412000.0,118433000.0,116477000.0,116600000.0,278.88617821,dead,oversold,normal,UP
2025-03-11 04:00:00,116600000.0,119000000.0,116355000.0,118330000.0,282.73560176,dead,neutral,normal,UP
2025-03-11 05:00:00,118536000.0,119300000.0,117416000.0,118748000.0,137.29179997,dead,neutral,normal,UP
2025-03-11 06:00:00,118701000.0,119756000.0,118118000.0,119179000.0,166.58725464,dead,neutral,normal,STABLE
2025-03-11 07:00:00,119180000.0,119634000.0,118300000.0,118858000.0,201.45036251,dead,neutral,normal,DOWN
2025-03-11 08:00:00,118795000.0,119183000.0,117400000.0,117477000.0,189.2449524,dead,neutral,normal,DOWN
2025-03-11 09:00:00,117495000.0,118400000.0,114763000.0,116298000.0,1106.22567853,dead,neutral,high,UP
2025-03-11 10:00:00,116298000.0,118343000.0,115000000.0,118320000.0,520.30107519,dead,neutral,normal,STABLE
2025-03-11 11:00:00,118320000.0,119296000.0,117923000.0,118502000.0,336.57122953,dead,neutral,normal,STABLE
2025-03-11 12:00:00,118511000.0,119166000.0,118379000.0,118690000.0,155.28599783,dead,neutral,low,STABLE
2025-03-11 13:00:00,118748000.0,119707000.0,118616000.0,119001000.0,178.35562425,dead,neutral,normal,UP
2025-03-11 14:00:00,119003000.0,119950000.0,118946000.0,119669000.0,125.7264259,dead,neutral,low,DOWN
2025-03-11 15:00:00,119669000.0,120369000.0,118999000.0,119076000.0,244.90766028,dead,neutral,normal,UP
2025-03-11 16:00:00,119076000.0,120238000.0,118991000.0,119883000.0,141.28813947,golden,neutral,low,UP
2025-03-11 17:00:00,119850000.0,121451000.0,119600000.0,120982000.0,202.25964335,golden,neutral,normal,STABLE
2025-03-11 18:00:00,120982000.0,122267000.0,120888000.0,121267000.0,222.58288989,golden,neutral,normal,UP
2025-03-11 19:00:00,121268000.0,121887000.0,120920000.0,121712000.0,119.13064122,golden,neutral,low,STABLE
2025-03-11 20:00:00,121712000.0,122118000.0,121172000.0,121601000.0,126.9760151,golden,neutral,low,DOWN
2025-03-11 21:00:00,121601000.0,121700000.0,120150000.0,120466000.0,263.04582461,golden,neutral,normal,STABLE
2025-03-11 22:00:00,120466000.0,121938000.0,119320000.0,120483000.0,371.96609922,golden,neutral,normal,DOWN
2025-03-11 23:00:00,120483000.0,121046000.0,117630000.0,118585000.0,540.89516816,golden,neutral,normal,UP
2025-03-12 00:00:00,118585000.0,121250000.0,118505000.0,120701000.0,230.42118792,golden,neutral,normal,STABLE
2025-03-12 01:00:00,120711000.0,121400000.0,119780000.0,120732000.0,90.83602754,golden,neutral,low,STABLE
2025-03-12 02:00:00,120732000.0,121290000.0,119913000.0,120655000.0,48.95547375,golden,neutral,low,UP
2025-03-12 03:00:00,120655000.0,123650000.0,120655000.0,123498000.0,218.53911262,golden,neutral,normal,STABLE
2025-03-12 04:00:00,123438000.0,123900000.0,123034000.0,123390000.0,120.20910928,golden,neutral,low,STABLE
2025-03-12 05:00:00,123390000.0,123614000.0,122601000.0,123067000.0,79.82090239,golden,neutral,low,UP
2025-03-12 06:00:00,123086000.0,123891000.0,123005000.0,123676000.0,121.65251431,golden,neutral,normal,STABLE
2025-03-12 07:00:00,123677000.0,123918000.0,123500000.0,123748000.0,92.07852566,golden,neutral,low,DOWN
2025-03-12 08:00:00,123671000.0,123749000.0,122328000.0,123232000.0,167.68173024,golden,neutral,normal,STABLE
2025-03-12 09:00:00,123232000.0,123820000.0,122706000.0,122977000.0,169.96219132,golden,neutral,normal,UP
2025-03-12 10:00:00,122976000.0,124800000.0,122976000.0,124141000.0,210.59484789,golden,neutral,normal,DOWN
2025-03-12 11:00:00,124100000.0,124142000.0,122359000.0,122725000.0,181.81791667,golden,neutral,normal,DOWN
2025-03-12 12:00:00,122749000.0,123000000.0,121872000.0,121884000.0,128.0223625,golden,neutral,normal,STABLE
2025-03-12 13:00:00,121873000.0,122003000.0,121150000.0,121536000.0,145.49856035,golden,neutral,normal,UP
2025-03-12 14:00:00,121534000.0,122043000.0,121286000.0,121967000.0,80.11331515,golden,neutral,low,DOWN
2025-03-12 15:00:00,121967000.0,122041000.0,120800000.0,120997000.0,103.67242903,dead,neutral,normal,UP
2025-03-12 16:00:00,120990000.0,122696000.0,120872000.0,122477000.0,108.26368402,dead,neutral,normal,STABLE
2025-03-12 17:00:00,122477000.0,122951000.0,121854000.0,122792000.0,159.60282724,dead,neutral,normal,STABLE
2025-03-12 18:00:00,122792000.0,123091000.0,122000000.0,122797000.0,89.92720717,dead,neutral,normal,DOWN
2025-03-12 19:00:00,122796000.0,122845000.0,121916000.0,122403000.0,61.21150954,dead,neutral,low,UP
2025-03-12 20:00:00,122406000.0,123306000.0,122230000.0,123265000.0,94.00543078,golden,neutral,normal,UP
2025-03-12 21:00:00,123269000.0,125300000.0,122751000.0,124769000.0,524.73909418,golden,neutral,high,DOWN
2025-03-12 22:00:00,124769000.0,124959000.0,122500000.0,123052000.0,283.19504943,golden,neutral,normal,DOWN
2025-03-12 23:00:00,123035000.0,123300000.0,121365000.0,121450000.0,257.90001371,golden,neutral,normal,STABLE
2025-03-13 00:00:00,121451000.0,122070000.0,120153000.0,121649000.0,266.88329317,golden,neutral,normal,STABLE
2025-03-13 01:00:00,121649000.0,122300000.0,121400000.0,121820000.0,73.97206826,dead,neutral,low,STABLE
2025-03-13 02:00:00,121938000.0,123079000.0,121500000.0,121649000.0,65.47545376,dead,neutral,low,UP
2025-03-13 03:00:00,121650000.0,122875000.0,121525000.0,122564000.0,33.91050304,dead,neutral,low,UP
2025-03-13 04:00:00,122563000.0,123391000.0,122455000.0,123078000.0,44.73718602,dead,neutral,low,STABLE
2025-03-13 05:00:00,123103000.0,123456000.0,122768000.0,123315000.0,22.57214003,dead,neutral,low,STABLE
2025-03-13 06:00:00,123315000.0,123689000.0,122861000.0,123096000.0,57.25436662,golden,neutral,low,UP
2025-03-13 07:00:00,123172000.0,123950000.0,123096000.0,123899000.0,98.31401193,golden,neutral,normal,STABLE
2025-03-13 08:00:00,123914000.0,124200000.0,123536000.0,123871000.0,95.16847759,golden,neutral,normal,DOWN
2025-03-13 09:00:00,123871000.0,124400000.0,123443000.0,123450000.0,111.67791894,golden,neutral,normal,UP
2025-03-13 10:00:00,123495000.0,124500000.0,123158000.0,124076000.0,84.25370915,golden,neutral,normal,STABLE
2025-03-13 11:00:00,124076000.0,124600000.0,123973000.0,123975000.0,76.9870292,golden,neutral,normal,DOWN
2025-03-13 12:00:00,123975000.0,124503000.0,123513000.0,123560000.0,84.40290453,golden,neutral,normal,DOWN
2025-03-13 13:00:00,123560000.0,123790000.0,123058000.0,123130000.0,60.27751553,golden,neutral,low,STABLE
2025-03-13 14:00:00,123130000.0,123550000.0,122800000.0,122918000.0,59.50844244,golden,neutral,low,STABLE
2025-03-13 15:00:00,122996000.0,123300000.0,122550000.0,123202000.0,64.83592641,golden,neutral,normal,STABLE
2025-03-13 16:00:00,123205000.0,123569000.0,122955000.0,123157000.0,32.74397327,golden,neutral,low,STABLE
2025-03-13 17:00:00,123157000.0,123269000.0,122130000.0,122943000.0,90.23752482,golden,neutral,normal,UP
2025-03-13 18:00:00,123015000.0,123482000.0,122945000.0,123400000.0,75.22351942,golden,neutral,normal,DOWN
2025-03-13 19:00:00,123398000.0,123414000.0,122801000.0,122982000.0,56.82241623,golden,neutral,normal,STABLE
2025-03-13 20:00:00,122982000.0,123089000.0,122478000.0,122756000.0,76.17934428,dead,neutral,normal,DOWN
2025-03-13 21:00:00,122780000.0,123850000.0,122050000.0,122291000.0,227.05972226,dead,neutral,high,DOWN
2025-03-13 22:00:00,122291000.0,122917000.0,121114000.0,121399000.0,237.62449245,dead,neutral,high,STABLE
2025-03-13 23:00:00,121371000.0,122204000.0,121073000.0,121538000.0,184.4150166,dead,neutral,high,DOWN
2025-03-14 00:00:00,121538000.0,121824000.0,120250000.0,120346000.0,221.88398884,dead,neutral,high,STABLE
2025-03-14 01:00:00,120348000.0,120627000.0,119919000.0,120197000.0,175.80968097,dead,neutral,normal,DOWN
2025-03-14 02:00:00,120197000.0,120243000.0,119000000.0,119167000.0,164.39082862,dead,oversold,normal,UP
2025-03-14 03:00:00,119095000.0,120475000.0,119029000.0,120129000.0,66.39781332,dead,neutral,normal,DOWN
2025-03-14 04:00:00,120128000.0,120480000.0,119108000.0,119133000.0,64.36479212,dead,neutral,normal,UP
2025-03-14 05:00:00,119165000.0,119995000.0,119129000.0,119620000.0,48.53550088,dead,neutral,low,UP
2025-03-14 06:00:00,119641000.0,120340000.0,119450000.0,120234000.0,55.03141975,dead,neutral,normal,UP
2025-03-14 07:00:00,120234000.0,120599000.0,120088000.0,120597000.0,83.34355929,dead,neutral,normal,DOWN
2025-03-14 08:00:00,120597000.0,120789000.0,120150000.0,120216000.0,75.67147542,dead,neutral,normal,UP
2025-03-14 09:00:00,120216000.0,120900000.0,119737000.0,120591000.0,105.56027056,dead,neutral,normal,STABLE
2025-03-14 10:00:00,120591000.0,121091000.0,120200000.0,120675000.0,62.07903605,dead,neutral,normal,UP
2025-03-14 11:00:00,120675000.0,121580000.0,120672000.0,121469000.0,86.18104848,dead,neutral,normal,DOWN
2025-03-14 12:00:00,121469000.0,121558000.0,120803000.0,120923000.0,61.89511594,dead,neutral,normal,STABLE
2025-03-14 13:00:00,120949000.0,121233000.0,120877000.0,121020000.0,36.32423951,golden,neutral,low,STABLE
2025-03-14 14:00:00,121061000.0,121300000.0,120833000.0,121260000.0,40.72813103,golden,neutral,low,STABLE
2025-03-14 15:00:00,121268000.0,121298000.0,120627000.0,121168000.0,58.50808111,golden,neutral,normal,STABLE
2025-03-14 16:00:00,121167000.0,121576000.0,120838000.0,121407000.0,45.82133039,golden,neutral,low,UP
2025-03-14 17:00:00,121391000.0,122000000.0,121337000.0,121971000.0,79.09919447,golden,neutral,normal,STABLE
2025-03-14 18:00:00,121971000.0,122600000.0,121909000.0,122210000.0,106.30718293,golden,neutral,normal,STABLE
2025-03-14 19:00:00,122210000.0,122875000.0,122000000.0,122546000.0,81.20493506,golden,neutral,normal,STABLE
2025-03-14 20:00:00,122546000.0,122950000.0,122359000.0,122860000.0,65.66348012,golden,neutral,normal,STABLE
2025-03-14 21:00:00,122865000.0,123200000.0,122581000.0,123055000.0,101.08117448,golden,neutral,normal,STABLE
2025-03-14 22:00:00,123080000.0,123633000.0,122497000.0,123162000.0,143.6959263,golden,neutral,normal,STABLE
2025-03-14 23:00:00,123161000.0,123162000.0,121870000.0,122984000.0,170.66748405,golden,neutral,high,UP
2025-03-15 00:00:00,122984000.0,125500000.0,122984000.0,124768000.0,413.46012408,golden,overbought,high,STABLE
2025-03-15 01:00:00,124768000.0,125100000.0,123760000.0,124902000.0,146.59235809,golden,overbought,normal,DOWN
2025-03-15 02:00:00,124902000.0,125000000.0,124049000.0,124349000.0,51.41952427,golden,neutral,normal,STABLE
2025-03-15 03:00:00,124332000.0,124789000.0,124081000.0,124538000.0,23.16715481,golden,neutral,low,STABLE
2025-03-15 04:00:00,124538000.0,124973000.0,124458000.0,124578000.0,33.79621321,golden,neutral,low,DOWN
2025-03-15 05:00:00,124578000.0,124639000.0,123504000.0,124102000.0,56.14642217,golden,neutral,normal,STABLE
2025-03-15 06:00:00,124102000.0,124287000.0,123775000.0,124180000.0,30.13036602,golden,neutral,low,STABLE
2025-03-15 07:00:00,124179000.0,124507000.0,124061000.0,124464000.0,36.19339227,golden,neutral,low,DOWN
2025-03-15 08:00:00,124400000.0,124464000.0,123816000.0,123878000.0,54.33053804,golden,neutral,normal,UP
2025-03-15 09:00:00,123855000.0,124453000.0,123855000.0,124442000.0,60.57786741,golden,neutral,normal,STABLE
2025-03-15 10:00:00,124441000.0,124896000.0,124108000.0,124415000.0,75.49916311,golden,neutral,normal,STABLE
2025-03-15 11:00:00,124414000.0,124690000.0,124129000.0,124690000.0,45.99164044,golden,neutral,normal,STABLE
2025-03-15 12:00:00,124690000.0,124838000.0,124474000.0,124730000.0,56.30490948,golden,neutral,normal,STABLE
2025-03-15 13:00:00,124670000.0,124770000.0,124305000.0,124661000.0,49.59101624,golden,neutral,normal,STABLE
2025-03-15 14:00:00,124661000.0,124730000.0,124340000.0,124340000.0,34.55296944,golden,neutral,low,STABLE
2025-03-15 15:00:00,124340000.0,124466000.0,124124000.0,124124000.0,32.64722308,golden,neutral,low,DOWN
2025-03-15 16:00:00,124121000.0,124124000.0,123250000.0,123551000.0,132.64010513,golden,neutral,normal,STABLE
2025-03-15 17:00:00,123511000.0,123821000.0,123200000.0,123580000.0,57.39473051,dead,neutral,normal,STABLE
2025-03-15 18:00:00,123577000.0,123726000.0,123235000.0,123723000.0,41.22824706,dead,neutral,normal,STABLE
2025-03-15 19:00:00,123723000.0,123800000.0,123292000.0,123580000.0,29.99137154,dead,neutral,low,UP
2025-03-15 20:00:00,123579000.0,124248000.0,123576000.0,124073000.0,60.70331127,dead,neutral,normal,STABLE
2025-03-15 21:00:00,124073000.0,124331000.0,123852000.0,123899000.0,47.78673334,dead,neutral,normal,UP
2025-03-15 22:00:00,123864000.0,124433000.0,123863000.0,124398000.0,47.14298601,dead,neutral,normal,DOWN
2025-03-15 23:00:00,124382000.0,124399000.0,123900000.0,123955000.0,42.52943289,dead,neutral,normal,STABLE
2025-03-16 00:00:00,124039000.0,124308000.0,123934000.0,124122000.0,20.65969061,dead,neutral,low,STABLE
2025-03-16 01:00:00,124204000.0,124260000.0,123902000.0,124078000.0,28.17005829,dead,neutral,normal,STABLE
2025-03-16 02:00:00,124177000.0,124300000.0,124070000.0,124209000.0,13.06303815,golden,neutral,low,STABLE
2025-03-16 03:00:00,124209000.0,124295000.0,123859000.0,123930000.0,14.14050753,dead,neutral,low,STABLE
2025-03-16 04:00:00,124047000.0,124196000.0,123879000.0,124068000.0,6.52094682,dead,neutral,low,STABLE
2025-03-16 05:00:00,124169000.0,124345000.0,124058000.0,124201000.0,12.01272105,dead,neutral,low,STABLE
2025-03-16 06:00:00,124178000.0,124280000.0,124069000.0,124162000.0,13.22437362,golden,neutral,low,STABLE
2025-03-16 07:00:00,124155000.0,124279000.0,124050000.0,124139000.0,13.73681209,golden,neutral,low,STABLE
2025-03-16 08:00:00,124197000.0,124197000.0,123855000.0,124000000.0,27.84046438,golden,neutral,normal,STABLE
2025-03-16 09:00:00,124013000.0,124132000.0,123812000.0,123976000.0,43.11542829,golden,neutral,normal,DOWN
2025-03-16 10:00:00,123976000.0,123976000.0,123382000.0,123383000.0,51.67009114,dead,neutral,normal,STABLE
2025-03-16 11:00:00,123385000.0,123897000.0,123103000.0,123567000.0,65.54367362,dead,neutral,normal,UP
2025-03-16 12:00:00,123567000.0,124132000.0,123478000.0,124104000.0,24.22727019,dead,neutral,normal,STABLE
2025-03-16 13:00:00,124104000.0,124263000.0,123926000.0,124129000.0,28.94002939,dead,neutral,normal,STABLE
2025-03-16 14:00:00,124133000.0,124198000.0,123976000.0,123980000.0,17.98603764,dead,neutral,normal,STABLE
2025-03-16 15:00:00,124000000.0,124067000.0,123816000.0,123817000.0,16.02266925,dead,neutral,normal,STABLE
2025-03-16 16:00:00,123817000.0,124000000.0,123460000.0,123771000.0,42.51532116,dead,neutral,normal,STABLE
2025-03-16 17:00:00,123771000.0,123901000.0,123701000.0,123802000.0,16.37598375,dead,neutral,normal,STABLE
2025-03-16 18:00:00,123842000.0,123842000.0,123204000.0,123498000.0,58.78580676,dead,neutral,high,STABLE
2025-03-16 19:00:00,123415000.0,123793000.0,123246000.0,123249000.0,46.78857269,dead,neutral,normal,DOWN
2025-03-16 20:00:00,123246000.0,123250000.0,121246000.0,121601000.0,306.3498609,dead,oversold,high,STABLE
2025-03-16 21:00:00,121601000.0,122292000.0,121499000.0,121885000.0,137.87090536,dead,oversold,high,STABLE
2025-03-16 22:00:00,121885000.0,122406000.0,121508000.0,121785000.0,98.12555585,dead,oversold,normal,UP
2025-03-16 23:00:00,121785000.0,122824000.0,121739000.0,122824000.0,58.94337077,dead,neutral,normal,STABLE
2025-03-17 00:00:00,122824000.0,122999000.0,122264000.0,122812000.0,47.40951375,dead,neutral,normal,STABLE
2025-03-17 01:00:00,122813000.0,125000000.0,122739000.0,123081000.0,183.1788221,dead,neutral,high,STABLE
2025-03-17 02:00:00,123081000.0,123616000.0,122762000.0,123288000.0,40.13213058,dead,neutral,normal,STABLE
2025-03-17 03:00:00,123295000.0,123701000.0,123011000.0,123220000.0,18.24792276,dead,neutral,low,DOWN
2025-03-17 04:00:00,123075000.0,123236000.0,121790000.0,122556000.0,53.87585369,dead,neutral,normal,STABLE
2025-03-17 05:00:00,122564000.0,122963000.0,122221000.0,122656000.0,20.42158439,dead,neutral,low,DOWN
2025-03-17 06:00:00,122663000.0,122804000.0,121912000.0,121998000.0,46.88161382,dead,neutral,normal,DOWN
2025-03-17 07:00:00,121999000.0,122228000.0,121020000.0,121050000.0,101.78751609,dead,neutral,normal,UP
2025-03-17 08:00:00,121050000.0,121863000.0,121023000.0,121749000.0,80.96224178,dead,neutral,normal,UP
2025-03-17 09:00:00,121720000.0,122450000.0,121598000.0,122303000.0,69.00080253,dead,neutral,normal,STABLE
2025-03-17 10:00:00,122305000.0,122700000.0,121851000.0,122411000.0,53.57416971,dead,neutral,normal,STABLE
2025-03-17 11:00:00,122411000.0,122438000.0,122029000.0,122237000.0,32.87158519,dead,neutral,low,UP
2025-03-17 12:00:00,122144000.0,122883000.0,122144000.0,122827000.0,40.8343141,dead,neutral,normal,STABLE
2025-03-17 13:00:00,122827000.0,123095000.0,122576000.0,122725000.0,46.66360354,golden,neutral,normal,DOWN
2025-03-17 14:00:00,122726000.0,122733000.0,121823000.0,121879000.0,51.09553818,golden,neutral,normal,STABLE
2025-03-17 15:00:00,121880000.0,122200000.0,121385000.0,122130000.0,66.86911601,golden,neutral,normal,STABLE
2025-03-17 16:00:00,122130000.0,122597000.0,121943000.0,122490000.0,43.13504997,golden,neutral,normal,STABLE
2025-03-17 17:00:00,122360000.0,122604000.0,121970000.0,122381000.0,32.61537981,dead,neutral,normal,STABLE
2025-03-17 18:00:00,122382000.0,122720000.0,122276000.0,122500000.0,38.57496718,dead,neutral,normal,DOWN
2025-03-17 19:00:00,122480000.0,122582000.0,121970000.0,122076000.0,33.20481438,dead,neutral,normal,STABLE
2025-03-17 20:00:00,122058000.0,122610000.0,122005000.0,122383000.0,34.64265074,dead,neutral,normal,DOWN
2025-03-17 21:00:00,122365000.0,122998000.0,121754000.0,121854000.0,100.98186945,dead,neutral,high,STABLE
2025-03-17 22:00:00,121854000.0,122756000.0,121635000.0,121919000.0,97.53784161,dead,neutral,normal,DOWN
2025-03-17 23:00:00,121919000.0,122188000.0,121260000.0,121511000.0,90.67779955,dead,neutral,normal,UP
2025-03-18 00:00:00,121610000.0,122505000.0,121399000.0,122351000.0,40.85043925,dead,neutral,normal,STABLE
2025-03-18 01:00:00,122351000.0,122708000.0,121742000.0,122129000.0,32.23836205,dead,neutral,normal,UP
2025-03-18 02:00:00,122128000.0,123338000.0,122064000.0,123056000.0,70.09582793,dead,neutral,normal,STABLE
2025-03-18 03:00:00,123150000.0,123500000.0,122711000.0,123386000.0,38.96851608,golden,neutral,normal,STABLE
2025-03-18 04:00:00,123386000.0,123660000.0,123145000.0,123325000.0,36.84085016,golden,neutral,normal,DOWN
2025-03-18 05:00:00,123347000.0,123348000.0,122527000.0,122647000.0,20.25426865,golden,neutral,low,STABLE
2025-03-18 06:00:00,122739000.0,123150000.0,122619000.0,123010000.0,25.88982445,golden,neutral,normal,STABLE
2025-03-18 07:00:00,123031000.0,123330000.0,122846000.0,123016000.0,36.24616031,golden,neutral,normal,STABLE
2025-03-18 08:00:00,123016000.0,123032000.0,122551000.0,122801000.0,35.33371023,golden,neutral,normal,STABLE
2025-03-18 09:00:00,122801000.0,122888000.0,122348000.0,122491000.0,58.49535103,golden,neutral,normal,DOWN
2025-03-18 10:00:00,122491000.0,122696000.0,121655000.0,121978000.0,103.9356764,golden,neutral,high,STABLE
2025-03-18 11:00:00,121978000.0,122444000.0,121843000.0,122201000.0,39.61566074,golden,neutral,normal,STABLE
2025-03-18 12:00:00,122300000.0,122300000.0,121639000.0,122040000.0,44.44893862,dead,neutral,normal,DOWN
2025-03-18 13:00:00,122040000.0,122040000.0,121362000.0,121631000.0,71.35079218,dead,neutral,normal,STABLE
2025-03-18 14:00:00,121631000.0,121859000.0,121500000.0,121727000.0,47.54386565,dead,neutral,normal,DOWN
2025-03-18 15:00:00,121826000.0,121827000.0,120693000.0,120964000.0,144.09042513,dead,neutral,high,UP
2025-03-18 16:00:00,120996000.0,121860000.0,120759000.0,121800000.0,70.7342422,dead,neutral,normal,STABLE
2025-03-18 17:00:00,121800000.0,122221000.0,121660000.0,121960000.0,53.2660206,dead,neutral,normal,DOWN
2025-03-18 18:00:00,121960000.0,122059000.0,121351000.0,121354000.0,37.50484401,dead,neutral,normal,STABLE
2025-03-18 19:00:00,121378000.0,121620000.0,121110000.0,121439000.0,71.19770921,dead,neutral,normal,STABLE
2025-03-18 20:00:00,121439000.0,121500000.0,121010000.0,121155000.0,39.28302393,dead,neutral,normal,STABLE
2025-03-18 21:00:00,121200000.0,121498000.0,120920000.0,120946000.0,66.55863911,dead,neutral,normal,DOWN
2025-03-18 22:00:00,120946000.0,121180000.0,119550000.0,119913000.0,325.5988997,dead,neutral,high,STABLE
2025-03-18 23:00:00,119913000.0,120497000.0,119616000.0,120226000.0,130.04209461,dead,neutral,normal,STABLE
2025-03-19 00:00:00,120226000.0,120800000.0,119816000.0,120181000.0,66.11753119,dead,neutral,normal,UP
2025-03-19 01:00:00,120181000.0,120821000.0,120081000.0,120556000.0,32.6723568,dead,neutral,low,DOWN
2025-03-19 02:00:00,120606000.0,120713000.0,119939000.0,120047000.0,34.54563086,dead,neutral,low,UP
2025-03-19 03:00:00,120098000.0,120531000.0,119764000.0,120453000.0,29.60146437,dead,neutral,low,UP
2025-03-19 04:00:00,120527000.0,121217000.0,120272000.0,121003000.0,34.27193824,dead,neutral,low,STABLE
2025-03-19 05:00:00,121096000.0,121096000.0,120450000.0,120700000.0,20.12792584,dead,neutral,low,STABLE
2025-03-19 06:00:00,120700000.0,120919000.0,120484000.0,120636000.0,30.03438385,dead,neutral,low,STABLE
2025-03-19 07:00:00,120636000.0,121119000.0,120557000.0,120932000.0,50.47580063,dead,neutral,normal,STABLE
2025-03-19 08:00:00,120932000.0,121360000.0,120932000.0,121272000.0,55.85749216,dead,neutral,normal,STABLE
2025-03-19 09:00:00,121272000.0,121873000.0,121039000.0,121586000.0,79.19529566,golden,neutral,normal,DOWN
2025-03-19 10:00:00,121662000.0,121759000.0,121001000.0,121001000.0,48.06425356,golden,neutral,normal,UP
2025-03-19 11:00:00,121001000.0,121388000.0,120939000.0,121387000.0,33.78891297,golden,neutral,normal,STABLE
2025-03-19 12:00:00,121387000.0,121630000.0,121287000.0,121588000.0,27.78517075,golden,neutral,low,STABLE
2025-03-19 13:00:00,121588000.0,121588000.0,121300000.0,121521000.0,29.16181017,golden,neutral,low,STABLE
2025-03-19 14:00:00,121521000.0,121892000.0,121388000.0,121875000.0,53.3289653,golden,neutral,normal,STABLE
2025-03-19 15:00:00,121875000.0,121980000.0,121710000.0,121767000.0,38.81440905,golden,neutral,normal,STABLE
2025-03-19 16:00:00,121767000.0,121972000.0,121616000.0,121859000.0,43.11267477,golden,neutral,normal,STABLE
2025-03-19 17:00:00,121865000.0,122302000.0,121766000.0,122148000.0,60.41436813,golden,neutral,normal,UP
2025-03-19 18:00:00,122148000.0,122620000.0,122129000.0,122595000.0,59.40290512,golden,neutral,normal,STABLE
2025-03-19 19:00:00,122550000.0,122920000.0,122533000.0,122535000.0,76.28232969,golden,neutral,normal,UP
2025-03-19 20:00:00,122619000.0,123500000.0,122366000.0,123229000.0,158.91531701,golden,neutral,high,STABLE
2025-03-19 21:00:00,123180000.0,123320000.0,122500000.0,122933000.0,93.76287253,golden,neutral,normal,UP
2025-03-19 22:00:00,122933000.0,123800000.0,122740000.0,123463000.0,254.90357874,golden,neutral,high,STABLE
2025-03-19 23:00:00,123460000.0,124000000.0,123128000.0,123617000.0,177.15577309,golden,neutral,high,UP
2025-03-20 00:00:00,123615000.0,124598000.0,123350000.0,124337000.0,129.53615007,golden,overbought,normal,STABLE
2025-03-20 01:00:00,124336000.0,124552000.0,123700000.0,124026000.0,80.08995936,golden,neutral,normal,DOWN
2025-03-20 02:00:00,124014000.0,124265000.0,123000000.0,123625000.0,59.54641247,golden,neutral,normal,UP
2025-03-20 03:00:00,123583000.0,125700000.0,122688000.0,125256000.0,194.39144235,golden,overbought,high,STABLE
2025-03-20 04:00:00,125263000.0,125934000.0,124337000.0,125070000.0,132.68635294,golden,overbought,normal,STABLE
2025-03-20 05:00:00,125033000.0,125770000.0,124799000.0,124929000.0,74.27262697,golden,neutral,normal,UP
2025-03-20 06:00:00,124924000.0,125794000.0,124924000.0,125399000.0,66.80406877,golden,overbought,normal,UP
2025-03-20 07:00:00,125304000.0,126829000.0,125299000.0,126309000.0,197.13125443,golden,overbought,normal,UP
2025-03-20 08:00:00,126310000.0,127625000.0,126309000.0,127194000.0,225.30278162,golden,overbought,high,DOWN
2025-03-20 09:00:00,127194000.0,128495000.0,125553000.0,125710000.0,477.34561486,golden,neutral,high,STABLE
2025-03-20 10:00:00,125696000.0,126673000.0,125550000.0,125936000.0,117.93230286,golden,neutral,normal,STABLE
2025-03-20 11:00:00,125911000.0,126349000.0,125675000.0,126200000.0,66.57826104,golden,neutral,low,DOWN
2025-03-20 12:00:00,126200000.0,126201000.0,125643000.0,125775000.0,73.90324348,golden,neutral,normal,STABLE
2025-03-20 13:00:00,125775000.0,125950000.0,125150000.0,125471000.0,95.35029727,golden,neutral,normal,UP
2025-03-20 14:00:00,125400000.0,125972000.0,125182000.0,125970000.0,66.51896558,golden,neutral,low,STABLE
2025-03-20 15:00:00,125970000.0,126296000.0,125800000.0,126000000.0,59.16520525,golden,neutral,low,STABLE
2025-03-20 16:00:00,125999000.0,126399000.0,125903000.0,126221000.0,41.49345375,golden,neutral,low,UP
2025-03-20 17:00:00,126200000.0,127073000.0,126068000.0,126988000.0,73.2023005,golden,neutral,normal,DOWN
2025-03-20 18:00:00,126961000.0,127060000.0,126400000.0,126478000.0,59.92897614,golden,neutral,low,DOWN
2025-03-20 19:00:00,126433000.0,126600000.0,125098000.0,125523000.0,120.85610374,golden,neutral,normal,STABLE
2025-03-20 20:00:00,125499000.0,126100000.0,125495000.0,125896000.0,49.64168586,golden,neutral,low,STABLE
2025-03-20 21:00:00,125898000.0,126049000.0,125500000.0,125682000.0,43.96805516,golden,neutral,low,STABLE
2025-03-20 22:00:00,125674000.0,126563000.0,125420000.0,126033000.0,76.94882902,golden,neutral,normal,UP
2025-03-20 23:00:00,126033000.0,127663000.0,126011000.0,126967000.0,181.24915254,golden,neutral,normal,DOWN
2025-03-21 00:00:00,126969000.0,127091000.0,125102000.0,125202000.0,147.86389458,dead,neutral,normal,DOWN
2025-03-21 01:00:00,125202000.0,125474000.0,123969000.0,124148000.0,151.51981746,dead,neutral,normal,STABLE
2025-03-21 02:00:00,124062000.0,124749000.0,123910000.0,124482000.0,57.75454052,dead,neutral,low,STABLE
2025-03-21 03:00:00,124365000.0,124600000.0,124067000.0,124203000.0,28.7684912,dead,neutral,low,STABLE
2025-03-21 04:00:00,124294000.0,124736000.0,124147000.0,124513000.0,22.66300977,dead,neutral,low,UP
2025-03-21 05:00:00,124544000.0,125100000.0,124388000.0,124999000.0,20.0882893,dead,neutral,low,DOWN
2025-03-21 06:00:00,124994000.0,125065000.0,124463000.0,124559000.0,33.36694608,dead,neutral,low,STABLE
2025-03-21 07:00:00,124559000.0,124752000.0,123945000.0,124333000.0,71.91365328,dead,neutral,normal,STABLE
2025-03-21 08:00:00,124333000.0,124465000.0,124002000.0,124297000.0,54.78143297,dead,neutral,normal,STABLE
2025-03-21 09:00:00,124329000.0,124559000.0,124146000.0,124557000.0,65.46812708,dead,neutral,normal,UP
2025-03-21 10:00:00,124558000.0,125106000.0,124399000.0,125071000.0,61.55628071,dead,neutral,normal,STABLE
2025-03-21 11:00:00,125071000.0,125129000.0,124768000.0,125040000.0,43.74750893,dead,neutral,normal,STABLE
2025-03-21 12:00:00,125040000.0,125070000.0,124462000.0,124857000.0,43.46697276,dead,neutral,normal,STABLE
2025-03-21 13:00:00,124982000.0,125138000.0,124856000.0,124993000.0,40.20620691,dead,neutral,normal,STABLE
2025-03-21 14:00:00,124993000.0,125001000.0,124652000.0,124814000.0,39.01178317,dead,neutral,normal,DOWN
2025-03-21 15:00:00,124844000.0,124895000.0,124306000.0,124414000.0,43.42446624,dead,neutral,normal,DOWN
2025-03-21 16:00:00,124414000.0,124500000.0,123560000.0,123858000.0,122.48041764,dead,neutral,normal,STABLE
2025-03-21 17:00:00,123860000.0,124200000.0,123600000.0,124099000.0,61.69135852,dead,neutral,normal,STABLE
2025-03-21 18:00:00,124098000.0,124500000.0,123818000.0,124300000.0,38.5061318,dead,neutral,normal,STABLE
2025-03-21 19:00:00,124300000.0,124559000.0,124070000.0,124428000.0,43.78038968,dead,neutral,normal,STABLE
2025-03-21 20:00:00,124428000.0,124498000.0,124179000.0,124387000.0,24.79383096,dead,neutral,low,DOWN
2025-03-21 21:00:00,124398000.0,124707000.0,123500000.0,123663000.0,71.52457145,dead,neutral,normal,UP
2025-03-21 22:00:00,123662000.0,124394000.0,123228000.0,124120000.0,94.89593428,dead,neutral,normal,UP
2025-03-21 23:00:00,124165000.0,124598000.0,123556000.0,124533000.0,76.03236866,dead,neutral,normal,DOWN
2025-03-22 00:00:00,124533000.0,124586000.0,123800000.0,123834000.0,35.3429206,dead,neutral,normal,UP
2025-03-22 01:00:00,123800000.0,124400000.0,123590000.0,124400000.0,37.76461229,dead,neutral,normal,STABLE
2025-03-22 02:00:00,124400000.0,124459000.0,123880000.0,124207000.0,17.56524031,dead,neutral,low,STABLE
2025-03-22 03:00:00,124207000.0,124763000.0,124025000.0,124350000.0,13.04741386,dead,neutral,low,STABLE
2025-03-22 04:00:00,124401000.0,124401000.0,123980000.0,124185000.0,12.65130244,dead,neutral,low,STABLE
2025-03-22 05:00:00,124209000.0,124527000.0,124025000.0,124526000.0,15.01517105,dead,neutral,low,STABLE
2025-03-22 06:00:00,124526000.0,124968000.0,124450000.0,124613000.0,27.08994834,dead,neutral,normal,STABLE
2025-03-22 07:00:00,124699000.0,124708000.0,124447000.0,124512000.0,22.1963889,golden,neutral,normal,STABLE
2025-03-22 08:00:00,124512000.0,124650000.0,124426000.0,124500000.0,26.03354158,golden,neutral,normal,STABLE
2025-03-22 09:00:00,124500000.0,124890000.0,124375000.0,124488000.0,42.6534191,golden,neutral,normal,STABLE
2025-03-22 10:00:00,124559000.0,124610000.0,124100000.0,124310000.0,34.12571098,golden,neutral,normal,STABLE
2025-03-22 11:00:00,124425000.0,124600000.0,124289000.0,124301000.0,21.06310784,golden,neutral,normal,STABLE
2025-03-22 12:00:00,124301000.0,124547000.0,124182000.0,124400000.0,19.5169546,golden,neutral,normal,STABLE
2025-03-22 13:00:00,124400000.0,124590000.0,124314000.0,124493000.0,27.54450881,golden,neutral,normal,STABLE
2025-03-22 14:00:00,124535000.0,124595000.0,124469000.0,124495000.0,14.47752082,golden,neutral,low,STABLE
2025-03-22 15:00:00,124500000.0,124600000.0,124295000.0,124427000.0,19.4697877,golden,neutral,normal,STABLE
2025-03-22 16:00:00,124428000.0,124516000.0,124320000.0,124321000.0,16.05804639,golden,neutral,low,STABLE
2025-03-22 17:00:00,124320000.0,124388000.0,124249000.0,124381000.0,20.11737374,golden,neutral,normal,STABLE
2025-03-22 18:00:00,124266000.0,124773000.0,124266000.0,124510000.0,31.81294391,golden,neutral,normal,STABLE
2025-03-22 19:00:00,124510000.0,124612000.0,124501000.0,124541000.0,15.34774043,golden,neutral,normal,STABLE
2025-03-22 20:00:00,124600000.0,124605000.0,124300000.0,124385000.0,21.69369895,golden,neutral,normal,STABLE
2025-03-22 21:00:00,124385000.0,124497000.0,124263000.0,124315000.0,19.65050364,golden,neutral,normal,STABLE
2025-03-22 22:00:00,124315000.0,124316000.0,124097000.0,124257000.0,28.44516849,dead,neutral,normal,STABLE
2025-03-22 23:00:00,124257000.0,124257000.0,124098000.0,124098000.0,17.27550832,dead,neutral,normal,STABLE
2025-03-23 00:00:00,124098000.0,124253000.0,124001000.0,124245000.0,16.98050189,dead,neutral,normal,STABLE
2025-03-23 01:00:00,124245000.0,124367000.0,124157000.0,124280000.0,10.46510469,dead,neutral,low,STABLE
2025-03-23 02:00:00,124367000.0,124399000.0,124279000.0,124379000.0,5.34512314,dead,neutral,low,STABLE
2025-03-23 03:00:00,124379000.0,124500000.0,124298000.0,124431000.0,8.22177425,dead,neutral,low,STABLE
2025-03-23 04:00:00,124429000.0,124509000.0,124279000.0,124386000.0,12.83198717,dead,neutral,normal,STABLE
2025-03-23 05:00:00,124503000.0,124610000.0,124298000.0,124387000.0,10.9954293,golden,neutral,normal,STABLE
2025-03-23 06:00:00,124386000.0,124560000.0,124200000.0,124444000.0,14.93978009,golden,neutral,normal,STABLE
2025-03-23 07:00:00,124528000.0,124570000.0,124335000.0,124351000.0,14.24014314,golden,neutral,normal,STABLE
2025-03-23 08:00:00,124356000.0,124426000.0,124000000.0,124150000.0,31.75671511,dead,neutral,normal,STABLE
2025-03-23 09:00:00,124150000.0,124450000.0,124026000.0,124299000.0,37.34059987,dead,neutral,high,STABLE
2025-03-23 10:00:00,124299000.0,124400000.0,124139000.0,124321000.0,19.91361755,dead,neutral,normal,STABLE
2025-03-23 11:00:00,124321000.0,124414000.0,124211000.0,124318000.0,14.89759187,dead,neutral,normal,STABLE
2025-03-23 12:00:00,124398000.0,124415000.0,124243000.0,124412000.0,12.33146198,dead,neutral,normal,STABLE
2025-03-23 13:00:00,124412000.0,124420000.0,124200000.0,124325000.0,17.09388236,dead,neutral,normal,STABLE
2025-03-23 14:00:00,124325000.0,124495000.0,124248000.0,124490000.0,14.28484476,golden,neutral,normal,STABLE
2025-03-23 15:00:00,124490000.0,124499000.0,124396000.0,124455000.0,13.32366244,golden,neutral,normal,STABLE
2025-03-23 16:00:00,124456000.0,124495000.0,124420000.0,124459000.0,15.75031871,golden,neutral,normal,STABLE
2025-03-23 17:00:00,124460000.0,124470000.0,124403000.0,124459000.0,11.94644542,golden,neutral,normal,STABLE
2025-03-23 18:00:00,124458000.0,124515000.0,124452000.0,124515000.0,15.65815522,golden,neutral,normal,STABLE
2025-03-23 19:00:00,124515000.0,124750000.0,124492000.0,124704000.0,28.27109624,golden,neutral,normal,UP
2025-03-23 20:00:00,124704000.0,125950000.0,124700000.0,125416000.0,138.22322209,golden,overbought,high,STABLE
2025-03-23 21:00:00,125357000.0,125511000.0,125057000.0,125246000.0,53.15472123,golden,neutral,high,STABLE
2025-03-23 22:00:00,125245000.0,125721000.0,125106000.0,125600000.0,49.94657298,golden,overbought,normal,STABLE
2025-03-23 23:00:00,125549000.0,125800000.0,125360000.0,125360000.0,44.81618586,golden,neutral,normal,UP
2025-03-24 00:00:00,125360000.0,125900000.0,125299000.0,125895000.0,34.07106983,golden,overbought,normal,STABLE
2025-03-24 01:00:00,125870000.0,126354000.0,125595000.0,126166000.0,56.3593994,golden,overbought,normal,STABLE
2025-03-24 02:00:00,126166000.0,126534000.0,125836000.0,125938000.0,37.45051119,golden,neutral,normal,STABLE
2025-03-24 03:00:00,125938000.0,126068000.0,125680000.0,125930000.0,14.57537746,golden,neutral,low,STABLE
2025-03-24 04:00:00,125930000.0,126183000.0,125812000.0,125825000.0,12.13900033,golden,neutral,low,STABLE
2025-03-24 05:00:00,125815000.0,126226000.0,125815000.0,126024000.0,10.87437061,golden,neutral,low,STABLE
2025-03-24 06:00:00,126024000.0,126041000.0,125740000.0,125945000.0,25.41460956,golden,neutral,normal,STABLE
2025-03-24 07:00:00,125944000.0,126495000.0,125919000.0,126095000.0,55.41577109,golden,neutral,normal,UP
2025-03-24 08:00:00,126095000.0,126938000.0,126095000.0,126937000.0,66.15338751,golden,overbought,normal,STABLE
2025-03-24 09:00:00,126912000.0,127750000.0,126566000.0,126758000.0,171.49893221,golden,overbought,high,DOWN
2025-03-24 10:00:00,126758000.0,126849000.0,126196000.0,126303000.0,100.69494016,golden,neutral,high,UP
2025-03-24 11:00:00,126244000.0,127150000.0,126242000.0,127038000.0,74.55012893,golden,neutral,normal,UP
2025-03-24 12:00:00,127041000.0,127670000.0,126999000.0,127658000.0,91.1760136,golden,overbought,normal,STABLE
2025-03-24 13:00:00,127616000.0,128087000.0,127615000.0,127980000.0,134.59690231,golden,overbought,high,STABLE
2025-03-24 14:00:00,127977000.0,128300000.0,127960000.0,128114000.0,96.2911952,golden,overbought,normal,STABLE
2025-03-24 15:00:00,128032000.0,128578000.0,127904000.0,128304000.0,104.08495717,golden,overbought,normal,STABLE
2025-03-24 16:00:00,128304000.0,128335000.0,127745000.0,127999000.0,74.94158491,golden,overbought,normal,UP
2025-03-24 17:00:00,127967000.0,128999000.0,127942000.0,128985000.0,125.85882199,golden,overbought,normal,DOWN
2025-03-24 18:00:00,128985000.0,129150000.0,128400000.0,128475000.0,95.50588208,golden,neutral,normal,UP
2025-03-24 19:00:00,128475000.0,129688000.0,128419000.0,129590000.0,139.7089175,golden,overbought,normal,STABLE
2025-03-24 20:00:00,129590000.0,129700000.0,129172000.0,129530000.0,111.50776655,golden,overbought,normal,DOWN
2025-03-24 21:00:00,129530000.0,129595000.0,128761000.0,128988000.0,119.55076616,golden,neutral,normal,UP
2025-03-24 22:00:00,128904000.0,129498000.0,128743000.0,129488000.0,117.34472422,golden,overbought,normal,STABLE
2025-03-24 23:00:00,129488000.0,130989000.0,129488000.0,129767000.0,351.98173793,golden,overbought,high,UP
2025-03-25 00:00:00,129763000.0,130338000.0,129450000.0,130329000.0,104.09370403,golden,overbought,normal,STABLE
2025-03-25 01:00:00,130329000.0,130688000.0,129543000.0,130059000.0,59.73474829,golden,overbought,normal,STABLE
2025-03-25 02:00:00,129968000.0,130431000.0,129903000.0,130430000.0,33.31258067,golden,overbought,low,STABLE
2025-03-25 03:00:00,130427000.0,130590000.0,130015000.0,130468000.0,23.91345449,golden,overbought,low,STABLE
2025-03-25 04:00:00,130427000.0,130481000.0,129800000.0,130179000.0,32.67807559,golden,neutral,low,DOWN
2025-03-25 05:00:00,130065000.0,130400000.0,129677000.0,129679000.0,42.19954791,golden,neutral,low,STABLE
2025-03-25 06:00:00,129679000.0,130211000.0,129640000.0,129840000.0,41.67243422,golden,neutral,low,DOWN
2025-03-25 07:00:00,129840000.0,129936000.0,128600000.0,128714000.0,121.48530498,golden,neutral,normal,STABLE
2025-03-25 08:00:00,128714000.0,129018000.0,128138000.0,128890000.0,155.51760662,golden,neutral,normal,STABLE
2025-03-25 09:00:00,128890000.0,129290000.0,128520000.0,129232000.0,93.24480753,dead,neutral,normal,DOWN
2025-03-25 10:00:00,129232000.0,129233000.0,128074000.0,128589000.0,101.67693217,dead,neutral,normal,DOWN
2025-03-25 11:00:00,128511000.0,128589000.0,128155000.0,128156000.0,50.86168756,dead,neutral,normal,DOWN
2025-03-25 12:00:00,128155000.0,128300000.0,127550000.0,127679000.0,97.40565733,dead,neutral,normal,STABLE
2025-03-25 13:00:00,127679000.0,128000000.0,127502000.0,127766000.0,81.62524215,dead,neutral,normal,STABLE
2025-03-25 14:00:00,127766000.0,128350000.0,127661000.0,128133000.0,65.23306819,dead,neutral,normal,STABLE
2025-03-25 15:00:00,128133000.0,128310000.0,127740000.0,127850000.0,55.21397787,dead,neutral,normal,STABLE
2025-03-25 16:00:00,127849000.0,128207000.0,127651000.0,127775000.0,50.58890148,dead,neutral,normal,STABLE
2025-03-25 17:00:00,127775000.0,128126000.0,127730000.0,128114000.0,41.91697264,dead,neutral,low,UP
2025-03-25 18:00:00,128114000.0,129100000.0,127935000.0,128904000.0,85.68845451,dead,neutral,normal,STABLE
2025-03-25 19:00:00,128904000.0,128907000.0,128500000.0,128702000.0,50.85363652,dead,neutral,normal,UP
2025-03-25 20:00:00,128769000.0,129428000.0,128670000.0,129217000.0,91.82193074,dead,neutral,normal,DOWN
2025-03-25 21:00:00,129217000.0,129400000.0,128597000.0,128678000.0,84.22647635,dead,neutral,normal,UP
2025-03-25 22:00:00,128754000.0,129862000.0,128678000.0,129403000.0,160.02823384,golden,neutral,high,STABLE
2025-03-25 23:00:00,129403000.0,129983000.0,129050000.0,129714000.0,93.64870274,golden,neutral,normal,STABLE
2025-03-26 00:00:00,129714000.0,129950000.0,129363000.0,129520000.0,55.53055048,golden,neutral,normal,STABLE
2025-03-26 01:00:00,129529000.0,129600000.0,129172000.0,129428000.0,24.06571502,golden,neutral,low,STABLE
2025-03-26 02:00:00,129427000.0,129966000.0,129239000.0,129363000.0,28.31728069,golden,neutral,low,STABLE
2025-03-26 03:00:00,129433000.0,129512000.0,128950000.0,129278000.0,28.85607533,golden,neutral,low,UP
2025-03-26 04:00:00,129278000.0,129800000.0,129191000.0,129682000.0,18.29149933,golden,neutral,low,DOWN
2025-03-26 05:00:00,129659000.0,130000000.0,129287000.0,129288000.0,50.82287617,golden,neutral,normal,STABLE
2025-03-26 06:00:00,129289000.0,129711000.0,129075000.0,129180000.0,31.29225841,golden,neutral,normal,STABLE
2025-03-26 07:00:00,129180000.0,129380000.0,128612000.0,129014000.0,56.36510069,golden,neutral,normal,STABLE
2025-03-26 08:00:00,129014000.0,129100000.0,128670000.0,128823000.0,41.44777903,golden,neutral,normal,UP
2025-03-26 09:00:00,128822000.0,129550000.0,128637000.0,129300000.0,69.7058881,golden,neutral,normal,STABLE
2025-03-26 10:00:00,129310000.0,129501000.0,129164000.0,129262000.0,39.54158448,golden,neutral,normal,DOWN
2025-03-26 11:00:00,129262000.0,129262000.0,128796000.0,128796000.0,34.64928746,dead,neutral,normal,STABLE
2025-03-26 12:00:00,128797000.0,128921000.0,128576000.0,128632000.0,60.53735055,dead,neutral,normal,STABLE
2025-03-26 13:00:00,128594000.0,129095000.0,128591000.0,128986000.0,29.4404492,dead,neutral,normal,STABLE
2025-03-26 14:00:00,128985000.0,129274000.0,128823000.0,129160000.0,29.70560381,dead,neutral,normal,STABLE
2025-03-26 15:00:00,129160000.0,129498000.0,129045000.0,129483000.0,29.65456657,dead,neutral,normal,UP
2025-03-26 16:00:00,129481000.0,130207000.0,129308000.0,130027000.0,102.36923512,golden,neutral,normal,DOWN
2025-03-26 17:00:00,130005000.0,130029000.0,129503000.0,129603000.0,53.44115594,golden,neutral,normal,STABLE
2025-03-26 18:00:00,129603000.0,129800000.0,129387000.0,129673000.0,36.55141044,golden,neutral,normal,STABLE
2025-03-26 19:00:00,129673000.0,130000000.0,129635000.0,130000000.0,46.52658377,golden,neutral,normal,STABLE
2025-03-26 20:00:00,130000000.0,130068000.0,129672000.0,129688000.0,44.89354685,golden,neutral,normal,STABLE
2025-03-26 21:00:00,129688000.0,129843000.0,129273000.0,129586000.0,66.81871366,golden,neutral,normal,DOWN
2025-03-26 22:00:00,129586000.0,129804000.0,128320000.0,128434000.0,152.55838574,golden,neutral,high,STABLE
2025-03-26 23:00:00,128499000.0,129030000.0,127815000.0,128387000.0,161.82966046,dead,neutral,high,STABLE
2025-03-27 00:00:00,128387000.0,128717000.0,128028000.0,128421000.0,44.02326659,dead,neutral,normal,DOWN
2025-03-27 01:00:00,128421000.0,128755000.0,127917000.0,128018000.0,30.98885279,dead,neutral,normal,STABLE
2025-03-27 02:00:00,127931000.0,128350000.0,127930000.0,128050000.0,19.03126512,dead,neutral,low,DOWN
2025-03-27 03:00:00,128050000.0,128320000.0,127553000.0,127604000.0,37.01887393,dead,neutral,normal,UP
2025-03-27 04:00:00,127553000.0,128484000.0,127200000.0,128056000.0,63.86548868,dead,neutral,normal,UP
2025-03-27 05:00:00,128123000.0,129306000.0,127980000.0,129116000.0,49.25603396,dead,neutral,normal,STABLE
2025-03-27 06:00:00,129114000.0,129116000.0,128200000.0,129006000.0,44.68034141,dead,neutral,normal,DOWN
2025-03-27 07:00:00,128934000.0,129007000.0,128219000.0,128484000.0,48.25666116,dead,neutral,normal,STABLE
2025-03-27 08:00:00,128484000.0,128639000.0,127950000.0,128556000.0,44.93821885,dead,neutral,normal,UP
2025-03-27 09:00:00,128556000.0,129100000.0,128400000.0,129100000.0,63.56622525,dead,neutral,normal,STABLE
2025-03-27 10:00:00,129100000.0,129300000.0,128960000.0,129198000.0,50.68004106,dead,neutral,normal,STABLE
2025-03-27 11:00:00,129198000.0,129566000.0,129061000.0,129261000.0,55.3051953,golden,neutral,normal,STABLE
2025-03-27 12:00:00,129274000.0,129529000.0,129206000.0,129451000.0,31.6166454,golden,neutral,normal,STABLE
2025-03-27 13:00:00,129451000.0,129459000.0,129049000.0,129129000.0,31.0469302,golden,neutral,normal,STABLE
2025-03-27 14:00:00,129129000.0,129129000.0,128670000.0,128809000.0,28.20720219,golden,neutral,normal,STABLE
2025-03-27 15:00:00,128809000.0,129200000.0,128715000.0,128880000.0,24.74873843,golden,neutral,low,STABLE
2025-03-27 16:00:00,128880000.0,128999000.0,128697000.0,128952000.0,38.91255909,golden,neutral,normal,STABLE
2025-03-27 17:00:00,128957000.0,129180000.0,128707000.0,128930000.0,43.92793366,golden,neutral,normal,STABLE
2025-03-27 18:00:00,128940000.0,129100000.0,128858000.0,129052000.0,31.21053751,golden,neutral,normal,STABLE
2025-03-27 19:00:00,129052000.0,129200000.0,128741000.0,128799000.0,37.04558314,golden,neutral,normal,STABLE
2025-03-27 20:00:00,128799000.0,129048000.0,128319000.0,128445000.0,57.48391957,golden,neutral,normal,STABLE
2025-03-27 21:00:00,128446000.0,128755000.0,128265000.0,128284000.0,59.23060671,dead,neutral,normal,STABLE
2025-03-27 22:00:00,128284000.0,128413000.0,127000000.0,127908000.0,222.93291423,dead,neutral,high,UP
2025-03-27 23:00:00,127933000.0,128900000.0,127628000.0,128889000.0,81.23116305,dead,neutral,normal,DOWN
2025-03-28 00:00:00,128890000.0,129123000.0,127980000.0,128295000.0,68.24992598,dead,neutral,normal,STABLE
2025-03-28 01:00:00,128262000.0,128746000.0,128186000.0,128261000.0,20.52916547,dead,neutral,low,STABLE
2025-03-28 02:00:00,128261000.0,128680000.0,128200000.0,128453000.0,15.24963406,dead,neutral,low,STABLE
2025-03-28 03:00:00,128317000.0,128867000.0,128284000.0,128600000.0,11.71356303,dead,neutral,low,STABLE
2025-03-28 04:00:00,128580000.0,128954000.0,128442000.0,128560000.0,13.27041477,dead,neutral,low,STABLE
2025-03-28 05:00:00,128560000.0,128900000.0,128440000.0,128881000.0,10.31808668,dead,neutral,low,STABLE
2025-03-28 06:00:00,128881000.0,129325000.0,128750000.0,129139000.0,44.28088794,dead,neutral,normal,STABLE
2025-03-28 07:00:00,129139000.0,129159000.0,128822000.0,129089000.0,18.72147572,golden,neutral,low,DOWN
2025-03-28 08:00:00,129090000.0,129107000.0,128637000.0,128701000.0,22.35605255,golden,neutral,normal,STABLE
2025-03-28 09:00:00,128701000.0,129000000.0,128388000.0,129000000.0,65.26202111,golden,neutral,normal,STABLE
2025-03-28 10:00:00,129000000.0,129026000.0,128615000.0,128816000.0,38.3026771,golden,neutral,normal,STABLE
2025-03-28 11:00:00,128816000.0,128945000.0,128505000.0,128548000.0,26.56922048,golden,neutral,normal,STABLE
2025-03-28 12:00:00,128549000.0,128600000.0,128159000.0,128245000.0,47.88469238,golden,neutral,normal,DOWN
2025-03-28 13:00:00,128245000.0,128258000.0,127356000.0,127800000.0,122.7418924,dead,neutral,high,STABLE
2025-03-28 14:00:00,127800000.0,127800000.0,127150000.0,127506000.0,101.68176357,dead,neutral,normal,DOWN
2025-03-28 15:00:00,127550000.0,127804000.0,126999000.0,126999000.0,101.38005854,dead,neutral,normal,DOWN
2025-03-28 16:00:00,126999000.0,127202000.0,126000000.0,126031000.0,153.75292759,dead,oversold,high,STABLE
2025-03-28 17:00:00,126031000.0,126500000.0,125839000.0,126300000.0,116.84534687,dead,oversold,normal,STABLE
2025-03-28 18:00:00,126300000.0,126600000.0,126002000.0,126370000.0,55.41464125,dead,neutral,normal,STABLE
2025-03-28 19:00:00,126370000.0,126500000.0,126000000.0,126072000.0,36.52255074,dead,oversold,normal,UP
2025-03-28 20:00:00,126072000.0,126663000.0,125836000.0,126662000.0,58.37802577,dead,neutral,normal,STABLE
2025-03-28 21:00:00,126663000.0,127100000.0,126250000.0,126494000.0,85.2748822,dead,neutral,normal,STABLE
2025-03-28 22:00:00,126501000.0,127200000.0,126300000.0,126400000.0,75.56446957,dead,neutral,normal,DOWN
2025-03-28 23:00:00,126400000.0,126578000.0,125088000.0,125097000.0,178.35457519,dead,oversold,high,STABLE
2025-03-29 00:00:00,125097000.0,125745000.0,125000000.0,125152000.0,105.45909472,dead,oversold,normal,STABLE
2025-03-29 01:00:00,125150000.0,125394000.0,124737000.0,124883000.0,73.1459949,dead,oversold,normal,STABLE
2025-03-29 02:00:00,124883000.0,125121000.0,124610000.0,125106000.0,32.41715576,dead,oversold,low,STABLE
2025-03-29 03:00:00,125106000.0,125310000.0,124814000.0,125042000.0,25.65725868,dead,oversold,low,STABLE
2025-03-29 04:00:00,125042000.0,125053000.0,124725000.0,124951000.0,21.52942414,dead,oversold,low,STABLE
2025-03-29 05:00:00,124989000.0,125400000.0,124840000.0,124855000.0,29.06809744,dead,oversold,low,UP
2025-03-29 06:00:00,124992000.0,125436000.0,124754000.0,125313000.0,27.99143273,dead,neutral,low,UP
2025-03-29 07:00:00,125358000.0,125866000.0,125313000.0,125866000.0,36.55817869,dead,neutral,low,STABLE
2025-03-29 08:00:00,125866000.0,126000000.0,125547000.0,125800000.0,52.796983,dead,neutral,normal,STABLE
2025-03-29 09:00:00,125800000.0,126100000.0,125549000.0,125803000.0,50.97444465,dead,neutral,normal,DOWN
2025-03-29 10:00:00,125844000.0,126003000.0,125100000.0,125174000.0,43.56753844,dead,neutral,normal,DOWN
2025-03-29 11:00:00,125269000.0,125500000.0,124605000.0,124605000.0,46.50439766,dead,neutral,normal,UP
2025-03-29 12:00:00,124605000.0,125128000.0,124357000.0,125078000.0,80.47558553,dead,neutral,normal,STABLE
2025-03-29 13:00:00,125078000.0,125166000.0,124617000.0,124781000.0,34.05819204,dead,neutral,normal,STABLE
2025-03-29 14:00:00,124782000.0,124916000.0,124700000.0,124916000.0,19.75918239,dead,neutral,low,STABLE
2025-03-29 15:00:00,124916000.0,124999000.0,124516000.0,124555000.0,22.5844667,dead,neutral,low,STABLE
2025-03-29 16:00:00,124555000.0,124683000.0,124444000.0,124525000.0,36.50973582,dead,neutral,normal,STABLE
2025-03-29 17:00:00,124525000.0,124849000.0,124465000.0,124845000.0,21.56924434,dead,neutral,low,DOWN
2025-03-29 18:00:00,124849000.0,125000000.0,124050000.0,124354000.0,62.44165676,dead,neutral,normal,DOWN
2025-03-29 19:00:00,124353000.0,124354000.0,123010000.0,123092000.0,163.09249265,dead,oversold,high,DOWN
2025-03-29 20:00:00,123092000.0,123440000.0,122082000.0,122502000.0,215.53705001,dead,oversold,high,UP
2025-03-29 21:00:00,122502000.0,122896000.0,122336000.0,122874000.0,114.24886618,dead,oversold,high,UP
2025-03-29 22:00:00,122895000.0,123680000.0,122874000.0,123555000.0,92.7390037,dead,neutral,normal,DOWN
2025-03-29 23:00:00,123624000.0,123626000.0,122922000.0,123056000.0,31.5265131,dead,neutral,normal,STABLE
2025-03-30 00:00:00,123056000.0,123300000.0,122832000.0,122896000.0,30.4002248,dead,neutral,normal,STABLE
2025-03-30 01:00:00,122898000.0,123347000.0,122573000.0,122577000.0,28.50735305,dead,neutral,low,UP
2025-03-30 02:00:00,122577000.0,123300000.0,122007000.0,122991000.0,58.66180561,dead,neutral,normal,STABLE
2025-03-30 03:00:00,122888000.0,123294000.0,122800000.0,122929000.0,16.94855727,dead,neutral,low,UP
2025-03-30 04:00:00,122929000.0,123422000.0,122694000.0,123391000.0,8.43787346,dead,neutral,low,STABLE
2025-03-30 05:00:00,123424000.0,123499000.0,123081000.0,123162000.0,12.08751232,dead,neutral,low,STABLE
2025-03-30 06:00:00,123162000.0,123400000.0,122970000.0,123343000.0,17.51592224,dead,neutral,low,STABLE
2025-03-30 07:00:00,123335000.0,123343000.0,122905000.0,123186000.0,24.61000798,dead,neutral,low,STABLE
2025-03-30 08:00:00,123185000.0,123479000.0,123000000.0,123378000.0,34.14094707,dead,neutral,normal,STABLE
2025-03-30 09:00:00,123274000.0,123804000.0,123186000.0,123742000.0,51.71535347,dead,neutral,normal,STABLE
2025-03-30 10:00:00,123742000.0,124206000.0,123687000.0,124095000.0,70.0314748,golden,neutral,normal,UP
2025-03-30 11:00:00,124095000.0,124800000.0,124062000.0,124790000.0,78.07142092,golden,neutral,normal,DOWN
2025-03-30 12:00:00,124790000.0,124890000.0,124022000.0,124096000.0,56.78098572,golden,neutral,normal,STABLE
2025-03-30 13:00:00,124096000.0,124538000.0,124030000.0,124189000.0,19.90167201,golden,neutral,low,STABLE
2025-03-30 14:00:00,124189000.0,124391000.0,123922000.0,123922000.0,22.94427302,golden,neutral,low,STABLE
2025-03-30 15:00:00,123922000.0,124294000.0,123561000.0,124109000.0,35.69273658,golden,neutral,normal,STABLE
2025-03-30 16:00:00,124109000.0,124400000.0,123864000.0,123902000.0,18.69793126,golden,neutral,low,UP
2025-03-30 17:00:00,123997000.0,124330000.0,123901000.0,124330000.0,13.3672349,golden,neutral,low,STABLE
2025-03-30 18:00:00,124330000.0,124692000.0,124301000.0,124640000.0,29.343449,golden,neutral,normal,STABLE
2025-03-30 19:00:00,124639000.0,124641000.0,124130000.0,124290000.0,24.41545504,golden,neutral,normal,STABLE
2025-03-30 20:00:00,124290000.0,124627000.0,124080000.0,124279000.0,26.23446052,golden,neutral,normal,STABLE
2025-03-30 21:00:00,124279000.0,124505000.0,124025000.0,124203000.0,29.14896946,golden,neutral,normal,DOWN
2025-03-30 22:00:00,124205000.0,124213000.0,123309000.0,123339000.0,59.72355539,golden,neutral,normal,STABLE
2025-03-30 23:00:00,123339000.0,123968000.0,123282000.0,123616000.0,32.0048915,golden,neutral,normal,STABLE
2025-03-31 00:00:00,123649000.0,124000000.0,123567000.0,123789000.0,17.8896657,dead,neutral,normal,DOWN
2025-03-31 01:00:00,123789000.0,123789000.0,123010000.0,123200000.0,28.95190528,dead,neutral,normal,STABLE
2025-03-31 02:00:00,123200000.0,123531000.0,122890000.0,123346000.0,26.15416411,dead,neutral,normal,STABLE
2025-03-31 03:00:00,123346000.0,123808000.0,123266000.0,123685000.0,5.41830048,dead,neutral,low,STABLE
2025-03-31 04:00:00,123785000.0,123972000.0,123444000.0,123450000.0,9.67459512,dead,neutral,low,STABLE
2025-03-31 05:00:00,123450000.0,123686000.0,123270000.0,123500000.0,7.20469476,dead,neutral,low,STABLE
2025-03-31 06:00:00,123556000.0,123785000.0,122890000.0,123143000.0,25.3396611,dead,neutral,normal,STABLE
2025-03-31 07:00:00,123143000.0,123850000.0,122218000.0,123281000.0,92.73026411,dead,neutral,high,STABLE
2025-03-31 08:00:00,123277000.0,123283000.0,122561000.0,123046000.0,50.44105834,dead,neutral,normal,DOWN
2025-03-31 09:00:00,123046000.0,123141000.0,121400000.0,121834000.0,184.63919061,dead,neutral,high,UP
2025-03-31 10:00:00,121894000.0,122760000.0,121698000.0,122235000.0,84.07157573,dead,neutral,high,STABLE
2025-03-31 11:00:00,122235000.0,122409000.0,121724000.0,122060000.0,62.63948332,dead,neutral,normal,DOWN
2025-03-31 12:00:00,122014000.0,122196000.0,121441000.0,121499000.0,66.53474308,dead,neutral,normal,STABLE
2025-03-31 13:00:00,121499000.0,121785000.0,121263000.0,121785000.0,61.96377062,dead,neutral,normal,UP
2025-03-31 14:00:00,121785000.0,122411000.0,121712000.0,122226000.0,54.03791669,dead,neutral,normal,STABLE
2025-03-31 15:00:00,122154000.0,122410000.0,121890000.0,122095000.0,35.66077371,dead,neutral,normal,STABLE
2025-03-31 16:00:00,122095000.0,122422000.0,121659000.0,121939000.0,56.18410423,dead,neutral,normal,STABLE
2025-03-31 17:00:00,121939000.0,122313000.0,121850000.0,121890000.0,40.11362591,dead,neutral,normal,DOWN
2025-03-31 18:00:00,121860000.0,121948000.0,121306000.0,121516000.0,73.40625035,dead,neutral,normal,UP
2025-03-31 19:00:00,121448000.0,122316000.0,121301000.0,122288000.0,59.35687954,dead,neutral,normal,STABLE
2025-03-31 20:00:00,122287000.0,122289000.0,121828000.0,122200000.0,55.59380444,dead,neutral,normal,UP
2025-03-31 21:00:00,122200000.0,123976000.0,121905000.0,123537000.0,112.13070298,dead,neutral,normal,DOWN
2025-03-31 22:00:00,123537000.0,123595000.0,122000000.0,123034000.0,121.69596211,golden,neutral,normal,UP
2025-03-31 23:00:00,123034000.0,124500000.0,123027000.0,124124000.0,184.59115649,golden,neutral,high,STABLE
2025-04-01 00:00:00,124124000.0,124895000.0,124124000.0,124269000.0,79.19738075,golden,neutral,normal,STABLE
2025-04-01 01:00:00,124268000.0,124600000.0,124020000.0,124105000.0,20.81693185,golden,neutral,low,STABLE
2025-04-01 02:00:00,124100000.0,124100000.0,124100000.0,124100000.0,0.00025862,golden,neutral,low,DOWN
2025-04-01 07:00:00,124026000.0,124100000.0,122593000.0,122957000.0,65.31469847,golden,neutral,normal,STABLE
2025-04-01 08:00:00,122934000.0,123600000.0,122800000.0,123209000.0,55.30139949,golden,neutral,normal,STABLE
2025-04-01 09:00:00,123209000.0,123500000.0,122900000.0,123038000.0,49.86593782,golden,neutral,normal,STABLE
2025-04-01 10:00:00,123038000.0,123199000.0,122800000.0,123198000.0,34.5868717,golden,neutral,normal,STABLE
2025-04-01 11:00:00,123195000.0,123630000.0,123101000.0,123524000.0,55.03156382,golden,neutral,normal,STABLE
2025-04-01 12:00:00,123592000.0,123888000.0,123422000.0,123422000.0,44.43650048,golden,neutral,normal,STABLE
2025-04-01 13:00:00,123430000.0,123719000.0,123200000.0,123432000.0,37.72789357,golden,neutral,normal,STABLE
2025-04-01 14:00:00,123481000.0,123793000.0,123360000.0,123386000.0,40.37176318,golden,neutral,normal,UP
2025-04-01 15:00:00,123385000.0,124034000.0,123150000.0,124024000.0,36.95676798,golden,neutral,normal,STABLE
2025-04-01 16:00:00,123997000.0,124200000.0,123796000.0,123819000.0,128.18816735,golden,neutral,normal,UP
2025-04-01 17:00:00,123821000.0,125218000.0,123821000.0,125005000.0,131.04778614,golden,neutral,normal,STABLE
2025-04-01 18:00:00,125004000.0,125450000.0,124970000.0,125343000.0,103.54124694,golden,neutral,normal,DOWN
2025-04-01 19:00:00,125345000.0,125426000.0,124836000.0,124863000.0,66.16287091,golden,neutral,normal,STABLE
2025-04-01 20:00:00,124863000.0,125000000.0,124500000.0,124650000.0,67.6185497,golden,neutral,normal,STABLE
2025-04-01 21:00:00,124644000.0,125002000.0,124342000.0,124342000.0,67.59807661,golden,neutral,normal,STABLE
2025-04-01 22:00:00,124341000.0,124838000.0,124237000.0,124562000.0,67.05410267,golden,neutral,normal,UP
2025-04-01 23:00:00,124537000.0,125300000.0,123110000.0,125081000.0,138.36616927,golden,neutral,high,UP
2025-04-02 00:00:00,125032000.0,126670000.0,125032000.0,126357000.0,178.91111746,golden,neutral,high,STABLE
2025-04-02 01:00:00,126356000.0,126680000.0,125760000.0,126204000.0,74.5385807,golden,neutral,normal,STABLE
2025-04-02 02:00:00,126200000.0,126470000.0,125890000.0,126336000.0,26.24450343,golden,neutral,low,STABLE
2025-04-02 03:00:00,126404000.0,126450000.0,125770000.0,126400000.0,39.89873921,golden,neutral,normal,STABLE
2025-04-02 04:00:00,126400000.0,126469000.0,125979000.0,126210000.0,21.33516877,golden,neutral,low,UP
2025-04-02 05:00:00,126234000.0,126775000.0,125965000.0,126733000.0,42.04517838,golden,neutral,normal,STABLE
2025-04-02 06:00:00,126731000.0,126964000.0,126463000.0,126646000.0,52.00883369,golden,neutral,normal,STABLE
2025-04-02 07:00:00,126595000.0,126945000.0,126392000.0,126400000.0,37.22117033,golden,neutral,normal,STABLE
2025-04-02 08:00:00,126392000.0,126883000.0,126262000.0,126632000.0,52.44298882,golden,neutral,normal,DOWN
2025-04-02 09:00:00,126632000.0,126834000.0,125896000.0,125979000.0,78.0712344,golden,neutral,normal,UP
2025-04-02 10:00:00,125979000.0,126380000.0,125808000.0,126367000.0,64.21576666,golden,neutral,normal,DOWN
2025-04-02 11:00:00,126317000.0,126379000.0,125603000.0,125678000.0,52.01261036,golden,neutral,normal,STABLE
2025-04-02 12:00:00,125639000.0,125835000.0,125290000.0,125414000.0,41.71715948,golden,neutral,normal,STABLE
2025-04-02 13:00:00,125414000.0,125502000.0,125110000.0,125315000.0,36.29315364,dead,neutral,normal,DOWN
2025-04-02 14:00:00,125227000.0,125315000.0,124600000.0,124650000.0,62.38053804,dead,neutral,normal,STABLE
2025-04-02 15:00:00,124650000.0,125200000.0,124425000.0,124888000.0,65.58619173,dead,neutral,normal,UP
2025-04-02 16:00:00,124888000.0,125315000.0,124702000.0,125295000.0,40.35177102,dead,neutral,normal,STABLE
2025-04-02 17:00:00,125266000.0,125678000.0,124801000.0,125528000.0,49.05795497,dead,neutral,normal,STABLE
2025-04-02 18:00:00,125600000.0,126512000.0,125431000.0,125876000.0,67.83410121,dead,neutral,normal,STABLE
2025-04-02 19:00:00,125974000.0,126400000.0,125633000.0,125640000.0,37.29327056,dead,neutral,normal,DOWN
2025-04-02 20:00:00,125640000.0,125810000.0,125068000.0,125068000.0,49.83340153,dead,neutral,normal,UP
2025-04-02 21:00:00,125064000.0,125810000.0,124949000.0,125781000.0,52.17909809,dead,neutral,normal,UP
2025-04-02 22:00:00,125781000.0,127358000.0,125108000.0,126258000.0,175.57775747,dead,neutral,high,UP
2025-04-02 23:00:00,126258000.0,127200000.0,126258000.0,127045000.0,123.74671851,golden,neutral,high,UP
2025-04-03 00:00:00,127045000.0,128995000.0,127001000.0,128288000.0,264.87397092,golden,overbought,high,UP
2025-04-03 01:00:00,128375000.0,128800000.0,128011000.0,128680000.0,69.89440815,golden,overbought,normal,DOWN
2025-04-03 02:00:00,128600000.0,128890000.0,127684000.0,128000000.0,65.25008645,golden,neutral,normal,DOWN
2025-04-03 03:00:00,127961000.0,128303000.0,127500000.0,127566000.0,31.55611728,golden,neutral,low,UP
2025-04-03 04:00:00,127566000.0,128519000.0,127386000.0,128480000.0,35.48483956,golden,neutral,low,DOWN
2025-04-03 05:00:00,128430000.0,130342000.0,126010000.0,126828000.0,509.64133564,golden,neutral,high,DOWN
2025-04-03 06:00:00,126797000.0,126996000.0,124650000.0,125750000.0,243.59714175,golden,neutral,high,DOWN
2025-04-03 07:00:00,125751000.0,125796000.0,122770000.0,123102000.0,377.45316952,golden,neutral,high,STABLE
2025-04-03 08:00:00,123102000.0,123447000.0,122500000.0,122798000.0,190.66459161,dead,neutral,normal,UP
2025-04-03 09:00:00,122794000.0,124310000.0,122362000.0,123979000.0,229.79647517,dead,neutral,normal,UP
2025-04-03 10:00:00,123979000.0,124785000.0,123807000.0,124623000.0,94.83773344,dead,neutral,normal,STABLE
2025-04-03 11:00:00,124659000.0,124698000.0,123890000.0,124473000.0,60.70317676,dead,neutral,low,DOWN
2025-04-03 12:00:00,124492000.0,124498000.0,123770000.0,123880000.0,30.2111418,dead,neutral,low,STABLE
2025-04-03 13:00:00,123996000.0,124250000.0,123593000.0,124145000.0,53.28625396,dead,neutral,low,DOWN
2025-04-03 14:00:00,124145000.0,124181000.0,123603000.0,123751000.0,28.5606066,dead,neutral,low,DOWN
2025-04-03 15:00:00,123751000.0,123797000.0,123300000.0,123300000.0,44.97749596,dead,neutral,low,UP
2025-04-03 16:00:00,123301000.0,124041000.0,123200000.0,124001000.0,53.58432569,dead,neutral,low,STABLE
2025-04-03 17:00:00,124026000.0,124342000.0,123888000.0,124128000.0,48.06555125,dead,neutral,low,STABLE
2025-04-03 18:00:00,124128000.0,124200000.0,123676000.0,123761000.0,29.53891192,dead,neutral,low,STABLE
2025-04-03 19:00:00,123761000.0,124019000.0,123350000.0,123496000.0,58.35594018,dead,neutral,low,STABLE
2025-04-03 20:00:00,123400000.0,123635000.0,123057000.0,123190000.0,49.95825633,dead,neutral,low,DOWN
2025-04-03 21:00:00,123190000.0,123246000.0,121759000.0,121935000.0,214.88921682,dead,neutral,normal,UP
2025-04-03 22:00:00,121935000.0,123185000.0,121700000.0,122608000.0,200.02826602,dead,neutral,normal,DOWN
2025-04-03 23:00:00,122500000.0,122613000.0,121170000.0,121439000.0,187.26240805,dead,neutral,normal,UP
2025-04-04 00:00:00,121323000.0,122010000.0,121002000.0,121984000.0,98.59376428,dead,neutral,normal,STABLE
2025-04-04 01:00:00,121984000.0,122590000.0,121503000.0,121722000.0,50.07276866,dead,neutral,low,STABLE
2025-04-04 02:00:00,121717000.0,122094000.0,121365000.0,121671000.0,24.06519269,dead,neutral,low,STABLE
2025-04-04 03:00:00,121680000.0,122243000.0,121287000.0,121980000.0,27.61858758,dead,neutral,low,STABLE
2025-04-04 04:00:00,121980000.0,122344000.0,121580000.0,121780000.0,28.82665299,dead,neutral,low,STABLE
2025-04-04 05:00:00,121838000.0,122299000.0,121370000.0,122096000.0,34.75800717,dead,neutral,low,UP
2025-04-04 06:00:00,122155000.0,122949000.0,122049000.0,122786000.0,64.01215226,dead,neutral,normal,STABLE
2025-04-04 07:00:00,122847000.0,123091000.0,122707000.0,122844000.0,66.76105946,dead,neutral,normal,UP
2025-04-04 08:00:00,122844000.0,123433000.0,122292000.0,123244000.0,63.09378024,dead,neutral,normal,DOWN
2025-04-04 09:00:00,123244000.0,123525000.0,122769000.0,122769000.0,73.45189002,golden,neutral,normal,DOWN
2025-04-04 10:00:00,122801000.0,123115000.0,121900000.0,122014000.0,86.99830761,golden,neutral,normal,STABLE
2025-04-04 11:00:00,122048000.0,122754000.0,121700000.0,121973000.0,178.06443133,dead,neutral,high,STABLE
2025-04-04 12:00:00,121973000.0,122211000.0,121486000.0,121789000.0,84.8043984,dead,neutral,normal,STABLE
2025-04-04 13:00:00,121789000.0,121981000.0,121367000.0,121626000.0,62.13828309,dead,neutral,normal,UP
2025-04-04 14:00:00,121626000.0,122253000.0,121580000.0,122169000.0,37.13032114,dead,neutral,low,STABLE
2025-04-04 15:00:00,122169000.0,122242000.0,121840000.0,122058000.0,32.07773842,dead,neutral,low,UP
2025-04-04 16:00:00,122056000.0,123645000.0,121997000.0,123496000.0,218.52804694,golden,neutral,high,UP
2025-04-04 17:00:00,123493000.0,124650000.0,123491000.0,124116000.0,152.92015408,golden,neutral,normal,STABLE
2025-04-04 18:00:00,124116000.0,124499000.0,123700000.0,124366000.0,65.41875618,golden,neutral,normal,DOWN
2025-04-04 19:00:00,124384000.0,124449000.0,121783000.0,121907000.0,190.35759007,golden,neutral,high,UP
2025-04-04 20:00:00,121968000.0,122500000.0,121100000.0,122500000.0,194.95119674,golden,neutral,high,STABLE
2025-04-04 21:00:00,122500000.0,123000000.0,121974000.0,122509000.0,105.41827644,golden,neutral,normal,UP
2025-04-04 22:00:00,122567000.0,123439000.0,121700000.0,123342000.0,126.52650177,golden,neutral,normal,DOWN
2025-04-04 23:00:00,123228000.0,123439000.0,121483000.0,122166000.0,157.02937347,dead,neutral,normal,STABLE
2025-04-05 00:00:00,122286000.0,123476000.0,122111000.0,122518000.0,179.62426946,dead,neutral,normal,UP
2025-04-05 01:00:00,122584000.0,123345000.0,122310000.0,123118000.0,60.43444313,golden,neutral,normal,UP
2025-04-05 02:00:00,123118000.0,124650000.0,122677000.0,124457000.0,139.5678491,golden,neutral,normal,DOWN
2025-04-05 03:00:00,124463000.0,124605000.0,123555000.0,123680000.0,44.91231158,golden,neutral,low,STABLE
2025-04-05 04:00:00,123761000.0,124420000.0,123383000.0,123801000.0,31.80172024,golden,neutral,low,STABLE
2025-04-05 05:00:00,123801000.0,124127000.0,123110000.0,123934000.0,34.30327129,golden,neutral,low,STABLE
2025-04-05 06:00:00,123990000.0,124200000.0,123507000.0,123811000.0,37.27243606,golden,neutral,low,STABLE
2025-04-05 07:00:00,123859000.0,123999000.0,123611000.0,123698000.0,27.94743469,golden,neutral,low,STABLE
2025-04-05 08:00:00,123698000.0,123768000.0,123100000.0,123409000.0,56.34296889,golden,neutral,normal,STABLE
2025-04-05 09:00:00,123409000.0,123424000.0,122912000.0,123424000.0,45.81458822,golden,neutral,low,STABLE
2025-04-05 10:00:00,123424000.0,123988000.0,123413000.0,123660000.0,48.98698466,golden,neutral,normal,STABLE
2025-04-05 11:00:00,123660000.0,123813000.0,123495000.0,123702000.0,27.75706683,golden,neutral,low,DOWN
2025-04-05 12:00:00,123702000.0,123780000.0,123245000.0,123245000.0,19.41434322,golden,neutral,low,STABLE
2025-04-05 13:00:00,123329000.0,123586000.0,123245000.0,123432000.0,18.07412877,golden,neutral,low,STABLE
2025-04-05 14:00:00,123432000.0,123750000.0,123350000.0,123441000.0,19.40303421,golden,neutral,low,STABLE
2025-04-05 15:00:00,123441000.0,123579000.0,123100000.0,123215000.0,25.81703939,golden,neutral,low,STABLE
2025-04-05 16:00:00,123216000.0,123354000.0,123137000.0,123268000.0,18.35843634,dead,neutral,low,STABLE
2025-04-05 17:00:00,123308000.0,123501000.0,123152000.0,123377000.0,34.19537591,dead,neutral,normal,STABLE
2025-04-05 18:00:00,123377000.0,123696000.0,123377000.0,123696000.0,25.26686115,dead,neutral,low,STABLE
2025-04-05 19:00:00,123696000.0,123696000.0,123332000.0,123400000.0,21.00247028,dead,neutral,low,STABLE
2025-04-05 20:00:00,123399000.0,123500000.0,123166000.0,123203000.0,27.17299895,dead,neutral,normal,STABLE
2025-04-05 21:00:00,123203000.0,123315000.0,122803000.0,123087000.0,45.38664937,dead,neutral,normal,DOWN
2025-04-05 22:00:00,123087000.0,123173000.0,122106000.0,122439000.0,81.59255774,dead,neutral,high,STABLE
2025-04-05 23:00:00,122439000.0,122776000.0,122386000.0,122578000.0,30.28230531,dead,neutral,normal,STABLE
2025-04-06 00:00:00,122578000.0,122671000.0,122033000.0,122298000.0,37.48987084,dead,neutral,normal,STABLE
2025-04-06 01:00:00,122298000.0,122558000.0,122234000.0,122420000.0,19.07346253,dead,neutral,normal,STABLE
2025-04-06 02:00:00,122551000.0,122683000.0,122370000.0,122607000.0,10.42666524,dead,neutral,low,STABLE
2025-04-06 03:00:00,122608000.0,122848000.0,122601000.0,122770000.0,11.32063456,dead,neutral,low,STABLE
2025-04-06 04:00:00,122788000.0,122841000.0,122347000.0,122459000.0,9.16251902,dead,neutral,low,UP
2025-04-06 05:00:00,122544000.0,122856000.0,122457000.0,122855000.0,11.98653095,dead,neutral,low,STABLE
2025-04-06 06:00:00,122855000.0,123040000.0,122740000.0,122814000.0,15.59412951,dead,neutral,normal,STABLE
2025-04-06 07:00:00,122814000.0,123012000.0,122750000.0,123012000.0,15.27939366,dead,neutral,normal,STABLE
2025-04-06 08:00:00,123012000.0,123405000.0,122865000.0,123300000.0,35.02773166,dead,neutral,normal,STABLE
2025-04-06 09:00:00,123255000.0,123366000.0,123066000.0,123155000.0,22.97200758,golden,neutral,normal,STABLE
2025-04-06 10:00:00,123155000.0,123500000.0,123123000.0,123200000.0,41.94782808,golden,neutral,normal,STABLE
2025-04-06 11:00:00,123200000.0,123200000.0,123000000.0,123000000.0,24.42677832,golden,neutral,normal,STABLE
2025-04-06 12:00:00,123000000.0,123155000.0,122902000.0,123145000.0,17.52902049,golden,neutral,normal,STABLE
2025-04-06 13:00:00,123145000.0,123444000.0,123026000.0,123435000.0,24.72993061,golden,neutral,normal,STABLE
2025-04-06 14:00:00,123442000.0,123500000.0,123193000.0,123368000.0,26.99246603,golden,neutral,normal,STABLE
2025-04-06 15:00:00,123368000.0,123368000.0,123033000.0,123033000.0,14.13945635,golden,neutral,normal,STABLE
2025-04-06 16:00:00,123033000.0,123076000.0,122785000.0,122840000.0,35.76637747,golden,neutral,normal,STABLE
2025-04-06 17:00:00,122840000.0,122956000.0,122503000.0,122953000.0,36.48814784,golden,neutral,normal,STABLE
2025-04-06 18:00:00,122953000.0,122999000.0,122849000.0,122923000.0,11.02940503,golden,neutral,low,STABLE
2025-04-06 19:00:00,122957000.0,122957000.0,122535000.0,122721000.0,21.61850917,dead,neutral,normal,STABLE
2025-04-06 20:00:00,122721000.0,122762000.0,122380000.0,122628000.0,32.68033716,dead,neutral,normal,STABLE
2025-04-06 21:00:00,122628000.0,122802000.0,122298000.0,122331000.0,33.67874998,dead,neutral,normal,DOWN
2025-04-06 22:00:00,122331000.0,122562000.0,121854000.0,121877000.0,112.52636291,dead,neutral,high,UP
2025-04-06 23:00:00,121877000.0,122476000.0,121854000.0,122349000.0,54.00891208,dead,neutral,normal,STABLE
2025-04-07 00:00:00,122349000.0,122500000.0,122001000.0,122113000.0,19.93370714,dead,neutral,normal,DOWN
2025-04-07 01:00:00,122110000.0,122190000.0,121510000.0,121559000.0,58.66616589,dead,neutral,normal,DOWN
2025-04-07 02:00:00,121559000.0,121623000.0,120110000.0,120395000.0,232.30229586,dead,oversold,high,DOWN
2025-04-07 03:00:00,120395000.0,120395000.0,118082000.0,118536000.0,412.46779454,dead,oversold,high,UP
2025-04-07 04:00:00,118562000.0,119659000.0,118264000.0,119118000.0,122.2488305,dead,oversold,normal,DOWN
2025-04-07 05:00:00,119162000.0,119500000.0,118000000.0,118120000.0,162.30700617,dead,oversold,high,STABLE
2025-04-07 06:00:00,118120000.0,119291000.0,118000000.0,118065000.0,209.50976756,dead,oversold,high,DOWN
2025-04-07 07:00:00,118067000.0,118366000.0,116601000.0,116983000.0,557.98899742,dead,oversold,high,UP
2025-04-07 08:00:00,116983000.0,117901000.0,115542000.0,117517000.0,590.25903874,dead,oversold,high,STABLE
2025-04-07 09:00:00,117517000.0,117663000.0,115694000.0,117234000.0,340.52508457,dead,oversold,high,UP
2025-04-07 10:00:00,117234000.0,119110000.0,117234000.0,118751000.0,300.76118814,dead,neutral,normal,DOWN
2025-04-07 11:00:00,118751000.0,118797000.0,117550000.0,117559000.0,103.31351708,dead,neutral,normal,DOWN
2025-04-07 12:00:00,117559000.0,117699000.0,115975000.0,116604000.0,252.105128,dead,oversold,normal,DOWN
2025-04-07 13:00:00,116604000.0,116921000.0,115001000.0,115296000.0,401.52372118,dead,oversold,normal,STABLE
2025-04-07 14:00:00,115297000.0,116150000.0,115000000.0,115003000.0,234.12363871,dead,oversold,normal,DOWN
2025-04-07 15:00:00,115003000.0,115504000.0,111659000.0,112081000.0,985.33873794,dead,oversold,high,UP
2025-04-07 16:00:00,112081000.0,113452000.0,111749000.0,112952000.0,386.03516847,dead,oversold,normal,UP
2025-04-07 17:00:00,112973000.0,115639000.0,112890000.0,114185000.0,377.55543136,dead,neutral,normal,STABLE
2025-04-07 18:00:00,114184000.0,115206000.0,113397000.0,114200000.0,280.8971028,dead,neutral,normal,UP
2025-04-07 19:00:00,114200000.0,116162000.0,113900000.0,115485000.0,260.49212719,dead,neutral,normal,DOWN
2025-04-07 20:00:00,115497000.0,116049000.0,114400000.0,114723000.0,135.64579043,dead,neutral,low,UP
2025-04-07 21:00:00,114723000.0,116119000.0,114379000.0,115513000.0,184.04324443,dead,neutral,normal,UP
2025-04-07 22:00:00,115485000.0,117157000.0,113393000.0,117038000.0,395.29416665,dead,neutral,normal,UP
2025-04-07 23:00:00,117038000.0,121149000.0,115818000.0,117544000.0,1201.27517306,dead,neutral,high,DOWN
2025-04-08 00:00:00,117627000.0,117953000.0,115369000.0,117003000.0,266.37311918,golden,neutral,normal,DOWN
2025-04-08 01:00:00,117003000.0,117089000.0,115500000.0,115702000.0,92.0600277,golden,neutral,low,UP
2025-04-08 02:00:00,115702000.0,117850000.0,115702000.0,117750000.0,72.76188108,golden,neutral,low,DOWN
2025-04-08 03:00:00,117670000.0,118106000.0,116652000.0,117030000.0,60.18113488,golden,neutral,low,DOWN
2025-04-08 04:00:00,116976000.0,117492000.0,116290000.0,116488000.0,42.364672,golden,neutral,low,UP
2025-04-08 05:00:00,116466000.0,117760000.0,116318000.0,117433000.0,45.56772033,golden,neutral,low,UP
2025-04-08 06:00:00,117473000.0,118471000.0,117025000.0,118022000.0,86.30209862,golden,neutral,low,UP
2025-04-08 07:00:00,118022000.0,119749000.0,118002000.0,119310000.0,162.79401959,golden,neutral,normal,DOWN
2025-04-08 08:00:00,119309000.0,119525000.0,117882000.0,118061000.0,127.83051329,golden,neutral,low,DOWN
2025-04-08 09:00:00,118062000.0,118900000.0,117593000.0,117608000.0,120.84700243,golden,neutral,low,UP
2025-04-08 10:00:00,117608000.0,120228000.0,117346000.0,120014000.0,199.08676225,golden,neutral,normal,DOWN
2025-04-08 11:00:00,120000000.0,120239000.0,119000000.0,119065000.0,117.28808101,golden,neutral,normal,STABLE
2025-04-08 12:00:00,119065000.0,119499000.0,118800000.0,118934000.0,61.84220537,golden,neutral,low,UP
2025-04-08 13:00:00,118939000.0,119686000.0,118760000.0,119503000.0,60.50449173,golden,neutral,low,DOWN
2025-04-08 14:00:00,119503000.0,119504000.0,118509000.0,119022000.0,66.21204483,golden,neutral,low,DOWN
2025-04-08 15:00:00,119030000.0,119041000.0,118098000.0,118305000.0,81.48441588,golden,neutral,low,STABLE
2025-04-08 16:00:00,118305000.0,118705000.0,118021000.0,118527000.0,58.49511105,golden,neutral,low,STABLE
2025-04-08 17:00:00,118610000.0,118703000.0,117953000.0,118232000.0,53.1018942,golden,neutral,low,STABLE
2025-04-08 18:00:00,118232000.0,118413000.0,117968000.0,118046000.0,54.5464021,golden,neutral,low,STABLE
2025-04-08 19:00:00,118046000.0,118481000.0,117910000.0,118201000.0,43.03512763,golden,neutral,low,UP
2025-04-08 20:00:00,118201000.0,119550000.0,118201000.0,119505000.0,106.33009682,golden,neutral,normal,STABLE
2025-04-08 21:00:00,119506000.0,119580000.0,118750000.0,119187000.0,107.53537366,golden,neutral,normal,STABLE
2025-04-08 22:00:00,119187000.0,119880000.0,118602000.0,119404000.0,173.4579275,golden,neutral,normal,DOWN
2025-04-08 23:00:00,119312000.0,119813000.0,117355000.0,117376000.0,155.88576231,golden,neutral,normal,STABLE
2025-04-09 00:00:00,117393000.0,117943000.0,117101000.0,117606000.0,112.12172151,golden,neutral,normal,DOWN
2025-04-09 01:00:00,117606000.0,117606000.0,116010000.0,116041000.0,113.25606356,dead,neutral,normal,STABLE
2025-04-09 02:00:00,116109000.0,116353000.0,115010000.0,116109000.0,182.35196447,dead,neutral,normal,STABLE
2025-04-09 03:00:00,116109000.0,116970000.0,115679000.0,116050000.0,65.99304498,dead,neutral,normal,DOWN
2025-04-09 04:00:00,116043000.0,116120000.0,114567000.0,115344000.0,125.08976948,dead,neutral,normal,UP
2025-04-09 05:00:00,115344000.0,115986000.0,115049000.0,115906000.0,56.93856645,dead,neutral,normal,STABLE
2025-04-09 06:00:00,115906000.0,116197000.0,115204000.0,115732000.0,81.68565844,dead,neutral,normal,DOWN
2025-04-09 07:00:00,115732000.0,115794000.0,114360000.0,115175000.0,154.27455415,dead,neutral,normal,DOWN
2025-04-09 08:00:00,115175000.0,115197000.0,114400000.0,114489000.0,101.06768275,dead,neutral,normal,UP
2025-04-09 09:00:00,114497000.0,115447000.0,114001000.0,114955000.0,162.16333755,dead,neutral,normal,DOWN
2025-04-09 10:00:00,114969000.0,115101000.0,112549000.0,114513000.0,392.65872734,dead,neutral,high,DOWN
2025-04-09 11:00:00,114513000.0,114900000.0,113500000.0,113601000.0,107.86934559,dead,neutral,normal,DOWN
2025-04-09 12:00:00,113600000.0,113941000.0,112850000.0,112884000.0,105.06424919,dead,neutral,normal,UP
2025-04-09 13:00:00,112900000.0,115480000.0,112820000.0,115103000.0,181.31639034,dead,neutral,normal,STABLE
2025-04-09 14:00:00,115103000.0,115597000.0,114825000.0,115322000.0,79.75305956,dead,neutral,normal,UP
2025-04-09 15:00:00,115322000.0,116125000.0,115317000.0,115900000.0,289.58572774,dead,neutral,high,UP
2025-04-09 16:00:00,115900000.0,117235000.0,115900000.0,116800000.0,287.99805783,dead,neutral,normal,DOWN
2025-04-09 17:00:00,116800000.0,117000000.0,115900000.0,116059000.0,106.41084439,golden,neutral,normal,STABLE
2025-04-09 18:00:00,115945000.0,116347000.0,115900000.0,116281000.0,42.59831395,golden,neutral,low,DOWN
2025-04-09 19:00:00,116281000.0,116296000.0,115400000.0,115741000.0,239.95160367,golden,neutral,normal,DOWN
2025-04-09 20:00:00,115741000.0,115741000.0,113850000.0,114566000.0,325.00187689,golden,neutral,high,UP
2025-04-09 21:00:00,114566000.0,115598000.0,114224000.0,115300000.0,118.25520326,golden,neutral,normal,UP
2025-04-09 22:00:00,115301000.0,116703000.0,115153000.0,116596000.0,176.28852271,golden,neutral,normal,DOWN
2025-04-09 23:00:00,116596000.0,117240000.0,115147000.0,115200000.0,160.50295202,golden,neutral,normal,UP
2025-04-10 00:00:00,115200000.0,116322000.0,115147000.0,115684000.0,55.39218212,golden,neutral,low,UP
2025-04-10 01:00:00,115684000.0,117050000.0,115526000.0,116879000.0,56.43468419,golden,neutral,low,UP
2025-04-10 02:00:00,116901000.0,121377000.0,115999000.0,121290000.0,716.01646542,golden,neutral,high,DOWN
2025-04-10 03:00:00,121290000.0,122208000.0,120243000.0,120260000.0,334.012838,golden,neutral,normal,UP
2025-04-10 04:00:00,120260000.0,121500000.0,120200000.0,121210000.0,183.23397225,golden,neutral,normal,UP
2025-04-10 05:00:00,121201000.0,122772000.0,120825000.0,122754000.0,172.69340842,golden,neutral,normal,STABLE
2025-04-10 06:00:00,122754000.0,123168000.0,122097000.0,122665000.0,282.64379075,golden,neutral,normal,DOWN
2025-04-10 07:00:00,122665000.0,123000000.0,122175000.0,122261000.0,173.54446965,golden,neutral,normal,DOWN
2025-04-10 08:00:00,122260000.0,122403000.0,121263000.0,121339000.0,172.79164424,golden,neutral,normal,STABLE
2025-04-10 09:00:00,121339000.0,121892000.0,120953000.0,121662000.0,203.09405389,golden,neutral,normal,STABLE
2025-04-10 10:00:00,121661000.0,122300000.0,121612000.0,121795000.0,104.01585364,golden,neutral,low,DOWN
2025-04-10 11:00:00,121795000.0,121924000.0,121300000.0,121313000.0,111.40643338,golden,neutral,normal,DOWN
2025-04-10 12:00:00,121349000.0,121351000.0,120313000.0,120700000.0,121.55892603,golden,neutral,normal,UP
2025-04-10 13:00:00,120700000.0,121183000.0,120555000.0,121090000.0,53.95267504,golden,neutral,low,UP
2025-04-10 14:00:00,121090000.0,121584000.0,121090000.0,121484000.0,60.69795915,golden,neutral,low,STABLE
2025-04-10 15:00:00,121483000.0,121722000.0,121003000.0,121560000.0,57.01126229,golden,neutral,low,DOWN
2025-04-10 16:00:00,121518000.0,121600000.0,120447000.0,120802000.0,63.85995601,golden,neutral,low,STABLE
2025-04-10 17:00:00,120802000.0,121080000.0,120430000.0,120660000.0,51.83469442,golden,neutral,low,UP
2025-04-10 18:00:00,120648000.0,121479000.0,120420000.0,121468000.0,55.58525159,golden,neutral,low,DOWN
2025-04-10 19:00:00,121450000.0,121565000.0,120670000.0,120981000.0,42.95585612,golden,neutral,low,STABLE
2025-04-10 20:00:00,120962000.0,121315000.0,120682000.0,121168000.0,32.66965443,dead,neutral,low,STABLE
2025-04-10 21:00:00,121168000.0,121824000.0,120600000.0,120896000.0,172.63615874,dead,neutral,normal,DOWN
2025-04-10 22:00:00,120897000.0,121331000.0,119740000.0,119828000.0,141.18920969,dead,neutral,normal,STABLE
2025-04-10 23:00:00,119827000.0,120914000.0,119500000.0,120094000.0,106.1559993,dead,neutral,normal,DOWN
2025-04-11 00:00:00,120088000.0,120298000.0,116877000.0,117057000.0,348.94811144,dead,neutral,high,UP
2025-04-11 01:00:00,117057000.0,118275000.0,116687000.0,118091000.0,160.97727575,dead,neutral,normal,STABLE
2025-04-11 02:00:00,118031000.0,118400000.0,116888000.0,117938000.0,77.85483599,dead,neutral,normal,STABLE
2025-04-11 03:00:00,117911000.0,118543000.0,117673000.0,118165000.0,42.19405266,dead,neutral,low,STABLE
2025-04-11 04:00:00,118151000.0,118636000.0,117673000.0,118071000.0,46.78400426,dead,neutral,low,STABLE
2025-04-11 05:00:00,118114000.0,118490000.0,117894000.0,118370000.0,29.1349257,dead,neutral,low,STABLE
2025-04-11 06:00:00,118375000.0,118631000.0,118133000.0,118134000.0,46.08393216,dead,neutral,normal,STABLE
2025-04-11 07:00:00,118135000.0,118400000.0,117829000.0,118045000.0,49.30672765,dead,neutral,normal,STABLE
2025-04-11 08:00:00,118045000.0,118099000.0,117654000.0,117936000.0,61.05955626,dead,neutral,normal,DOWN
2025-04-11 09:00:00,117929000.0,118253000.0,116960000.0,116962000.0,111.99004054,dead,neutral,normal,UP
2025-04-11 10:00:00,116962000.0,118985000.0,116910000.0,118902000.0,137.60015054,dead,neutral,normal,STABLE
2025-04-11 11:00:00,118902000.0,119326000.0,118501000.0,118678000.0,83.2205568,dead,neutral,normal,UP
2025-04-11 12:00:00,118678000.0,119437000.0,118649000.0,119338000.0,65.39812959,dead,neutral,normal,STABLE
2025-04-11 13:00:00,119338000.0,119766000.0,119206000.0,119537000.0,52.65470662,dead,neutral,normal,STABLE
2025-04-11 14:00:00,119541000.0,119542000.0,118900000.0,119324000.0,58.08461666,golden,neutral,normal,UP
2025-04-11 15:00:00,119324000.0,119958000.0,119324000.0,119689000.0,76.91146947,golden,neutral,normal,STABLE
2025-04-11 16:00:00,119689000.0,120002000.0,119408000.0,119787000.0,59.35750185,golden,neutral,normal,STABLE
2025-04-11 17:00:00,119836000.0,120500000.0,119200000.0,119932000.0,109.51935329,golden,neutral,normal,UP
2025-04-11 18:00:00,119933000.0,120683000.0,119621000.0,120671000.0,110.02838747,golden,neutral,normal,UP
2025-04-11 19:00:00,120683000.0,121544000.0,120500000.0,121118000.0,135.52543641,golden,neutral,normal,DOWN
2025-04-11 20:00:00,121118000.0,121433000.0,120279000.0,120421000.0,91.98806214,golden,neutral,normal,STABLE
2025-04-11 21:00:00,120421000.0,120987000.0,120140000.0,120397000.0,56.72314981,golden,neutral,normal,UP
2025-04-11 22:00:00,120397000.0,121900000.0,120000000.0,121450000.0,168.80728716,golden,neutral,high,DOWN
2025-04-11 23:00:00,121445000.0,121445000.0,119100000.0,119941000.0,169.57194357,golden,neutral,normal,UP
2025-04-12 00:00:00,119941000.0,120951000.0,119661000.0,120472000.0,100.07036083,golden,neutral,normal,UP
2025-04-12 01:00:00,120334000.0,121137000.0,119867000.0,120936000.0,62.954688,golden,neutral,normal,UP
2025-04-12 02:00:00,120937000.0,122193000.0,120707000.0,121990000.0,118.15961144,golden,neutral,normal,DOWN
2025-04-12 03:00:00,121990000.0,122333000.0,121355000.0,121496000.0,51.30943804,golden,neutral,normal,STABLE
2025-04-12 04:00:00,121417000.0,121868000.0,121197000.0,121523000.0,111.1071398,golden,neutral,normal,STABLE
2025-04-12 05:00:00,121494000.0,121816000.0,121413000.0,121639000.0,21.62849521,golden,neutral,low,STABLE
2025-04-12 06:00:00,121638000.0,122252000.0,121580000.0,121680000.0,36.87221621,golden,neutral,low,STABLE
2025-04-12 07:00:00,121677000.0,121755000.0,121337000.0,121537000.0,21.12815879,golden,neutral,low,STABLE
2025-04-12 08:00:00,121537000.0,121585000.0,121200000.0,121450000.0,46.06854379,golden,neutral,normal,STABLE
2025-04-12 09:00:00,121450000.0,121790000.0,121205000.0,121599000.0,58.9865072,golden,neutral,normal,STABLE
2025-04-12 10:00:00,121599000.0,121705000.0,121350000.0,121361000.0,34.42292667,golden,neutral,low,DOWN
2025-04-12 11:00:00,121348000.0,121588000.0,120942000.0,120942000.0,32.78646655,golden,neutral,low,STABLE
2025-04-12 12:00:00,120941000.0,121050000.0,120790000.0,120790000.0,35.53127391,golden,neutral,low,UP
2025-04-12 13:00:00,120790000.0,121500000.0,120616000.0,121243000.0,38.77889411,golden,neutral,normal,STABLE
2025-04-12 14:00:00,121245000.0,121577000.0,121221000.0,121221000.0,21.60310912,dead,neutral,low,STABLE
2025-04-12 15:00:00,121221000.0,121650000.0,121202000.0,121363000.0,35.13579827,dead,neutral,normal,STABLE
2025-04-12 16:00:00,121442000.0,121655000.0,121317000.0,121480000.0,28.42129343,dead,neutral,low,STABLE
2025-04-12 17:00:00,121503000.0,121850000.0,121164000.0,121453000.0,59.77639539,golden,neutral,normal,STABLE
2025-04-12 18:00:00,121453000.0,121672000.0,121281000.0,121431000.0,33.7972891,golden,neutral,normal,STABLE
2025-04-12 19:00:00,121431000.0,121436000.0,121140000.0,121354000.0,23.07030678,golden,neutral,low,STABLE
2025-04-12 20:00:00,121353000.0,121568000.0,121279000.0,121406000.0,21.34645016,golden,neutral,low,STABLE
2025-04-12 21:00:00,121406000.0,121800000.0,121363000.0,121746000.0,35.59596082,golden,neutral,normal,UP
2025-04-12 22:00:00,121746000.0,122750000.0,121404000.0,122518000.0,182.07746219,golden,neutral,high,STABLE
2025-04-12 23:00:00,122518000.0,123255000.0,122271000.0,122668000.0,198.78240784,golden,neutral,high,STABLE
2025-04-13 00:00:00,122700000.0,123500000.0,122387000.0,123011000.0,120.10094761,golden,overbought,high,DOWN
2025-04-13 01:00:00,123011000.0,123287000.0,122443000.0,122540000.0,68.77616167,golden,neutral,normal,STABLE
2025-04-13 02:00:00,122540000.0,122937000.0,122254000.0,122792000.0,41.41566604,golden,neutral,normal,UP
2025-04-13 03:00:00,122895000.0,123200000.0,122761000.0,123162000.0,23.1651418,golden,neutral,low,STABLE
2025-04-13 04:00:00,123162000.0,123197000.0,122650000.0,122835000.0,27.91665916,golden,neutral,low,UP
2025-04-13 05:00:00,122835000.0,123964000.0,122776000.0,123546000.0,67.78981107,golden,neutral,normal,STABLE
2025-04-13 06:00:00,123550000.0,123767000.0,123310000.0,123535000.0,55.50404502,golden,neutral,normal,STABLE
2025-04-13 07:00:00,123549000.0,123973000.0,123535000.0,123730000.0,69.91176445,golden,neutral,normal,STABLE
2025-04-13 08:00:00,123730000.0,123760000.0,123346000.0,123551000.0,63.1883645,golden,neutral,normal,STABLE
2025-04-13 09:00:00,123577000.0,123828000.0,123184000.0,123786000.0,81.62823434,golden,neutral,normal,STABLE
2025-04-13 10:00:00,123786000.0,124520000.0,123600000.0,123832000.0,150.55669547,golden,neutral,high,STABLE
2025-04-13 11:00:00,123772000.0,124012000.0,123190000.0,123803000.0,73.02165531,golden,neutral,normal,STABLE
2025-04-13 12:00:00,123803000.0,124200000.0,123803000.0,123867000.0,55.72619602,golden,neutral,normal,DOWN
2025-04-13 13:00:00,123835000.0,123993000.0,122875000.0,122950000.0,100.32355066,golden,neutral,normal,STABLE
2025-04-13 14:00:00,122950000.0,123271000.0,122578000.0,122660000.0,71.46135128,golden,neutral,normal,STABLE
2025-04-13 15:00:00,122659000.0,123117000.0,122647000.0,122808000.0,36.59626449,golden,neutral,low,STABLE
2025-04-13 16:00:00,122808000.0,123095000.0,122637000.0,122641000.0,31.38160483,dead,neutral,low,STABLE
2025-04-13 17:00:00,122640000.0,122980000.0,122458000.0,122903000.0,60.18889333,dead,neutral,normal,STABLE
2025-04-13 18:00:00,122903000.0,123300000.0,122742000.0,123260000.0,57.56391676,dead,neutral,normal,STABLE
2025-04-13 19:00:00,123259000.0,123260000.0,122732000.0,122914000.0,50.78226574,dead,neutral,normal,STABLE
2025-04-13 20:00:00,122907000.0,123050000.0,122462000.0,122810000.0,54.48484062,dead,neutral,normal,STABLE
2025-04-13 21:00:00,122786000.0,122963000.0,122507000.0,122716000.0,32.89416637,dead,neutral,normal,DOWN
2025-04-13 22:00:00,122716000.0,123000000.0,121600000.0,121642000.0,151.32806535,dead,neutral,high,UP
2025-04-13 23:00:00,121647000.0,122242000.0,121590000.0,122149000.0,77.43061438,dead,neutral,normal,DOWN
2025-04-14 00:00:00,122149000.0,122149000.0,121593000.0,121723000.0,65.08984229,dead,neutral,normal,STABLE
2025-04-14 01:00:00,121722000.0,122400000.0,121722000.0,122069000.0,32.81799361,dead,neutral,low,UP
2025-04-14 02:00:00,122199000.0,123050000.0,122064000.0,122745000.0,35.8577824,dead,neutral,normal,STABLE
2025-04-14 03:00:00,122745000.0,122971000.0,122412000.0,122912000.0,19.98831607,dead,neutral,low,DOWN
2025-04-14 04:00:00,122911000.0,122912000.0,121218000.0,122336000.0,60.62604444,dead,neutral,normal,DOWN
2025-04-14 05:00:00,122240000.0,122780000.0,121000000.0,121497000.0,48.93505571,dead,neutral,normal,STABLE
2025-04-14 06:00:00,121609000.0,122115000.0,121000000.0,121761000.0,63.55622748,dead,neutral,normal,DOWN
2025-04-14 07:00:00,121743000.0,121990000.0,120899000.0,121115000.0,74.12364195,dead,neutral,normal,UP
2025-04-14 08:00:00,121115000.0,121783000.0,120859000.0,121577000.0,70.15429323,dead,neutral,normal,UP
2025-04-14 09:00:00,121577000.0,123409000.0,121504000.0,122388000.0,186.05327095,dead,neutral,high,STABLE
2025-04-14 10:00:00,122388000.0,122909000.0,122122000.0,122277000.0,59.71144498,dead,neutral,normal,UP
2025-04-14 11:00:00,122402000.0,123850000.0,122122000.0,123427000.0,188.57943825,dead,neutral,high,DOWN
2025-04-14 12:00:00,123434000.0,123484000.0,122827000.0,122978000.0,67.86203266,golden,neutral,normal,STABLE
2025-04-14 13:00:00,122978000.0,123427000.0,122762000.0,123160000.0,56.84463187,golden,neutral,normal,STABLE
2025-04-14 14:00:00,123160000.0,123290000.0,122501000.0,122791000.0,46.12171516,golden,neutral,normal,STABLE
2025-04-14 15:00:00,122791000.0,122957000.0,122470000.0,122589000.0,39.29538185,golden,neutral,normal,STABLE
2025-04-14 16:00:00,122589000.0,122940000.0,122200000.0,122716000.0,48.5279998,golden,neutral,normal,STABLE
2025-04-14 17:00:00,122716000.0,123101000.0,122553000.0,122830000.0,40.87465373,golden,neutral,normal,STABLE
2025-04-14 18:00:00,122830000.0,122968000.0,122185000.0,122466000.0,49.8215834,golden,neutral,normal,STABLE
2025-04-14 19:00:00,122466000.0,122949000.0,122355000.0,122628000.0,48.70463335,golden,neutral,normal,STABLE
2025-04-14 20:00:00,122628000.0,123059000.0,122471000.0,122928000.0,66.10145854,golden,neutral,normal,STABLE
2025-04-14 21:00:00,122968000.0,123343000.0,122800000.0,123295000.0,74.07253723,golden,neutral,normal,DOWN
2025-04-14 22:00:00,123295000.0,123490000.0,122099000.0,122444000.0,129.04918257,golden,neutral,normal,UP
2025-04-14 23:00:00,122444000.0,124000000.0,122359000.0,123412000.0,132.67162676,golden,neutral,normal,DOWN
2025-04-15 00:00:00,123411000.0,123453000.0,121800000.0,122298000.0,149.61489323,golden,neutral,normal,STABLE
2025-04-15 01:00:00,122238000.0,122972000.0,121940000.0,122544000.0,55.11129749,golden,neutral,normal,STABLE
2025-04-15 02:00:00,122460000.0,123079000.0,122375000.0,122850000.0,46.52254276,golden,neutral,normal,STABLE
2025-04-15 03:00:00,122850000.0,123118000.0,122720000.0,123049000.0,17.55537086,golden,neutral,low,STABLE
2025-04-15 04:00:00,123049000.0,123258000.0,122639000.0,122844000.0,34.85076882,dead,neutral,low,STABLE
2025-04-15 05:00:00,122784000.0,122990000.0,122466000.0,122933000.0,15.35788324,golden,neutral,low,STABLE
2025-04-15 06:00:00,122891000.0,123095000.0,122592000.0,122919000.0,15.46677231,golden,neutral,low,STABLE
2025-04-15 07:00:00,122902000.0,122916000.0,122522000.0,122601000.0,24.88601627,golden,neutral,low,STABLE
2025-04-15 08:00:00,122601000.0,122927000.0,122571000.0,122694000.0,32.55794884,dead,neutral,normal,STABLE
2025-04-15 09:00:00,122694000.0,123159000.0,122528000.0,123024000.0,58.07799953,golden,neutral,normal,STABLE
2025-04-15 10:00:00,123143000.0,123339000.0,122708000.0,123161000.0,56.97193937,golden,neutral,normal,STABLE
2025-04-15 11:00:00,123188000.0,123500000.0,122800000.0,123484000.0,50.53964104,golden,neutral,normal,STABLE
2025-04-15 12:00:00,123484000.0,123499000.0,123175000.0,123451000.0,41.00511807,golden,neutral,normal,STABLE
2025-04-15 13:00:00,123448000.0,123560000.0,123200000.0,123558000.0,52.1118613,golden,neutral,normal,STABLE
2025-04-15 14:00:00,123560000.0,123999000.0,123553000.0,123727000.0,82.34884475,golden,neutral,normal,STABLE
2025-04-15 15:00:00,123727000.0,123885000.0,123463000.0,123700000.0,42.42421868,golden,neutral,normal,STABLE
2025-04-15 16:00:00,123700000.0,124101000.0,123650000.0,123965000.0,65.73903885,golden,neutral,normal,UP
2025-04-15 17:00:00,123966000.0,124496000.0,123965000.0,124441000.0,88.11626245,golden,neutral,normal,STABLE
2025-04-15 18:00:00,124450000.0,124640000.0,124106000.0,124604000.0,137.8876804,golden,neutral,high,DOWN
2025-04-15 19:00:00,124603000.0,124653000.0,123978000.0,124167000.0,83.43430176,golden,neutral,normal,STABLE
2025-04-15 20:00:00,124150000.0,124300000.0,123965000.0,124234000.0,48.3621468,golden,neutral,normal,STABLE
2025-04-15 21:00:00,124234000.0,124432000.0,124002000.0,124399000.0,64.91937717,golden,neutral,normal,STABLE
2025-04-15 22:00:00,124399000.0,125120000.0,124100000.0,124260000.0,186.44004497,golden,neutral,high,DOWN
2025-04-15 23:00:00,124260000.0,124749000.0,123296000.0,123711000.0,159.00407586,golden,neutral,high,STABLE
2025-04-16 00:00:00,123743000.0,124092000.0,123152000.0,123433000.0,61.15104455,golden,neutral,normal,STABLE
2025-04-16 01:00:00,123417000.0,123747000.0,123321000.0,123369000.0,13.0142844,golden,neutral,low,STABLE
2025-04-16 02:00:00,123329000.0,123590000.0,122950000.0,123000000.0,42.27720327,dead,neutral,normal,STABLE
2025-04-16 03:00:00,123000000.0,123158000.0,122700000.0,122771000.0,36.71228982,dead,neutral,normal,STABLE
2025-04-16 04:00:00,122771000.0,122852000.0,122465000.0,122548000.0,41.78693204,dead,neutral,normal,STABLE
2025-04-16 05:00:00,122501000.0,122931000.0,122400000.0,122676000.0,51.80370346,dead,neutral,normal,STABLE
2025-04-16 06:00:00,122662000.0,122985000.0,122504000.0,122926000.0,47.67973705,dead,neutral,normal,STABLE
2025-04-16 07:00:00,122926000.0,122980000.0,122330000.0,122595000.0,49.40882486,dead,neutral,normal,DOWN
2025-04-16 08:00:00,122527000.0,122595000.0,122116000.0,122158000.0,64.71649931,dead,neutral,normal,DOWN
2025-04-16 09:00:00,122154000.0,122200000.0,121348000.0,121356000.0,159.50120528,dead,oversold,high,UP
2025-04-16 10:00:00,121348000.0,121931000.0,121290000.0,121755000.0,66.2598478,dead,neutral,normal,UP
2025-04-16 11:00:00,121755000.0,122378000.0,121755000.0,122282000.0,64.36647255,dead,neutral,normal,DOWN
2025-04-16 12:00:00,122281000.0,122339000.0,121826000.0,121845000.0,34.8864358,dead,neutral,low,STABLE
2025-04-16 13:00:00,121831000.0,121970000.0,121566000.0,121808000.0,46.62614644,dead,neutral,normal,STABLE
2025-04-16 14:00:00,121800000.0,121980000.0,121439000.0,121670000.0,48.89321669,dead,neutral,normal,STABLE
2025-04-16 15:00:00,121670000.0,122209000.0,121510000.0,121929000.0,44.23640019,dead,neutral,normal,DOWN
2025-04-16 16:00:00,121929000.0,122104000.0,121520000.0,121520000.0,37.55963462,dead,neutral,normal,STABLE
2025-04-16 17:00:00,121523000.0,122327000.0,121200000.0,121756000.0,102.40513841,dead,neutral,normal,STABLE
2025-04-16 18:00:00,121813000.0,122158000.0,121677000.0,121739000.0,37.91806665,dead,neutral,normal,STABLE
2025-04-16 19:00:00,121739000.0,122094000.0,121668000.0,122016000.0,48.97481605,dead,neutral,normal,STABLE
2025-04-16 20:00:00,122016000.0,122222000.0,121820000.0,122132000.0,41.33310876,dead,neutral,normal,STABLE
2025-04-16 21:00:00,122132000.0,122480000.0,121780000.0,121859000.0,49.74160496,dead,neutral,normal,STABLE
2025-04-16 22:00:00,121859000.0,122241000.0,121535000.0,121781000.0,80.05704064,dead,neutral,normal,UP
2025-04-16 23:00:00,121776000.0,122943000.0,121732000.0,122649000.0,101.74538789,golden,neutral,normal,STABLE
2025-04-17 00:00:00,122649000.0,123400000.0,122501000.0,122811000.0,102.1001152,golden,neutral,normal,UP
2025-04-17 01:00:00,122811000.0,123350000.0,122768000.0,123217000.0,40.96613969,golden,neutral,normal,DOWN
2025-04-17 02:00:00,123220000.0,123570000.0,121226000.0,121267000.0,126.96050666,golden,neutral,normal,UP
2025-04-17 03:00:00,121226000.0,122603000.0,121224000.0,122066000.0,53.22075824,golden,neutral,normal,STABLE
2025-04-17 04:00:00,122067000.0,122450000.0,121647000.0,122206000.0,27.0357141,golden,neutral,low,STABLE
2025-04-17 05:00:00,122206000.0,122650000.0,122022000.0,122303000.0,21.41936657,golden,neutral,low,STABLE
2025-04-17 06:00:00,122303000.0,122785000.0,122230000.0,122510000.0,19.71608931,golden,neutral,low,STABLE
2025-04-17 07:00:00,122510000.0,122618000.0,122358000.0,122500000.0,34.40621317,golden,neutral,normal,DOWN
2025-04-17 08:00:00,122500000.0,122521000.0,121850000.0,121850000.0,44.87474858,golden,neutral,normal,STABLE
2025-04-17 09:00:00,121850000.0,122258000.0,121763000.0,122211000.0,61.33121807,golden,neutral,normal,STABLE
2025-04-17 10:00:00,122147000.0,122360000.0,122058000.0,122199000.0,29.70809212,golden,neutral,normal,STABLE
2025-04-17 11:00:00,122206000.0,122300000.0,121891000.0,122200000.0,32.24591798,golden,neutral,normal,DOWN
2025-04-17 12:00:00,122200000.0,122275000.0,121600000.0,121798000.0,47.52847119,dead,neutral,normal,STABLE
2025-04-17 13:00:00,121798000.0,121965000.0,121620000.0,121957000.0,19.62476515,dead,neutral,low,STABLE
2025-04-17 14:00:00,121957000.0,122300000.0,121817000.0,122114000.0,30.14971594,dead,neutral,normal,UP
2025-04-17 15:00:00,122132000.0,122560000.0,122001000.0,122528000.0,51.14753692,dead,neutral,normal,STABLE
2025-04-17 16:00:00,122527000.0,122760000.0,122202000.0,122310000.0,36.76835912,dead,neutral,normal,STABLE
2025-04-17 17:00:00,122422000.0,122495000.0,122100000.0,122149000.0,17.58923007,dead,neutral,low,STABLE
2025-04-17 18:00:00,122151000.0,122397000.0,122090000.0,122290000.0,16.4380012,golden,neutral,low,STABLE
2025-04-17 19:00:00,122290000.0,122290000.0,121854000.0,121957000.0,22.72587916,golden,neutral,normal,UP
2025-04-17 20:00:00,121999000.0,122454000.0,121916000.0,122369000.0,23.81899463,golden,neutral,normal,STABLE
2025-04-17 21:00:00,122371000.0,122700000.0,122319000.0,122452000.0,45.93254532,golden,neutral,normal,STABLE
2025-04-17 22:00:00,122452000.0,122573000.0,122000000.0,122239000.0,33.1880524,golden,neutral,normal,STABLE
2025-04-17 23:00:00,122239000.0,122239000.0,121502000.0,121879000.0,83.58384404,dead,neutral,high,UP
2025-04-18 00:00:00,121967000.0,122530000.0,121876000.0,122323000.0,55.97564079,golden,neutral,normal,STABLE
2025-04-18 01:00:00,122323000.0,122809000.0,122204000.0,122685000.0,37.34130204,golden,neutral,normal,STABLE
2025-04-18 02:00:00,122687000.0,122899000.0,122460000.0,122797000.0,19.82868621,golden,neutral,normal,STABLE
2025-04-18 03:00:00,122778000.0,123220000.0,122458000.0,122551000.0,48.95321689,golden,neutral,normal,STABLE
2025-04-18 04:00:00,122508000.0,122879000.0,122360000.0,122834000.0,14.60196821,golden,neutral,low,STABLE
2025-04-18 05:00:00,122874000.0,123177000.0,122750000.0,123070000.0,23.62971361,golden,neutral,normal,STABLE
2025-04-18 06:00:00,123070000.0,123076000.0,122700000.0,122955000.0,19.17685896,golden,neutral,normal,DOWN
2025-04-18 07:00:00,122959000.0,122960000.0,122550000.0,122572000.0,18.22344638,golden,neutral,normal,STABLE
2025-04-18 08:00:00,122572000.0,122800000.0,122539000.0,122700000.0,30.57004678,golden,neutral,normal,STABLE
2025-04-18 09:00:00,122669000.0,122916000.0,122377000.0,122450000.0,47.11682782,golden,neutral,normal,UP
2025-04-18 10:00:00,122450000.0,122916000.0,122428000.0,122863000.0,35.96385722,golden,neutral,normal,STABLE
2025-04-18 11:00:00,122868000.0,122906000.0,122749000.0,122826000.0,25.31293947,golden,neutral,normal,STABLE
2025-04-18 12:00:00,122826000.0,122826000.0,122629000.0,122758000.0,15.30206529,golden,neutral,low,STABLE
2025-04-18 13:00:00,122702000.0,122765000.0,122499000.0,122609000.0,28.38513579,golden,neutral,normal,STABLE
2025-04-18 14:00:00,122609000.0,122670000.0,122380000.0,122669000.0,28.1121655,golden,neutral,normal,STABLE
2025-04-18 15:00:00,122668000.0,122700000.0,122500000.0,122667000.0,15.13697797,golden,neutral,low,STABLE
2025-04-18 16:00:00,122667000.0,122695000.0,122300000.0,122511000.0,26.00513417,golden,neutral,normal,STABLE
2025-04-18 17:00:00,122511000.0,122725000.0,122510000.0,122553000.0,18.33559333,dead,neutral,normal,STABLE
2025-04-18 18:00:00,122596000.0,122596000.0,122468000.0,122505000.0,12.24241178,dead,neutral,low,STABLE
2025-04-18 19:00:00,122505000.0,122632000.0,122431000.0,122488000.0,16.19342915,dead,neutral,normal,STABLE
2025-04-18 20:00:00,122501000.0,122601000.0,122467000.0,122556000.0,11.47798038,dead,neutral,low,STABLE
2025-04-18 21:00:00,122596000.0,122684000.0,122514000.0,122555000.0,19.24651032,dead,neutral,normal,STABLE
2025-04-18 22:00:00,122558000.0,122641000.0,122500000.0,122639000.0,17.4951876,dead,neutral,normal,STABLE
2025-04-18 23:00:00,122639000.0,122639000.0,122358000.0,122473000.0,20.26860176,dead,neutral,normal,STABLE
2025-04-19 00:00:00,122497000.0,122500000.0,122290000.0,122299000.0,24.87859469,dead,neutral,normal,STABLE
2025-04-19 01:00:00,122299000.0,122507000.0,122255000.0,122390000.0,8.97084991,dead,neutral,low,STABLE
2025-04-19 02:00:00,122390000.0,122535000.0,122310000.0,122499000.0,4.74324396,dead,neutral,low,STABLE
2025-04-19 03:00:00,122493000.0,122535000.0,122385000.0,122525000.0,5.15301031,dead,neutral,low,STABLE
2025-04-19 04:00:00,122525000.0,122531000.0,122448000.0,122450000.0,6.32213473,dead,neutral,low,STABLE
2025-04-19 05:00:00,122464000.0,122535000.0,122365000.0,122375000.0,8.80718727,dead,neutral,normal,STABLE
2025-04-19 06:00:00,122380000.0,122579000.0,122368000.0,122552000.0,11.71825471,dead,neutral,normal,STABLE
2025-04-19 07:00:00,122552000.0,122576000.0,122359000.0,122402000.0,16.14344507,dead,neutral,normal,STABLE
2025-04-19 08:00:00,122400000.0,122416000.0,122256000.0,122288000.0,23.38133714,dead,neutral,normal,STABLE
2025-04-19 09:00:00,122288000.0,122524000.0,122110000.0,122370000.0,31.4783259,dead,neutral,normal,STABLE
2025-04-19 10:00:00,122494000.0,122540000.0,122314000.0,122445000.0,11.37044741,dead,neutral,normal,STABLE
2025-04-19 11:00:00,122449000.0,122700000.0,122374000.0,122620000.0,24.99252891,dead,neutral,normal,STABLE
2025-04-19 12:00:00,122620000.0,122858000.0,122577000.0,122680000.0,38.79678034,dead,neutral,high,STABLE
2025-04-19 13:00:00,122700000.0,123080000.0,122677000.0,122867000.0,53.58030341,golden,neutral,high,STABLE
2025-04-19 14:00:00,122867000.0,123101000.0,122789000.0,122968000.0,28.05681145,golden,neutral,normal,STABLE
2025-04-19 15:00:00,122968000.0,122998000.0,122791000.0,122825000.0,14.03134027,golden,neutral,normal,STABLE
2025-04-19 16:00:00,122825000.0,123072000.0,122750000.0,123014000.0,28.53996739,golden,neutral,normal,STABLE
2025-04-19 17:00:00,123014000.0,123274000.0,122891000.0,123168000.0,42.06449115,golden,neutral,normal,STABLE
2025-04-19 18:00:00,123193000.0,123343000.0,123140000.0,123298000.0,33.4678759,golden,neutral,normal,STABLE
2025-04-19 19:00:00,123319000.0,123319000.0,123002000.0,123038000.0,18.28531461,golden,neutral,normal,STABLE
2025-04-19 20:00:00,123088000.0,123120000.0,122970000.0,123026000.0,24.06190648,golden,neutral,normal,STABLE
2025-04-19 21:00:00,123026000.0,123120000.0,122907000.0,123040000.0,22.65813431,golden,neutral,normal,STABLE
2025-04-19 22:00:00,123040000.0,123300000.0,122895000.0,123292000.0,39.25006467,golden,neutral,normal,STABLE
2025-04-19 23:00:00,123291000.0,123318000.0,123134000.0,123257000.0,22.42893333,golden,neutral,normal,STABLE
2025-04-20 00:00:00,123166000.0,123500000.0,122931000.0,123018000.0,43.00189685,golden,neutral,normal,STABLE
2025-04-20 01:00:00,123018000.0,123178000.0,122571000.0,122810000.0,26.73439481,golden,neutral,normal,STABLE
2025-04-20 02:00:00,122751000.0,123100000.0,122746000.0,123079000.0,13.75290398,golden,neutral,low,STABLE
2025-04-20 03:00:00,123079000.0,123098000.0,122852000.0,122895000.0,11.59775451,golden,neutral,low,STABLE
2025-04-20 04:00:00,122857000.0,122930000.0,122700000.0,122726000.0,9.11275855,dead,neutral,low,STABLE
2025-04-20 05:00:00,122725000.0,123080000.0,122700000.0,122976000.0,8.57419466,dead,neutral,low,STABLE
2025-04-20 06:00:00,122976000.0,123150000.0,122853000.0,123064000.0,10.67468473,dead,neutral,low,STABLE
2025-04-20 07:00:00,123007000.0,123087000.0,122909000.0,123028000.0,11.64714051,dead,neutral,low,STABLE
2025-04-20 08:00:00,123001000.0,123032000.0,122720000.0,122720000.0,16.8011571,dead,neutral,normal,STABLE
2025-04-20 09:00:00,122720000.0,122913000.0,122677000.0,122900000.0,29.33564413,dead,neutral,normal,STABLE
2025-04-20 10:00:00,122862000.0,123100000.0,122807000.0,123026000.0,27.84670664,dead,neutral,normal,STABLE
2025-04-20 11:00:00,123008000.0,123135000.0,122990000.0,123109000.0,14.86238195,dead,neutral,normal,STABLE
2025-04-20 12:00:00,123109000.0,123135000.0,122862000.0,123048000.0,18.14860654,dead,neutral,normal,STABLE
2025-04-20 13:00:00,122968000.0,123100000.0,122968000.0,123011000.0,25.82438803,golden,neutral,normal,STABLE
2025-04-20 14:00:00,123011000.0,123131000.0,122912000.0,122993000.0,34.65687115,golden,neutral,normal,STABLE
2025-04-20 15:00:00,122953000.0,123070000.0,122721000.0,122827000.0,34.35055665,golden,neutral,normal,STABLE
2025-04-20 16:00:00,122827000.0,122933000.0,122520000.0,122665000.0,55.96155048,dead,neutral,high,STABLE
2025-04-20 17:00:00,122720000.0,122720000.0,122455000.0,122455000.0,38.60958298,dead,neutral,normal,STABLE
2025-04-20 18:00:00,122500000.0,122500000.0,122220000.0,122348000.0,42.93992401,dead,neutral,normal,DOWN
2025-04-20 19:00:00,122348000.0,122366000.0,121610000.0,121872000.0,110.92974596,dead,oversold,high,STABLE
2025-04-20 20:00:00,121870000.0,121992000.0,121571000.0,121690000.0,80.73231196,dead,oversold,high,STABLE
2025-04-20 21:00:00,121690000.0,122292000.0,121612000.0,122015000.0,55.12460428,dead,neutral,normal,STABLE
2025-04-20 22:00:00,122000000.0,122100000.0,121765000.0,122020000.0,36.72623572,dead,neutral,normal,STABLE
2025-04-20 23:00:00,122000000.0,122329000.0,121850000.0,122320000.0,36.16736246,dead,neutral,normal,STABLE
2025-04-21 00:00:00,122319000.0,122329000.0,121868000.0,122047000.0,32.16906182,dead,neutral,normal,STABLE
2025-04-21 01:00:00,122091000.0,122360000.0,121853000.0,122188000.0,18.00622384,dead,neutral,low,STABLE
2025-04-21 02:00:00,122303000.0,122324000.0,122046000.0,122185000.0,8.14126121,dead,neutral,low,STABLE
2025-04-21 03:00:00,122289000.0,122303000.0,122082000.0,122274000.0,7.1171078,dead,neutral,low,STABLE
2025-04-21 04:00:00,122274000.0,122274000.0,122079000.0,122132000.0,5.94125988,dead,neutral,low,UP
2025-04-21 05:00:00,122199000.0,122898000.0,122132000.0,122706000.0,26.62239185,dead,neutral,normal,STABLE
2025-04-21 06:00:00,122644000.0,122900000.0,122559000.0,122594000.0,23.77444799,dead,neutral,normal,STABLE
2025-04-21 07:00:00,122599000.0,122697000.0,122200000.0,122481000.0,32.09488162,golden,neutral,normal,STABLE
2025-04-21 08:00:00,122481000.0,122910000.0,122480000.0,122746000.0,34.98394983,golden,neutral,normal,UP
2025-04-21 09:00:00,122746000.0,125000000.0,122690000.0,124680000.0,374.88293812,golden,overbought,high,UP
2025-04-21 10:00:00,124630000.0,125580000.0,124605000.0,125416000.0,216.38709017,golden,overbought,high,STABLE
2025-04-21 11:00:00,125369000.0,125780000.0,125047000.0,125272000.0,141.27324992,golden,overbought,high,DOWN
2025-04-21 12:00:00,125357000.0,125619000.0,124833000.0,124872000.0,92.52606844,golden,overbought,normal,UP
2025-04-21 13:00:00,124837000.0,125270000.0,124800000.0,125270000.0,83.19562134,golden,overbought,normal,STABLE
2025-04-21 14:00:00,125239000.0,125650000.0,125157000.0,125491000.0,60.99449837,golden,overbought,normal,STABLE
2025-04-21 15:00:00,125491000.0,125626000.0,125082000.0,125400000.0,55.98364988,golden,overbought,normal,STABLE
2025-04-21 16:00:00,125368000.0,125450000.0,125089000.0,125219000.0,43.06519886,golden,neutral,normal,STABLE
2025-04-21 17:00:00,125160000.0,125605000.0,125143000.0,125501000.0,57.39268004,golden,overbought,normal,STABLE
2025-04-21 18:00:00,125501000.0,125650000.0,125001000.0,125411000.0,62.33317295,golden,neutral,normal,STABLE
2025-04-21 19:00:00,125410000.0,125500000.0,125001000.0,125207000.0,37.01205934,golden,neutral,normal,DOWN
2025-04-21 20:00:00,125205000.0,125207000.0,124400000.0,124671000.0,79.49853945,golden,neutral,normal,STABLE
2025-04-21 21:00:00,124671000.0,125372000.0,124662000.0,124887000.0,59.77129086,golden,neutral,normal,STABLE
2025-04-21 22:00:00,124859000.0,125545000.0,124600000.0,124968000.0,87.41662095,golden,neutral,normal,UP
2025-04-21 23:00:00,124970000.0,126660000.0,124901000.0,126332000.0,271.46413858,golden,overbought,high,STABLE
2025-04-22 00:00:00,126332000.0,126500000.0,126000000.0,126262000.0,77.04834332,golden,overbought,normal,DOWN
2025-04-22 01:00:00,126221000.0,126578000.0,125223000.0,125457000.0,84.88524647,golden,neutral,normal,DOWN
2025-04-22 02:00:00,125319000.0,125617000.0,124503000.0,124835000.0,104.47767197,golden,neutral,normal,STABLE
2025-04-22 03:00:00,124835000.0,125196000.0,124672000.0,124966000.0,27.8821896,golden,neutral,low,UP
2025-04-22 04:00:00,124966000.0,125680000.0,124872000.0,125665000.0,25.12529392,golden,neutral,low,STABLE
2025-04-22 05:00:00,125567000.0,125800000.0,125350000.0,125800000.0,14.3758808,dead,neutral,low,STABLE
2025-04-22 06:00:00,125710000.0,125860000.0,125250000.0,125672000.0,34.48802614,golden,neutral,low,STABLE
2025-04-22 07:00:00,125671000.0,125714000.0,125313000.0,125532000.0,33.6238746,golden,neutral,low,UP
2025-04-22 08:00:00,125528000.0,126299000.0,125478000.0,126237000.0,63.86577194,golden,neutral,normal,STABLE
2025-04-22 09:00:00,126200000.0,126350000.0,125550000.0,126300000.0,101.14760105,golden,neutral,normal,UP
2025-04-22 10:00:00,126300000.0,127850000.0,126042000.0,127505000.0,246.85156625,golden,overbought,high,STABLE
2025-04-22 11:00:00,127500000.0,127800000.0,126900000.0,127272000.0,109.20031805,golden,neutral,normal,STABLE
2025-04-22 12:00:00,127190000.0,127294000.0,126554000.0,127000000.0,67.4319569,golden,neutral,normal,STABLE
2025-04-22 13:00:00,127000000.0,127240000.0,126818000.0,127006000.0,57.84193057,golden,neutral,normal,STABLE
2025-04-22 14:00:00,126987000.0,127251000.0,126694000.0,127250000.0,138.21713213,golden,neutral,normal,STABLE
2025-04-22 15:00:00,127184000.0,127303000.0,126827000.0,127100000.0,49.90266777,golden,neutral,normal,STABLE
2025-04-22 16:00:00,127100000.0,127381000.0,127073000.0,127173000.0,51.45530806,golden,neutral,normal,STABLE
2025-04-22 17:00:00,127173000.0,127500000.0,127122000.0,127211000.0,57.92648387,golden,neutral,normal,STABLE
2025-04-22 18:00:00,127266000.0,127447000.0,127168000.0,127400000.0,43.42521614,golden,neutral,normal,STABLE
2025-04-22 19:00:00,127366000.0,127549000.0,127150000.0,127378000.0,60.24692645,golden,neutral,normal,STABLE
2025-04-22 20:00:00,127378000.0,127759000.0,127378000.0,127681000.0,60.19178765,golden,neutral,normal,UP
2025-04-22 21:00:00,127681000.0,128343000.0,127515000.0,128085000.0,133.13995983,golden,overbought,normal,UP
2025-04-22 22:00:00,128085000.0,129952000.0,128085000.0,129500000.0,426.59969321,golden,overbought,high,UP
2025-04-22 23:00:00,129500000.0,130255000.0,129300000.0,130107000.0,257.47783523,golden,overbought,high,STABLE
2025-04-23 00:00:00,130107000.0,131093000.0,129645000.0,130481000.0,335.94056325,golden,overbought,high,STABLE
2025-04-23 01:00:00,130422000.0,130631000.0,130092000.0,130127000.0,55.65616512,golden,overbought,low,UP
2025-04-23 02:00:00,130128000.0,131093000.0,130108000.0,131086000.0,87.07177439,golden,overbought,normal,STABLE
2025-04-23 03:00:00,131052000.0,131270000.0,130685000.0,131217000.0,60.67897131,golden,overbought,low,STABLE
2025-04-23 04:00:00,131155000.0,131482000.0,130619000.0,131210000.0,58.7732543,golden,overbought,low,DOWN
2025-04-23 05:00:00,131156000.0,131338000.0,130593000.0,130684000.0,40.66003892,golden,overbought,low,UP
2025-04-23 06:00:00,130613000.0,133535000.0,130532000.0,133159000.0,311.63541733,golden,overbought,high,STABLE
2025-04-23 07:00:00,133159000.0,133437000.0,132592000.0,132947000.0,205.38967195,golden,overbought,normal,UP
2025-04-23 08:00:00,132900000.0,134397000.0,132892000.0,133855000.0,270.38588671,golden,overbought,normal,DOWN
2025-04-23 09:00:00,133856000.0,134633000.0,132600000.0,132698000.0,396.27334776,golden,overbought,high,STABLE
2025-04-23 10:00:00,132698000.0,133856000.0,132636000.0,132770000.0,191.89550392,golden,overbought,normal,STABLE
2025-04-23 11:00:00,132770000.0,133485000.0,132754000.0,133000000.0,97.90938949,golden,overbought,normal,STABLE
2025-04-23 12:00:00,133000000.0,133363000.0,132605000.0,133330000.0,89.81217157,golden,overbought,normal,UP
2025-04-23 13:00:00,133330000.0,133850000.0,133082000.0,133733000.0,76.01928124,golden,overbought,low,STABLE
2025-04-23 14:00:00,133696000.0,133877000.0,133474000.0,133840000.0,76.1715557,golden,overbought,low,STABLE
2025-04-23 15:00:00,133840000.0,134300000.0,133820000.0,134178000.0,119.18839142,golden,overbought,normal,UP
2025-04-23 16:00:00,134150000.0,134892000.0,133888000.0,134820000.0,88.52091325,golden,overbought,normal,UP
2025-04-23 17:00:00,134813000.0,135413000.0,134688000.0,135275000.0,185.61806502,golden,overbought,normal,DOWN
2025-04-23 18:00:00,135263000.0,135413000.0,134571000.0,134645000.0,100.8155017,golden,overbought,normal,STABLE
2025-04-23 19:00:00,134644000.0,134645000.0,133621000.0,134261000.0,134.33732411,golden,neutral,normal,DOWN
2025-04-23 20:00:00,134200000.0,134383000.0,133600000.0,133757000.0,80.04801355,golden,neutral,normal,STABLE
2025-04-23 21:00:00,133757000.0,134350000.0,133757000.0,134152000.0,77.75320942,golden,neutral,normal,DOWN
2025-04-23 22:00:00,134152000.0,135305000.0,133099000.0,133214000.0,217.41915086,golden,neutral,normal,STABLE
2025-04-23 23:00:00,133212000.0,134099000.0,132806000.0,133063000.0,181.66287698,golden,neutral,normal,STABLE
2025-04-24 00:00:00,133062000.0,133538000.0,131570000.0,133436000.0,240.20180074,dead,neutral,normal,UP
2025-04-24 01:00:00,133380000.0,134300000.0,133012000.0,134101000.0,98.59802219,dead,neutral,normal,STABLE
2025-04-24 02:00:00,134101000.0,134585000.0,133913000.0,134396000.0,51.40772621,dead,neutral,low,STABLE
2025-04-24 03:00:00,134325000.0,134745000.0,133883000.0,134034000.0,32.41141379,dead,neutral,low,STABLE
2025-04-24 04:00:00,134003000.0,134261000.0,133405000.0,134162000.0,28.35277828,golden,neutral,low,STABLE
2025-04-24 05:00:00,134163000.0,134567000.0,134047000.0,134304000.0,32.35900383,golden,neutral,low,STABLE
2025-04-24 06:00:00,134304000.0,134495000.0,133853000.0,134119000.0,62.35956657,golden,neutral,normal,STABLE
2025-04-24 07:00:00,134144000.0,134360000.0,133752000.0,134355000.0,44.5583394,golden,neutral,low,STABLE
2025-04-24 08:00:00,134356000.0,134394000.0,134081000.0,134373000.0,37.25141995,golden,neutral,low,DOWN
2025-04-24 09:00:00,134373000.0,134400000.0,133600000.0,133708000.0,91.15783455,golden,neutral,normal,STABLE
2025-04-24 10:00:00,133708000.0,133957000.0,133291000.0,133824000.0,76.69972095,dead,neutral,normal,STABLE
2025-04-24 11:00:00,133826000.0,134095000.0,133489000.0,133500000.0,50.59222708,dead,neutral,normal,DOWN
2025-04-24 12:00:00,133500000.0,133789000.0,132511000.0,132600000.0,96.65093468,dead,neutral,normal,STABLE
2025-04-24 13:00:00,132614000.0,133000000.0,132300000.0,132800000.0,111.91660181,dead,neutral,normal,STABLE
2025-04-24 14:00:00,132800000.0,133021000.0,132460000.0,132667000.0,53.17352831,dead,neutral,normal,STABLE
2025-04-24 15:00:00,132667000.0,133122000.0,132500000.0,132739000.0,91.39712846,dead,neutral,normal,STABLE
2025-04-24 16:00:00,132731000.0,133011000.0,132550000.0,132685000.0,96.20251595,dead,neutral,normal,STABLE
2025-04-24 17:00:00,132685000.0,132848000.0,132028000.0,132486000.0,104.09307404,dead,neutral,normal,UP
2025-04-24 18:00:00,132486000.0,133245000.0,132441000.0,133245000.0,89.04778919,dead,neutral,normal,STABLE
2025-04-24 19:00:00,133244000.0,133510000.0,133124000.0,133349000.0,64.41097393,dead,neutral,normal,STABLE
2025-04-24 20:00:00,133365000.0,133474000.0,133000000.0,133424000.0,39.24543234,dead,neutral,normal,UP
2025-04-24 21:00:00,133425000.0,133850000.0,133170000.0,133825000.0,65.32166098,dead,neutral,normal,STABLE
2025-04-24 22:00:00,133752000.0,133900000.0,133468000.0,133751000.0,79.24750571,golden,neutral,normal,STABLE
2025-04-24 23:00:00,133752000.0,134386000.0,133600000.0,133967000.0,107.39204608,golden,neutral,normal,STABLE
2025-04-25 00:00:00,133967000.0,134326000.0,133790000.0,133840000.0,53.62371256,golden,neutral,normal,STABLE
2025-04-25 01:00:00,133840000.0,134243000.0,133830000.0,133902000.0,29.16193676,golden,neutral,low,STABLE
2025-04-25 02:00:00,133914000.0,134012000.0,133399000.0,133799000.0,31.1109533,golden,neutral,low,STABLE
2025-04-25 03:00:00,133799000.0,134200000.0,133799000.0,134184000.0,15.01742749,golden,neutral,low,STABLE
2025-04-25 04:00:00,134193000.0,134493000.0,133927000.0,134460000.0,27.00123921,golden,neutral,low,STABLE
2025-04-25 05:00:00,134470000.0,134498000.0,134025000.0,134176000.0,24.28621166,golden,neutral,low,STABLE
2025-04-25 06:00:00,134239000.0,134379000.0,133700000.0,134050000.0,32.55984441,golden,neutral,normal,STABLE
2025-04-25 07:00:00,134050000.0,134295000.0,133928000.0,133989000.0,52.88343696,golden,neutral,normal,UP
2025-04-25 08:00:00,133989000.0,134710000.0,133869000.0,134650000.0,123.91956775,golden,neutral,normal,STABLE
2025-04-25 09:00:00,134641000.0,134905000.0,134330000.0,134899000.0,95.6186301,golden,neutral,normal,STABLE
2025-04-25 10:00:00,134905000.0,135503000.0,134735000.0,134903000.0,128.94586434,golden,neutral,normal,DOWN
2025-04-25 11:00:00,134956000.0,135164000.0,133857000.0,133999000.0,106.04918254,golden,neutral,normal,UP
2025-04-25 12:00:00,133960000.0,134680000.0,133894000.0,134460000.0,57.92090883,golden,neutral,normal,STABLE
2025-04-25 13:00:00,134460000.0,134685000.0,134141000.0,134145000.0,51.18738071,golden,neutral,normal,STABLE
2025-04-25 14:00:00,134145000.0,134534000.0,134020000.0,134159000.0,46.02942419,golden,neutral,normal,UP
2025-04-25 15:00:00,134151000.0,134592000.0,134148000.0,134572000.0,47.11266275,golden,neutral,normal,STABLE
2025-04-25 16:00:00,134572000.0,135000000.0,134572000.0,134932000.0,81.53183361,golden,neutral,normal,STABLE
2025-04-25 17:00:00,134906000.0,135070000.0,134846000.0,134947000.0,61.08555432,golden,neutral,normal,STABLE
2025-04-25 18:00:00,134922000.0,135065000.0,134738000.0,135053000.0,44.68054009,golden,neutral,normal,STABLE
2025-04-25 19:00:00,135000000.0,135235000.0,134864000.0,134924000.0,59.5371731,golden,neutral,normal,UP
2025-04-25 20:00:00,134924000.0,136085000.0,134888000.0,136027000.0,134.99033054,golden,neutral,high,STABLE
2025-04-25 21:00:00,136027000.0,136664000.0,136000000.0,136295000.0,218.91059629,golden,overbought,high,STABLE
2025-04-25 22:00:00,136225000.0,136604000.0,135700000.0,136294000.0,111.08141929,golden,overbought,normal,UP
2025-04-25 23:00:00,136231000.0,137744000.0,136231000.0,137505000.0,282.0233199,golden,overbought,high,STABLE
2025-04-26 00:00:00,137448000.0,137869000.0,136900000.0,137255000.0,129.01067659,golden,overbought,normal,STABLE
2025-04-26 01:00:00,137255000.0,137600000.0,136900000.0,137389000.0,56.97122932,golden,overbought,normal,DOWN
2025-04-26 02:00:00,137389000.0,137726000.0,136500000.0,136668000.0,59.73596599,golden,neutral,normal,STABLE
2025-04-26 03:00:00,136668000.0,137327000.0,136668000.0,137039000.0,27.41970931,golden,neutral,low,STABLE
2025-04-26 04:00:00,137039000.0,137500000.0,136923000.0,137371000.0,32.79479939,golden,neutral,low,STABLE
2025-04-26 05:00:00,137371000.0,137401000.0,136800000.0,136995000.0,22.62033691,golden,neutral,low,STABLE
2025-04-26 06:00:00,136899000.0,137051000.0,136468000.0,136633000.0,43.04759576,golden,neutral,normal,STABLE
2025-04-26 07:00:00,136535000.0,137000000.0,136500000.0,136843000.0,29.46325,golden,neutral,low,DOWN
2025-04-26 08:00:00,136843000.0,137005000.0,136416000.0,136416000.0,66.85783991,golden,neutral,normal,STABLE
2025-04-26 09:00:00,136557000.0,136799000.0,136393000.0,136799000.0,62.06996073,golden,neutral,normal,STABLE
2025-04-26 10:00:00,136718000.0,137140000.0,136718000.0,136830000.0,49.84308154,golden,neutral,normal,STABLE
2025-04-26 11:00:00,136799000.0,137139000.0,136550000.0,137053000.0,42.18090451,golden,neutral,normal,STABLE
2025-04-26 12:00:00,137002000.0,137060000.0,136799000.0,136803000.0,27.88556488,golden,neutral,low,STABLE
2025-04-26 13:00:00,136811000.0,136944000.0,136500000.0,136502000.0,39.40515677,golden,neutral,normal,STABLE
2025-04-26 14:00:00,136501000.0,136642000.0,136300000.0,136584000.0,51.43500423,golden,neutral,normal,STABLE
2025-04-26 15:00:00,136521000.0,136635000.0,136337000.0,136428000.0,33.11090571,dead,neutral,low,STABLE
2025-04-26 16:00:00,136405000.0,136549000.0,136107000.0,136111000.0,55.95303666,dead,neutral,normal,STABLE
2025-04-26 17:00:00,136111000.0,136360000.0,135820000.0,135822000.0,100.26507711,dead,neutral,normal,STABLE
2025-04-26 18:00:00,135822000.0,136005000.0,135300000.0,135798000.0,92.37329675,dead,neutral,normal,STABLE
2025-04-26 19:00:00,135798000.0,136005000.0,135578000.0,135820000.0,36.53456321,dead,neutral,normal,STABLE
2025-04-26 20:00:00,135809000.0,135962000.0,135480000.0,135732000.0,39.49128241,dead,neutral,normal,STABLE
2025-04-26 21:00:00,135733000.0,136000000.0,135623000.0,135900000.0,33.91064595,dead,neutral,normal,STABLE
2025-04-26 22:00:00,135910000.0,135917000.0,135452000.0,135680000.0,41.0074435,dead,neutral,normal,STABLE
2025-04-26 23:00:00,135680000.0,135827000.0,135369000.0,135827000.0,31.4562611,dead,neutral,normal,STABLE
2025-04-27 00:00:00,135827000.0,136140000.0,135821000.0,136101000.0,29.22607137,dead,neutral,normal,STABLE
2025-04-27 01:00:00,136139000.0,136140000.0,135750000.0,136013000.0,14.56570424,dead,neutral,low,STABLE
2025-04-27 02:00:00,136048000.0,136138000.0,135899000.0,136096000.0,13.0439031,dead,neutral,low,STABLE
2025-04-27 03:00:00,136096000.0,136252000.0,135890000.0,135890000.0,13.0700035,dead,neutral,low,STABLE
2025-04-27 04:00:00,135890000.0,136132000.0,135808000.0,136010000.0,8.39991034,dead,neutral,low,STABLE
2025-04-27 05:00:00,136132000.0,136256000.0,135872000.0,135872000.0,7.22946334,dead,neutral,low,STABLE
2025-04-27 06:00:00,135921000.0,136098000.0,135873000.0,136037000.0,9.66064682,dead,neutral,low,UP
2025-04-27 07:00:00,136037000.0,136732000.0,136025000.0,136732000.0,41.61460457,golden,neutral,normal,STABLE
2025-04-27 08:00:00,136732000.0,136893000.0,136477000.0,136499000.0,35.13755549,golden,neutral,normal,UP
2025-04-27 09:00:00,136525000.0,136923000.0,136448000.0,136912000.0,51.00924369,golden,neutral,normal,DOWN
2025-04-27 10:00:00,136912000.0,137400000.0,136100000.0,136103000.0,122.82370558,golden,neutral,high,STABLE
2025-04-27 11:00:00,136103000.0,136660000.0,136100000.0,136450000.0,35.24738156,golden,neutral,normal,STABLE
2025-04-27 12:00:00,136401000.0,136584000.0,136269000.0,136299000.0,20.12686111,golden,neutral,normal,STABLE
2025-04-27 13:00:00,136299000.0,136478000.0,136100000.0,136120000.0,23.15447559,golden,neutral,normal,STABLE
2025-04-27 14:00:00,136103000.0,136313000.0,135650000.0,135970000.0,54.68190351,golden,neutral,normal,STABLE
2025-04-27 15:00:00,135970000.0,136114000.0,135818000.0,135963000.0,19.33847827,golden,neutral,normal,STABLE
2025-04-27 16:00:00,135963000.0,136278000.0,135950000.0,136201000.0,20.21445428,dead,neutral,normal,STABLE
2025-04-27 17:00:00,136201000.0,136349000.0,136060000.0,136318000.0,26.24449063,dead,neutral,normal,STABLE
2025-04-27 18:00:00,136304000.0,136322000.0,136160000.0,136243000.0,18.94355506,dead,neutral,normal,STABLE
2025-04-27 19:00:00,136243000.0,136318000.0,135987000.0,136017000.0,24.07946194,dead,neutral,normal,STABLE
2025-04-27 20:00:00,136016000.0,136102000.0,135867000.0,135925000.0,24.57054966,dead,neutral,normal,STABLE
2025-04-27 21:00:00,135925000.0,136009000.0,135461000.0,135520000.0,79.83913504,dead,neutral,high,STABLE
2025-04-27 22:00:00,135519000.0,135894000.0,135385000.0,135838000.0,63.47233985,dead,neutral,normal,STABLE
2025-04-27 23:00:00,135835000.0,135985000.0,135528000.0,135604000.0,28.09755716,dead,neutral,normal,STABLE
2025-04-28 00:00:00,135604000.0,135727000.0,135430000.0,135622000.0,21.35238927,dead,neutral,normal,STABLE
2025-04-28 01:00:00,135624000.0,135624000.0,135406000.0,135506000.0,14.01456877,dead,neutral,low,STABLE
2025-04-28 02:00:00,135456000.0,135862000.0,135431000.0,135776000.0,8.44068605,dead,neutral,low,STABLE
2025-04-28 03:00:00,135825000.0,136104000.0,135611000.0,136048000.0,14.70104214,dead,neutral,low,STABLE
2025-04-28 04:00:00,136048000.0,136115000.0,135861000.0,136115000.0,10.85743691,dead,neutral,low,STABLE
2025-04-28 05:00:00,135997000.0,136115000.0,135800000.0,135899000.0,14.91977191,dead,neutral,low,STABLE
2025-04-28 06:00:00,135851000.0,136205000.0,135800000.0,135966000.0,28.57957447,dead,neutral,normal,DOWN
2025-04-28 07:00:00,135973000.0,135973000.0,135170000.0,135499000.0,55.68284198,dead,neutral,normal,STABLE
2025-04-28 08:00:00,135497000.0,135499000.0,135150000.0,135150000.0,46.7785007,dead,neutral,normal,DOWN
2025-04-28 09:00:00,135160000.0,135170000.0,134500000.0,134551000.0,128.52330773,dead,neutral,high,DOWN
2025-04-28 10:00:00,134551000.0,134807000.0,133720000.0,134013000.0,149.5916265,dead,oversold,high,UP
2025-04-28 11:00:00,134005000.0,135191000.0,133898000.0,135189000.0,69.75476856,dead,neutral,normal,STABLE
2025-04-28 12:00:00,135189000.0,135473000.0,134906000.0,135323000.0,50.46997246,dead,neutral,normal,STABLE
2025-04-28 13:00:00,135323000.0,135775000.0,135311000.0,135560000.0,45.22131698,dead,neutral,normal,STABLE
2025-04-28 14:00:00,135558000.0,135775000.0,135380000.0,135775000.0,42.39979266,dead,neutral,normal,STABLE
2025-04-28 15:00:00,135731000.0,136322000.0,135718000.0,136177000.0,75.71453199,golden,neutral,normal,STABLE
2025-04-28 16:00:00,136300000.0,136600000.0,136149000.0,136296000.0,72.71451318,golden,neutral,normal,STABLE
2025-04-28 17:00:00,136231000.0,136467000.0,136175000.0,136249000.0,59.91785233,golden,neutral,normal,STABLE
2025-04-28 18:00:00,136249000.0,136589000.0,136220000.0,136465000.0,36.93562216,golden,neutral,normal,UP
2025-04-28 19:00:00,136465000.0,137188000.0,136000000.0,136901000.0,127.21084743,golden,neutral,high,STABLE
2025-04-28 20:00:00,136899000.0,137500000.0,136817000.0,137120000.0,120.51600063,golden,neutral,high,STABLE
2025-04-28 21:00:00,137119000.0,137558000.0,136800000.0,137337000.0,98.75539495,golden,neutral,normal,DOWN
2025-04-28 22:00:00,137286000.0,137489000.0,135831000.0,135846000.0,159.48631468,golden,neutral,high,STABLE
2025-04-28 23:00:00,135831000.0,136871000.0,135706000.0,136052000.0,104.87952396,golden,neutral,normal,DOWN
2025-04-29 00:00:00,136026000.0,136171000.0,135216000.0,135599000.0,90.36066181,golden,neutral,normal,STABLE
2025-04-29 01:00:00,135469000.0,135768000.0,135141000.0,135303000.0,32.73728282,golden,neutral,low,UP
2025-04-29 02:00:00,135291000.0,136021000.0,135209000.0,136021000.0,19.12872307,dead,neutral,low,STABLE
2025-04-29 03:00:00,135915000.0,136021000.0,135441000.0,136020000.0,12.55193709,dead,neutral,low,UP
2025-04-29 04:00:00,136000000.0,136697000.0,135966000.0,136522000.0,28.42754801,dead,neutral,low,STABLE
2025-04-29 05:00:00,136442000.0,136523000.0,136100000.0,136209000.0,16.7275828,golden,neutral,low,STABLE
2025-04-29 06:00:00,136200000.0,136400000.0,136007000.0,136396000.0,18.12912767,golden,neutral,low,STABLE
2025-04-29 07:00:00,136397000.0,136814000.0,136210000.0,136630000.0,46.64041724,golden,neutral,normal,STABLE
2025-04-29 08:00:00,136628000.0,137100000.0,136615000.0,136816000.0,90.36240739,golden,neutral,normal,STABLE
2025-04-29 09:00:00,136820000.0,137203000.0,136800000.0,137121000.0,75.78387101,golden,neutral,normal,STABLE
2025-04-29 10:00:00,137057000.0,137498000.0,136620000.0,136852000.0,89.42005085,golden,neutral,normal,STABLE
2025-04-29 11:00:00,136852000.0,137031000.0,136502000.0,136588000.0,65.82918724,golden,neutral,normal,STABLE
2025-04-29 12:00:00,136588000.0,136753000.0,136356000.0,136586000.0,39.78908927,golden,neutral,normal,STABLE
2025-04-29 13:00:00,136586000.0,136897000.0,136209000.0,136250000.0,49.97977221,golden,neutral,normal,STABLE
2025-04-29 14:00:00,136251000.0,136428000.0,136116000.0,136243000.0,48.84242817,golden,neutral,normal,UP
2025-04-29 15:00:00,136242000.0,136730000.0,136242000.0,136720000.0,34.02593014,golden,neutral,normal,STABLE
2025-04-29 16:00:00,136720000.0,136940000.0,136527000.0,136831000.0,37.37732907,golden,neutral,normal,STABLE
2025-04-29 17:00:00,136831000.0,136861000.0,136500000.0,136737000.0,28.39997486,golden,neutral,normal,STABLE
2025-04-29 18:00:00,136736000.0,136900000.0,136383000.0,136850000.0,38.00951669,golden,neutral,normal,STABLE
2025-04-29 19:00:00,136884000.0,136950000.0,136602000.0,136667000.0,27.48286586,golden,neutral,normal,STABLE
2025-04-29 20:00:00,136605000.0,137186000.0,136602000.0,136972000.0,70.79870014,golden,neutral,normal,STABLE
2025-04-29 21:00:00,137000000.0,137105000.0,136650000.0,136664000.0,64.4310613,golden,neutral,normal,STABLE
2025-04-29 22:00:00,136666000.0,137000000.0,136442000.0,136873000.0,71.82085032,golden,neutral,normal,STABLE
2025-04-29 23:00:00,136873000.0,137171000.0,136498000.0,136990000.0,67.79622277,golden,neutral,normal,STABLE
2025-04-30 00:00:00,136989000.0,137058000.0,136697000.0,136785000.0,34.33690566,golden,neutral,normal,STABLE
2025-04-30 01:00:00,136785000.0,137326000.0,136699000.0,136776000.0,46.37047646,golden,neutral,normal,STABLE
2025-04-30 02:00:00,136763000.0,137233000.0,136534000.0,137123000.0,30.97837494,golden,neutral,normal,STABLE
2025-04-30 03:00:00,137160000.0,137280000.0,136822000.0,137261000.0,21.37033566,golden,neutral,low,STABLE
2025-04-30 04:00:00,137157000.0,137280000.0,137045000.0,137209000.0,16.73536772,golden,neutral,low,STABLE
2025-04-30 05:00:00,137073000.0,137253000.0,136770000.0,136843000.0,20.997687,golden,neutral,low,STABLE
2025-04-30 06:00:00,136843000.0,136993000.0,136300000.0,136780000.0,55.35771111,golden,neutral,normal,DOWN
2025-04-30 07:00:00,136780000.0,136780000.0,136000000.0,136230000.0,102.09597633,golden,neutral,high,STABLE
2025-04-30 08:00:00,136230000.0,136377000.0,135700000.0,136310000.0,115.52052984,dead,neutral,high,STABLE
2025-04-30 09:00:00,136310000.0,136631000.0,136040000.0,136390000.0,55.86410491,dead,neutral,normal,STABLE
2025-04-30 10:00:00,136377000.0,136550000.0,136000000.0,136216000.0,39.13652121,dead,neutral,normal,STABLE
2025-04-30 11:00:00,136215000.0,136500000.0,136124000.0,136271000.0,33.29829485,dead,neutral,normal,UP
2025-04-30 12:00:00,136355000.0,136767000.0,136228000.0,136699000.0,40.02511862,dead,neutral,normal,STABLE
2025-04-30 13:00:00,136699000.0,136873000.0,136435000.0,136665000.0,40.51853634,dead,neutral,normal,STABLE
2025-04-30 14:00:00,136665000.0,136800000.0,136350000.0,136410000.0,35.00219049,dead,neutral,normal,STABLE
2025-04-30 15:00:00,136410000.0,136440000.0,136224000.0,136237000.0,30.87711679,dead,neutral,normal,STABLE
2025-04-30 16:00:00,136237000.0,136447000.0,136015000.0,136202000.0,28.99061403,dead,neutral,normal,STABLE
2025-04-30 17:00:00,136202000.0,136405000.0,136151000.0,136223000.0,33.21787093,dead,neutral,normal,STABLE
2025-04-30 18:00:00,136293000.0,136608000.0,136223000.0,136564000.0,27.9765074,dead,neutral,normal,STABLE
2025-04-30 19:00:00,136564000.0,136591000.0,136335000.0,136357000.0,28.66761046,dead,neutral,normal,STABLE
2025-04-30 20:00:00,136357000.0,136775000.0,136357000.0,136726000.0,28.47805509,dead,neutral,normal,DOWN
2025-04-30 21:00:00,136727000.0,136727000.0,135897000.0,136191000.0,107.18818642,dead,neutral,high,DOWN
2025-04-30 22:00:00,136177000.0,136281000.0,134171000.0,134270000.0,269.59515507,dead,oversold,high,UP
2025-04-30 23:00:00,134270000.0,136066000.0,134138000.0,135272000.0,180.86451856,dead,neutral,high,UP
2025-05-01 00:00:00,135348000.0,135900000.0,135264000.0,135748000.0,47.93090775,dead,neutral,normal,STABLE
2025-05-01 01:00:00,135762000.0,136000000.0,135223000.0,135725000.0,22.46387949,dead,neutral,low,STABLE
2025-05-01 02:00:00,135725000.0,136100000.0,135476000.0,135916000.0,13.43570526,dead,neutral,low,STABLE
2025-05-01 03:00:00,135935000.0,136297000.0,135699000.0,135791000.0,14.06720823,dead,neutral,low,STABLE
2025-05-01 04:00:00,135791000.0,136063000.0,135444000.0,135953000.0,21.19037553,dead,neutral,low,UP
2025-05-01 05:00:00,135953000.0,136540000.0,135953000.0,136395000.0,35.51290752,dead,neutral,normal,STABLE
2025-05-01 06:00:00,136419000.0,136558000.0,136210000.0,136217000.0,24.31187136,dead,neutral,low,STABLE
2025-05-01 07:00:00,136259000.0,136582000.0,135880000.0,135913000.0,31.4837751,dead,neutral,normal,STABLE
2025-05-01 08:00:00,135913000.0,136260000.0,135792000.0,136050000.0,31.62137585,golden,neutral,normal,STABLE
2025-05-01 09:00:00,136148000.0,136291000.0,136002000.0,136162000.0,28.14190684,golden,neutral,normal,STABLE
2025-05-01 10:00:00,136163000.0,136580000.0,136158000.0,136476000.0,45.98219936,golden,neutral,normal,STABLE
2025-05-01 11:00:00,136476000.0,136800000.0,136408000.0,136712000.0,56.28385701,golden,neutral,normal,STABLE
2025-05-01 12:00:00,136712000.0,136943000.0,136625000.0,136639000.0,48.77454556,golden,neutral,normal,STABLE
2025-05-01 13:00:00,136639000.0,136775000.0,136614000.0,136774000.0,22.69908276,golden,neutral,low,STABLE
2025-05-01 14:00:00,136757000.0,137116000.0,136699000.0,137116000.0,52.79924386,golden,neutral,normal,STABLE
2025-05-01 15:00:00,137116000.0,137176000.0,136781000.0,136829000.0,42.81098076,golden,neutral,normal,STABLE
2025-05-01 16:00:00,136836000.0,137013000.0,136725000.0,136998000.0,22.48112147,golden,neutral,low,STABLE
2025-05-01 17:00:00,136960000.0,137100000.0,136874000.0,137095000.0,28.1598992,golden,neutral,normal,UP
2025-05-01 18:00:00,137080000.0,137955000.0,137080000.0,137600000.0,137.2022111,golden,neutral,high,UP
2025-05-01 19:00:00,137595000.0,138743000.0,137555000.0,138400000.0,209.64737435,golden,overbought,high,STABLE
2025-05-01 20:00:00,138399000.0,138500000.0,137877000.0,138385000.0,90.92903326,golden,overbought,normal,STABLE
2025-05-01 21:00:00,138385000.0,138753000.0,138343000.0,138723000.0,78.71157985,golden,overbought,normal,DOWN
2025-05-01 22:00:00,138723000.0,139170000.0,138044000.0,138046000.0,183.14290633,golden,neutral,high,UP
2025-05-01 23:00:00,138046000.0,139352000.0,138036000.0,139352000.0,108.06154788,golden,overbought,normal,STABLE
2025-05-02 00:00:00,139346000.0,140000000.0,139346000.0,139545000.0,186.48611004,golden,overbought,high,STABLE
2025-05-02 01:00:00,139543000.0,140037000.0,139530000.0,139700000.0,93.41237605,golden,overbought,normal,STABLE
2025-05-02 02:00:00,139650000.0,140000000.0,139191000.0,139386000.0,36.89786193,golden,neutral,low,STABLE
2025-05-02 03:00:00,139386000.0,139700000.0,139087000.0,139621000.0,26.3886184,golden,overbought,low,DOWN
2025-05-02 04:00:00,139475000.0,139621000.0,138932000.0,138964000.0,26.82122501,golden,neutral,low,STABLE
2025-05-02 05:00:00,138983000.0,139491000.0,138818000.0,138900000.0,37.7620888,golden,neutral,low,STABLE
2025-05-02 06:00:00,138898000.0,139424000.0,138877000.0,139049000.0,42.53013966,golden,neutral,normal,STABLE
2025-05-02 07:00:00,139049000.0,139299000.0,138949000.0,138952000.0,42.71950339,golden,neutral,normal,STABLE
2025-05-02 08:00:00,138950000.0,139252000.0,138670000.0,139145000.0,61.12723207,golden,neutral,normal,UP
2025-05-02 09:00:00,139145000.0,140286000.0,139111000.0,140277000.0,141.33433512,golden,overbought,normal,STABLE
2025-05-02 10:00:00,140264000.0,140516000.0,139885000.0,140251000.0,133.22998398,golden,overbought,normal,STABLE
2025-05-02 11:00:00,140251000.0,140258000.0,139893000.0,140020000.0,46.35086331,golden,neutral,normal,STABLE
2025-05-02 12:00:00,140020000.0,140200000.0,139881000.0,139881000.0,67.83089578,golden,neutral,normal,DOWN
2025-05-02 13:00:00,139881000.0,140013000.0,139199000.0,139440000.0,79.24802269,golden,neutral,normal,DOWN
2025-05-02 14:00:00,139439000.0,139600000.0,139003000.0,139018000.0,72.35161871,golden,neutral,normal,DOWN
2025-05-02 15:00:00,139018000.0,139197000.0,138105000.0,138388000.0,137.73712869,golden,neutral,normal,DOWN
2025-05-02 16:00:00,138388000.0,138413000.0,137889000.0,137893000.0,79.77526699,dead,neutral,normal,UP
2025-05-02 17:00:00,137891000.0,138739000.0,137888000.0,138469000.0,66.7907426,dead,neutral,normal,DOWN
2025-05-02 18:00:00,138468000.0,138750000.0,137799000.0,137901000.0,75.51960605,dead,neutral,normal,STABLE
2025-05-02 19:00:00,137889000.0,138315000.0,137888000.0,138306000.0,33.64343491,dead,neutral,low,STABLE
2025-05-02 20:00:00,138302000.0,138500000.0,138150000.0,138221000.0,28.19074551,dead,neutral,low,STABLE
2025-05-02 21:00:00,138221000.0,138651000.0,138003000.0,138529000.0,43.24836084,dead,neutral,normal,DOWN
2025-05-02 22:00:00,138529000.0,138606000.0,137800000.0,137805000.0,72.74126633,dead,neutral,normal,UP
2025-05-02 23:00:00,137805000.0,139302000.0,137800000.0,139264000.0,76.71099056,dead,neutral,normal,DOWN
2025-05-03 00:00:00,139265000.0,139281000.0,138204000.0,138781000.0,54.70997191,dead,neutral,normal,STABLE
2025-05-03 01:00:00,138802000.0,139131000.0,138670000.0,138670000.0,36.56176203,dead,neutral,normal,STABLE
2025-05-03 02:00:00,138668000.0,138981000.0,138433000.0,138891000.0,16.38172837,dead,neutral,low,STABLE
2025-05-03 03:00:00,138891000.0,139114000.0,138592000.0,138592000.0,16.65955041,dead,neutral,low,STABLE
2025-05-03 04:00:00,138595000.0,138851000.0,138430000.0,138717000.0,14.09740983,dead,neutral,low,STABLE
2025-05-03 05:00:00,138594000.0,138908000.0,138480000.0,138708000.0,12.41043937,dead,neutral,low,STABLE
2025-05-03 06:00:00,138708000.0,138802000.0,138290000.0,138500000.0,20.29666669,dead,neutral,low,STABLE
2025-05-03 07:00:00,138523000.0,138558000.0,138289000.0,138350000.0,24.56185097,dead,neutral,low,STABLE
2025-05-03 08:00:00,138350000.0,138650000.0,138325000.0,138636000.0,18.08918533,golden,neutral,low,DOWN
2025-05-03 09:00:00,138640000.0,138750000.0,138025000.0,138127000.0,42.93672717,dead,neutral,normal,DOWN
2025-05-03 10:00:00,138127000.0,138207000.0,137585000.0,137650000.0,74.21777114,dead,neutral,normal,STABLE
2025-05-03 11:00:00,137650000.0,137957000.0,137612000.0,137665000.0,36.98791817,dead,neutral,normal,STABLE
2025-05-03 12:00:00,137665000.0,137797000.0,137490000.0,137490000.0,45.17076666,dead,neutral,normal,STABLE
2025-05-03 13:00:00,137502000.0,137882000.0,137450000.0,137865000.0,25.9229286,dead,neutral,normal,STABLE
2025-05-03 14:00:00,137852000.0,138022000.0,137687000.0,137687000.0,24.31863416,dead,neutral,normal,STABLE
2025-05-03 15:00:00,137691000.0,137770000.0,137490000.0,137520000.0,17.98337954,dead,neutral,normal,STABLE
2025-05-03 16:00:00,137520000.0,137781000.0,137496000.0,137750000.0,17.70234532,dead,neutral,normal,STABLE
2025-05-03 17:00:00,137749000.0,137901000.0,137496000.0,137739000.0,14.84854104,dead,neutral,low,STABLE
2025-05-03 18:00:00,137740000.0,137871000.0,137626000.0,137811000.0,11.71527863,dead,neutral,low,STABLE
2025-05-03 19:00:00,137811000.0,137811000.0,137361000.0,137402000.0,53.16689347,dead,neutral,normal,STABLE
2025-05-03 20:00:00,137402000.0,137600000.0,137328000.0,137380000.0,34.27172335,dead,neutral,normal,STABLE
2025-05-03 21:00:00,137380000.0,137696000.0,137153000.0,137661000.0,37.88203389,dead,neutral,normal,STABLE
2025-05-03 22:00:00,137661000.0,137912000.0,137599000.0,137912000.0,37.47033482,dead,neutral,normal,STABLE
2025-05-03 23:00:00,137912000.0,138046000.0,137816000.0,137902000.0,25.83559322,dead,neutral,normal,STABLE
2025-05-04 00:00:00,137906000.0,138114000.0,137876000.0,137889000.0,27.24623291,dead,neutral,normal,STABLE
2025-05-04 01:00:00,137920000.0,137951000.0,137606000.0,137748000.0,10.97617715,dead,neutral,low,STABLE
2025-05-04 02:00:00,137700000.0,138000000.0,137517000.0,137999000.0,16.37334155,golden,neutral,normal,STABLE
2025-05-04 03:00:00,137999000.0,138000000.0,137753000.0,137845000.0,5.5863983,golden,neutral,low,STABLE
2025-05-04 04:00:00,137845000.0,138081000.0,137751000.0,138057000.0,4.73146873,golden,neutral,low,STABLE
2025-05-04 05:00:00,138001000.0,138111000.0,137758000.0,137813000.0,7.79551959,golden,neutral,low,STABLE
2025-05-04 06:00:00,137900000.0,138120000.0,137823000.0,138033000.0,12.73048786,golden,neutral,normal,STABLE
2025-05-04 07:00:00,138033000.0,138124000.0,138002000.0,138068000.0,10.22068341,golden,neutral,low,DOWN
2025-05-04 08:00:00,138068000.0,138120000.0,137510000.0,137560000.0,28.506823,golden,neutral,normal,STABLE
2025-05-04 09:00:00,137598000.0,137871000.0,137386000.0,137649000.0,43.52535903,golden,neutral,normal,STABLE
2025-05-04 10:00:00,137649000.0,137977000.0,137250000.0,137793000.0,43.39936952,golden,neutral,normal,STABLE
2025-05-04 11:00:00,137793000.0,138082000.0,137370000.0,137588000.0,30.13001137,dead,neutral,normal,STABLE
2025-05-04 12:00:00,137588000.0,137629000.0,137309000.0,137400000.0,22.30639701,dead,neutral,normal,STABLE
2025-05-04 13:00:00,137429000.0,137747000.0,137382000.0,137550000.0,12.96035793,dead,neutral,normal,STABLE
2025-05-04 14:00:00,137550000.0,137815000.0,137508000.0,137712000.0,15.7172906,dead,neutral,normal,STABLE
2025-05-04 15:00:00,137712000.0,137743000.0,137557000.0,137560000.0,11.99627812,dead,neutral,normal,STABLE
2025-05-04 16:00:00,137561000.0,137700000.0,137541000.0,137549000.0,12.46125599,dead,neutral,normal,STABLE
2025-05-04 17:00:00,137546000.0,137587000.0,137057000.0,137418000.0,42.86463013,dead,neutral,high,STABLE
2025-05-04 18:00:00,137420000.0,137420000.0,137100000.0,137170000.0,26.47136166,dead,neutral,normal,STABLE
2025-05-04 19:00:00,137182000.0,137248000.0,137000000.0,137101000.0,36.79302171,dead,neutral,normal,STABLE
2025-05-04 20:00:00,137101000.0,137236000.0,137050000.0,137060000.0,18.45450993,dead,neutral,normal,STABLE
2025-05-04 21:00:00,137060000.0,137312000.0,137000000.0,137201000.0,27.94904362,dead,neutral,normal,STABLE
2025-05-04 22:00:00,137251000.0,137343000.0,136888000.0,136988000.0,42.6343897,dead,neutral,normal,STABLE
2025-05-04 23:00:00,136987000.0,137310000.0,136953000.0,137270000.0,15.80350665,dead,neutral,normal,STABLE
2025-05-05 00:00:00,137286000.0,137343000.0,137000000.0,137012000.0,12.95131773,dead,neutral,normal,STABLE
2025-05-05 01:00:00,137040000.0,137061000.0,136861000.0,136871000.0,15.35776235,dead,neutral,normal,STABLE
2025-05-05 02:00:00,136900000.0,137151000.0,136871000.0,137082000.0,7.36010115,dead,neutral,low,STABLE
2025-05-05 03:00:00,137082000.0,137149000.0,137010000.0,137081000.0,3.44366889,dead,neutral,low,STABLE
2025-05-05 04:00:00,137129000.0,137302000.0,137011000.0,137186000.0,8.36904336,dead,neutral,low,STABLE
2025-05-05 05:00:00,137157000.0,137392000.0,137125000.0,137331000.0,13.51183995,dead,neutral,normal,STABLE
2025-05-05 06:00:00,137331000.0,137500000.0,137270000.0,137481000.0,9.43627005,dead,neutral,low,DOWN
2025-05-05 07:00:00,137481000.0,137481000.0,136388000.0,136660000.0,70.39239187,dead,neutral,high,DOWN
2025-05-05 08:00:00,136659000.0,136660000.0,135582000.0,135652000.0,133.28865202,dead,oversold,high,UP
2025-05-05 09:00:00,135677000.0,136392000.0,135600000.0,136094000.0,76.76091653,dead,neutral,high,DOWN
2025-05-05 10:00:00,136094000.0,136094000.0,134432000.0,134432000.0,205.02140938,dead,oversold,high,STABLE
2025-05-05 11:00:00,134432000.0,135010000.0,133943000.0,134651000.0,131.75058025,dead,oversold,high,STABLE
2025-05-05 12:00:00,134651000.0,134859000.0,134313000.0,134458000.0,46.64582024,dead,oversold,normal,STABLE
2025-05-05 13:00:00,134500000.0,134867000.0,134410000.0,134613000.0,37.39916975,dead,oversold,normal,STABLE
2025-05-05 14:00:00,134613000.0,134800000.0,134354000.0,134797000.0,31.28760084,dead,neutral,normal,STABLE
2025-05-05 15:00:00,134797000.0,134919000.0,134501000.0,134734000.0,34.65806392,dead,neutral,normal,STABLE
2025-05-05 16:00:00,134734000.0,134822000.0,134500000.0,134818000.0,28.01363897,dead,neutral,normal,STABLE
2025-05-05 17:00:00,134818000.0,134917000.0,134572000.0,134679000.0,29.75717735,dead,neutral,normal,STABLE
2025-05-05 18:00:00,134679000.0,134972000.0,134270000.0,134291000.0,49.36179909,dead,oversold,normal,DOWN
2025-05-05 19:00:00,134306000.0,134389000.0,133076000.0,133261000.0,164.8232459,dead,oversold,high,STABLE
2025-05-05 20:00:00,133260000.0,133571000.0,132900000.0,133244000.0,120.03249351,dead,oversold,normal,UP
2025-05-05 21:00:00,133244000.0,133750000.0,133123000.0,133669000.0,65.32250776,dead,oversold,normal,STABLE
2025-05-05 22:00:00,133669000.0,133829000.0,133142000.0,133829000.0,63.1117225,dead,neutral,normal,STABLE
2025-05-05 23:00:00,133829000.0,134300000.0,133354000.0,133655000.0,67.52451011,dead,neutral,normal,STABLE
2025-05-06 00:00:00,133754000.0,133800000.0,133370000.0,133610000.0,36.20721593,dead,neutral,normal,UP
2025-05-06 01:00:00,133623000.0,134379000.0,133610000.0,134245000.0,24.58277501,dead,neutral,low,STABLE
2025-05-06 02:00:00,134245000.0,134710000.0,134030000.0,134449000.0,16.29482838,dead,neutral,low,STABLE
2025-05-06 03:00:00,134448000.0,134920000.0,134375000.0,134683000.0,23.88916994,dead,neutral,low,STABLE
2025-05-06 04:00:00,134688000.0,134882000.0,134184000.0,134304000.0,12.37642212,dead,neutral,low,STABLE
2025-05-06 05:00:00,134205000.0,134377000.0,133912000.0,134373000.0,22.516116,golden,neutral,low,UP
2025-05-06 06:00:00,134367000.0,134997000.0,134367000.0,134931000.0,27.1689622,golden,neutral,normal,STABLE
2025-05-06 07:00:00,134925000.0,135560000.0,134820000.0,135300000.0,38.30750784,golden,neutral,normal,DOWN
2025-05-06 08:00:00,135285000.0,135490000.0,134888000.0,134890000.0,28.71468855,golden,neutral,normal,STABLE
2025-05-06 09:00:00,134890000.0,135220000.0,134759000.0,134966000.0,45.61358311,golden,neutral,normal,STABLE
2025-05-06 10:00:00,134966000.0,135603000.0,134811000.0,134812000.0,49.22470304,golden,neutral,normal,STABLE
2025-05-06 11:00:00,134812000.0,134888000.0,134400000.0,134836000.0,49.45550298,golden,neutral,normal,STABLE
2025-05-06 12:00:00,134823000.0,134945000.0,134634000.0,134661000.0,26.62593508,golden,neutral,normal,STABLE
2025-05-06 13:00:00,134797000.0,134810000.0,134367000.0,134510000.0,22.35698867,golden,neutral,low,STABLE
2025-05-06 14:00:00,134508000.0,134557000.0,134195000.0,134523000.0,20.24099606,golden,neutral,low,STABLE
2025-05-06 15:00:00,134523000.0,134801000.0,134523000.0,134778000.0,17.9656446,golden,neutral,low,STABLE
2025-05-06 16:00:00,134778000.0,135000000.0,134732000.0,134904000.0,29.40076183,golden,neutral,normal,STABLE
2025-05-06 17:00:00,134904000.0,134965000.0,134181000.0,134650000.0,48.45699133,golden,neutral,normal,STABLE
2025-05-06 18:00:00,134650000.0,134682000.0,134300000.0,134440000.0,21.08576489,golden,neutral,normal,DOWN
2025-05-06 19:00:00,134440000.0,134490000.0,133702000.0,133971000.0,52.24879718,dead,neutral,normal,STABLE
2025-05-06 20:00:00,133964000.0,134044000.0,133518000.0,133617000.0,60.77717899,dead,neutral,normal,STABLE
2025-05-06 21:00:00,133617000.0,134000000.0,133561000.0,133799000.0,60.96173191,dead,neutral,normal,DOWN
2025-05-06 22:00:00,133799000.0,133817000.0,133061000.0,133155000.0,97.85317972,dead,neutral,high,UP
2025-05-06 23:00:00,133248000.0,134339000.0,133139000.0,133892000.0,68.55543965,dead,neutral,normal,UP
2025-05-07 00:00:00,133892000.0,134730000.0,133844000.0,134518000.0,43.10123553,dead,neutral,normal,DOWN
2025-05-07 01:00:00,134518000.0,134908000.0,134050000.0,134050000.0,34.72405686,dead,neutral,normal,STABLE
2025-05-07 02:00:00,134050000.0,134626000.0,134008000.0,134266000.0,20.23159471,dead,neutral,low,UP
2025-05-07 03:00:00,134266000.0,134850000.0,134264000.0,134849000.0,7.67554059,dead,neutral,low,STABLE
2025-05-07 04:00:00,134849000.0,135039000.0,134623000.0,134780000.0,17.51381771,golden,neutral,low,STABLE
2025-05-07 05:00:00,134780000.0,134946000.0,134368000.0,134539000.0,17.00894402,golden,neutral,low,STABLE
2025-05-07 06:00:00,134539000.0,134594000.0,134164000.0,134227000.0,14.06525078,golden,neutral,low,UP
2025-05-07 07:00:00,134227000.0,136552000.0,134227000.0,136552000.0,140.85495993,golden,neutral,high,UP
2025-05-07 08:00:00,136535000.0,137800000.0,136400000.0,137400000.0,187.0022913,golden,overbought,high,UP
2025-05-07 09:00:00,137351000.0,138131000.0,137216000.0,137968000.0,183.35586123,golden,overbought,high,STABLE
2025-05-07 10:00:00,137968000.0,138282000.0,137592000.0,137650000.0,111.98428094,golden,neutral,normal,DOWN
2025-05-07 11:00:00,137649000.0,137655000.0,136700000.0,136956000.0,134.01048654,golden,neutral,normal,STABLE
2025-05-07 12:00:00,136956000.0,136969000.0,136300000.0,136915000.0,72.30349427,golden,neutral,normal,STABLE
2025-05-07 13:00:00,136860000.0,137250000.0,136668000.0,137121000.0,47.22967493,golden,neutral,normal,STABLE
2025-05-07 14:00:00,137121000.0,137221000.0,136800000.0,136868000.0,37.806613,golden,neutral,normal,STABLE
2025-05-07 15:00:00,136827000.0,137260000.0,136807000.0,136977000.0,38.80504693,golden,neutral,normal,STABLE
2025-05-07 16:00:00,136978000.0,137268000.0,136907000.0,137268000.0,27.03928552,golden,neutral,low,STABLE
2025-05-07 17:00:00,137261000.0,137548000.0,137256000.0,137363000.0,43.37186618,golden,neutral,normal,STABLE
2025-05-07 18:00:00,137363000.0,137520000.0,137100000.0,137335000.0,24.47684754,golden,neutral,low,STABLE
2025-05-07 19:00:00,137335000.0,137600000.0,137131000.0,137500000.0,36.30948938,golden,neutral,normal,STABLE
2025-05-07 20:00:00,137500000.0,137556000.0,137302000.0,137425000.0,29.08783582,golden,neutral,low,STABLE
2025-05-07 21:00:00,137424000.0,137637000.0,137177000.0,137377000.0,45.67963843,golden,neutral,normal,STABLE
2025-05-07 22:00:00,137370000.0,137610000.0,136825000.0,137286000.0,72.2098214,golden,neutral,normal,STABLE
2025-05-07 23:00:00,137286000.0,137950000.0,137200000.0,137393000.0,67.43966159,golden,neutral,normal,STABLE
2025-05-08 00:00:00,137394000.0,137878000.0,137186000.0,137580000.0,25.18904913,golden,neutral,low,STABLE
2025-05-08 01:00:00,137500000.0,137607000.0,137096000.0,137546000.0,19.49733795,golden,neutral,low,DOWN
2025-05-08 02:00:00,137495000.0,137591000.0,136708000.0,136821000.0,21.64676155,golden,neutral,low,STABLE
2025-05-08 03:00:00,136800000.0,137452000.0,136300000.0,136967000.0,48.99946485,dead,neutral,normal,STABLE
2025-05-08 04:00:00,136961000.0,137248000.0,136050000.0,136766000.0,42.76869985,dead,neutral,normal,UP
2025-05-08 05:00:00,136766000.0,137440000.0,136600000.0,137440000.0,20.52777996,dead,neutral,low,STABLE
2025-05-08 06:00:00,137429000.0,138050000.0,137305000.0,137828000.0,63.83553683,dead,neutral,normal,STABLE
2025-05-08 07:00:00,137817000.0,138026000.0,137700000.0,138026000.0,45.0000092,golden,neutral,normal,STABLE
2025-05-08 08:00:00,138021000.0,138201000.0,137660000.0,137660000.0,43.82872043,golden,neutral,normal,UP
2025-05-08 09:00:00,137680000.0,138500000.0,137402000.0,138493000.0,101.35040091,golden,neutral,high,STABLE
2025-05-08 10:00:00,138493000.0,139118000.0,138267000.0,138599000.0,167.98933395,golden,neutral,high,UP
2025-05-08 11:00:00,138599000.0,139613000.0,138481000.0,139372000.0,133.26681449,golden,overbought,high,STABLE
2025-05-08 12:00:00,139372000.0,139779000.0,139301000.0,139700000.0,104.14988413,golden,overbought,normal,STABLE
2025-05-08 13:00:00,139700000.0,139988000.0,139400000.0,139437000.0,137.99609793,golden,neutral,high,STABLE
2025-05-08 14:00:00,139446000.0,139714000.0,139000000.0,139053000.0,79.92648407,golden,neutral,normal,UP
2025-05-08 15:00:00,139053000.0,139584000.0,139025000.0,139550000.0,42.17333454,golden,neutral,normal,UP
2025-05-08 16:00:00,139586000.0,140055000.0,139550000.0,139971000.0,146.0568298,golden,overbought,high,STABLE
2025-05-08 17:00:00,139980000.0,140500000.0,139950000.0,140364000.0,132.33113898,golden,overbought,normal,STABLE
2025-05-08 18:00:00,140364000.0,140742000.0,140358000.0,140717000.0,92.68150373,golden,overbought,normal,STABLE
2025-05-08 19:00:00,140718000.0,141115000.0,140699000.0,140953000.0,156.35361871,golden,overbought,normal,DOWN
2025-05-08 20:00:00,140945000.0,140953000.0,139986000.0,140184000.0,131.20653531,golden,neutral,normal,STABLE
2025-05-08 21:00:00,140184000.0,140275000.0,139521000.0,139787000.0,114.98813294,golden,neutral,normal,STABLE
2025-05-08 22:00:00,139787000.0,140300000.0,139540000.0,139832000.0,87.87478161,golden,neutral,normal,STABLE
2025-05-08 23:00:00,139832000.0,140418000.0,139600000.0,139750000.0,99.47216328,golden,neutral,normal,UP
2025-05-09 00:00:00,139750000.0,142409000.0,139669000.0,141801000.0,369.41623895,golden,overbought,high,UP
2025-05-09 01:00:00,141797000.0,142708000.0,141702000.0,142499000.0,134.32035225,golden,overbought,normal,STABLE
2025-05-09 02:00:00,142500000.0,143000000.0,141908000.0,142243000.0,96.01036365,golden,overbought,normal,UP
2025-05-09 03:00:00,142260000.0,142939000.0,142243000.0,142719000.0,40.27129115,golden,overbought,low,STABLE
2025-05-09 04:00:00,142737000.0,142750000.0,142261000.0,142550000.0,51.43625293,golden,overbought,low,UP
2025-05-09 05:00:00,142550000.0,144066000.0,142473000.0,143999000.0,152.8446837,golden,overbought,normal,STABLE
2025-05-09 06:00:00,143999000.0,145000000.0,143391000.0,143997000.0,317.35293148,golden,overbought,high,UP
2025-05-09 07:00:00,143914000.0,144784000.0,143506000.0,144452000.0,148.40614139,golden,overbought,normal,STABLE
2025-05-09 08:00:00,144499000.0,144805000.0,144210000.0,144780000.0,117.02539599,golden,overbought,normal,STABLE
2025-05-09 09:00:00,144688000.0,144800000.0,144000000.0,144445000.0,238.71334258,golden,overbought,normal,UP
2025-05-09 10:00:00,144445000.0,145350000.0,144232000.0,145289000.0,129.7130303,golden,overbought,normal,DOWN
2025-05-09 11:00:00,145289000.0,145337000.0,144656000.0,144674000.0,101.56069149,golden,overbought,normal,DOWN
2025-05-09 12:00:00,144656000.0,144674000.0,143915000.0,144024000.0,101.36102856,golden,neutral,normal,STABLE
2025-05-09 13:00:00,144024000.0,144392000.0,143957000.0,144290000.0,66.57005485,golden,neutral,low,STABLE
2025-05-09 14:00:00,144290000.0,144404000.0,144005000.0,144400000.0,42.13284794,golden,neutral,low,STABLE
2025-05-09 15:00:00,144392000.0,144849000.0,144392000.0,144813000.0,75.2526299,golden,neutral,normal,UP
2025-05-09 16:00:00,144813000.0,146200000.0,144803000.0,145494000.0,224.44237124,golden,overbought,normal,DOWN
2025-05-09 17:00:00,145474000.0,145660000.0,143734000.0,144178000.0,285.17998212,golden,neutral,normal,STABLE
2025-05-09 18:00:00,144076000.0,144600000.0,143500000.0,144299000.0,130.48906904,golden,neutral,normal,STABLE
2025-05-09 19:00:00,144299000.0,144748000.0,144230000.0,144459000.0,82.27780153,golden,neutral,normal,STABLE
2025-05-09 20:00:00,144456000.0,144460000.0,143800000.0,144041000.0,93.07375474,golden,neutral,normal,STABLE
2025-05-09 21:00:00,144030000.0,144308000.0,143826000.0,143996000.0,68.28696729,golden,neutral,normal,UP
2025-05-09 22:00:00,143996000.0,144999000.0,143923000.0,144760000.0,102.79085479,golden,neutral,normal,STABLE
2025-05-09 23:00:00,144760000.0,144779000.0,143800000.0,144526000.0,104.10397057,dead,neutral,normal,STABLE
2025-05-10 00:00:00,144526000.0,144670000.0,144001000.0,144278000.0,53.61131125,dead,neutral,low,STABLE
2025-05-10 01:00:00,144244000.0,144347000.0,143800000.0,143896000.0,30.06034859,dead,neutral,low,UP
2025-05-10 02:00:00,143869000.0,144442000.0,143805000.0,144379000.0,18.9220391,dead,neutral,low,STABLE
2025-05-10 03:00:00,144318000.0,144496000.0,144083000.0,144264000.0,8.86231246,dead,neutral,low,STABLE
2025-05-10 04:00:00,144335000.0,144500000.0,144000000.0,144441000.0,13.20905121,dead,neutral,low,STABLE
2025-05-10 05:00:00,144378000.0,144628000.0,144279000.0,144297000.0,12.30076559,dead,neutral,low,STABLE
2025-05-10 06:00:00,144316000.0,144316000.0,143917000.0,144079000.0,28.59781589,dead,neutral,low,STABLE
2025-05-10 07:00:00,144079000.0,144200000.0,143861000.0,143861000.0,26.64295035,dead,neutral,low,STABLE
2025-05-10 08:00:00,143862000.0,143887000.0,143720000.0,143720000.0,41.96068739,dead,neutral,normal,STABLE
2025-05-10 09:00:00,143726000.0,144100000.0,143712000.0,143750000.0,65.46789848,dead,neutral,normal,STABLE
2025-05-10 10:00:00,143739000.0,144118000.0,143646000.0,144048000.0,43.30658764,dead,neutral,normal,STABLE
2025-05-10 11:00:00,144048000.0,144350000.0,144044000.0,144163000.0,30.28444799,dead,neutral,low,STABLE
2025-05-10 12:00:00,144163000.0,144195000.0,143940000.0,144195000.0,19.74099945,dead,neutral,low,STABLE
2025-05-10 13:00:00,144195000.0,144200000.0,144000000.0,144076000.0,19.3945351,dead,neutral,low,STABLE
2025-05-10 14:00:00,144080000.0,144430000.0,144061000.0,144369000.0,40.23367722,dead,neutral,normal,UP
2025-05-10 15:00:00,144369000.0,145000000.0,144268000.0,145000000.0,71.14544133,golden,neutral,normal,STABLE
2025-05-10 16:00:00,144990000.0,145315000.0,144610000.0,144790000.0,85.16684834,golden,neutral,normal,STABLE
2025-05-10 17:00:00,144790000.0,145100000.0,144556000.0,144720000.0,82.70648201,golden,neutral,normal,STABLE
2025-05-10 18:00:00,144720000.0,144955000.0,144450000.0,144796000.0,50.36038942,golden,neutral,normal,STABLE
2025-05-10 19:00:00,144796000.0,144850000.0,144558000.0,144559000.0,29.90049848,golden,neutral,normal,STABLE
2025-05-10 20:00:00,144559000.0,144630000.0,144286000.0,144318000.0,43.44172738,golden,neutral,normal,STABLE
2025-05-10 21:00:00,144313000.0,144632000.0,144285000.0,144609000.0,36.07942162,golden,neutral,normal,STABLE
2025-05-10 22:00:00,144603000.0,144786000.0,144510000.0,144572000.0,38.905026,golden,neutral,normal,STABLE
2025-05-10 23:00:00,144589000.0,144639000.0,144278000.0,144388000.0,40.71402386,golden,neutral,normal,STABLE
2025-05-11 00:00:00,144388000.0,144388000.0,144022000.0,144022000.0,42.5083172,golden,neutral,normal,STABLE
2025-05-11 01:00:00,144022000.0,144367000.0,144000000.0,144081000.0,40.99187285,golden,neutral,normal,DOWN
2025-05-11 02:00:00,144117000.0,144221000.0,143563000.0,143563000.0,85.51651674,dead,neutral,normal,STABLE
2025-05-11 03:00:00,143579000.0,143937000.0,143500000.0,143795000.0,29.74346558,dead,neutral,normal,STABLE
2025-05-11 04:00:00,143795000.0,143911000.0,143567000.0,143829000.0,16.11200882,dead,neutral,low,STABLE
2025-05-11 05:00:00,143829000.0,143900000.0,143607000.0,143661000.0,18.07590567,dead,neutral,low,UP
2025-05-11 06:00:00,143661000.0,144227000.0,143602000.0,144174000.0,49.4193238,dead,neutral,normal,STABLE
2025-05-11 07:00:00,144174000.0,144174000.0,143883000.0,143970000.0,56.45958328,dead,neutral,normal,UP
2025-05-11 08:00:00,143970000.0,145219000.0,143883000.0,144964000.0,208.19698374,dead,neutral,high,STABLE
2025-05-11 09:00:00,144982000.0,145186000.0,144211000.0,144758000.0,152.91315044,dead,neutral,high,STABLE
2025-05-11 10:00:00,144763000.0,144860000.0,144310000.0,144532000.0,66.99310207,golden,neutral,normal,STABLE
2025-05-11 11:00:00,144532000.0,144765000.0,144037000.0,144394000.0,53.5838619,golden,neutral,normal,STABLE
2025-05-11 12:00:00,144394000.0,144766000.0,144290000.0,144600000.0,37.13364657,golden,neutral,normal,STABLE
2025-05-11 13:00:00,144600000.0,145040000.0,144535000.0,144800000.0,49.4252787,golden,neutral,normal,STABLE
2025-05-11 14:00:00,144800000.0,144944000.0,144654000.0,144764000.0,22.32601483,golden,neutral,low,STABLE
2025-05-11 15:00:00,144764000.0,144800000.0,144497000.0,144724000.0,34.46719534,golden,neutral,normal,DOWN
2025-05-11 16:00:00,144724000.0,144725000.0,144126000.0,144153000.0,59.71774315,golden,neutral,normal,UP
2025-05-11 17:00:00,144160000.0,144944000.0,144152000.0,144902000.0,75.5354793,golden,neutral,normal,UP
2025-05-11 18:00:00,144901000.0,145700000.0,144845000.0,145526000.0,134.36014347,golden,neutral,high,STABLE
2025-05-11 19:00:00,145526000.0,146000000.0,145330000.0,145930000.0,97.4266185,golden,neutral,normal,STABLE
2025-05-11 20:00:00,145930000.0,146100000.0,145800000.0,145999000.0,84.88833665,golden,neutral,normal,STABLE
2025-05-11 21:00:00,145997000.0,146495000.0,145854000.0,146168000.0,105.57580457,golden,neutral,normal,DOWN
2025-05-11 22:00:00,146166000.0,146168000.0,145408000.0,145440000.0,94.6944165,golden,neutral,normal,STABLE
2025-05-11 23:00:00,145438000.0,145898000.0,145200000.0,145676000.0,63.09159352,golden,neutral,normal,STABLE
2025-05-12 00:00:00,145676000.0,146302000.0,145500000.0,145800000.0,52.50133566,golden,neutral,normal,STABLE
2025-05-12 01:00:00,145800000.0,145914000.0,145372000.0,145511000.0,26.67986343,golden,neutral,low,STABLE
2025-05-12 02:00:00,145511000.0,145556000.0,145160000.0,145365000.0,17.50871785,golden,neutral,low,STABLE
2025-05-12 03:00:00,145266000.0,146070000.0,145018000.0,145676000.0,22.48426573,golden,neutral,low,STABLE
2025-05-12 04:00:00,145676000.0,145900000.0,145516000.0,145607000.0,13.95874501,golden,neutral,low,STABLE
2025-05-12 05:00:00,145608000.0,145727000.0,145301000.0,145485000.0,14.34111218,golden,neutral,low,STABLE
2025-05-12 06:00:00,145486000.0,145728000.0,145193000.0,145700000.0,29.59416841,golden,neutral,normal,DOWN
2025-05-12 07:00:00,145682000.0,145970000.0,145035000.0,145187000.0,61.19732837,golden,neutral,normal,STABLE
2025-05-12 08:00:00,145187000.0,145555000.0,145155000.0,145510000.0,37.37720995,golden,neutral,normal,STABLE
2025-05-12 09:00:00,145510000.0,145932000.0,145348000.0,145928000.0,63.36844388,golden,neutral,normal,STABLE
2025-05-12 10:00:00,145900000.0,146471000.0,145400000.0,145747000.0,131.60202845,golden,neutral,high,STABLE
2025-05-12 11:00:00,145747000.0,145987000.0,145305000.0,145350000.0,68.05105297,golden,neutral,normal,STABLE
2025-05-12 12:00:00,145320000.0,145682000.0,145273000.0,145680000.0,47.83274365,golden,neutral,normal,STABLE
2025-05-12 13:00:00,145680000.0,145693000.0,145350000.0,145502000.0,43.37204748,golden,neutral,normal,STABLE
2025-05-12 14:00:00,145502000.0,145650000.0,145392000.0,145525000.0,35.96545865,dead,neutral,normal,UP
2025-05-12 15:00:00,145501000.0,145998000.0,145482000.0,145993000.0,45.19290357,dead,neutral,normal,UP
2025-05-12 16:00:00,145964000.0,147300000.0,145962000.0,146649000.0,421.71425082,golden,neutral,high,STABLE
2025-05-12 17:00:00,146649000.0,147081000.0,146423000.0,146919000.0,119.94371889,golden,neutral,normal,STABLE
2025-05-12 18:00:00,146908000.0,146928000.0,146527000.0,146705000.0,81.99538367,golden,neutral,normal,STABLE
2025-05-12 19:00:00,146705000.0,146823000.0,146430000.0,146744000.0,58.94305674,golden,neutral,normal,DOWN
2025-05-12 20:00:00,146744000.0,146848000.0,146058000.0,146111000.0,113.13077931,golden,neutral,normal,STABLE
2025-05-12 21:00:00,146121000.0,146350000.0,145700000.0,145700000.0,172.04477057,golden,neutral,high,STABLE
2025-05-12 22:00:00,145700000.0,146186000.0,145273000.0,145859000.0,248.77319858,golden,neutral,high,DOWN
2025-05-12 23:00:00,145858000.0,145982000.0,144200000.0,144329000.0,277.3935081,dead,neutral,high,STABLE
2025-05-13 00:00:00,144350000.0,144888000.0,144000000.0,144001000.0,123.46144573,dead,neutral,normal,STABLE
2025-05-13 01:00:00,144017000.0,144629000.0,144000000.0,144320000.0,57.05898047,dead,neutral,normal,STABLE
2025-05-13 02:00:00,144321000.0,144594000.0,144112000.0,144150000.0,35.8306208,dead,neutral,low,DOWN
2025-05-13 03:00:00,144150000.0,144386000.0,142532000.0,143600000.0,231.68661942,dead,neutral,normal,STABLE
2025-05-13 04:00:00,143600000.0,144275000.0,143344000.0,143733000.0,66.76039916,dead,neutral,normal,UP
2025-05-13 05:00:00,143706000.0,145057000.0,143600000.0,144850000.0,48.32561982,dead,neutral,low,STABLE
2025-05-13 06:00:00,144850000.0,144933000.0,144502000.0,144729000.0,37.40625803,dead,neutral,low,STABLE
2025-05-13 07:00:00,144716000.0,145039000.0,144539000.0,145009000.0,46.50702854,dead,neutral,low,STABLE
2025-05-13 08:00:00,145009000.0,145628000.0,144860000.0,144875000.0,66.93570097,dead,neutral,normal,DOWN
2025-05-13 09:00:00,144875000.0,145000000.0,143500000.0,143837000.0,134.05075389,dead,neutral,normal,STABLE
2025-05-13 10:00:00,143837000.0,144620000.0,143754000.0,144178000.0,95.43346837,dead,neutral,normal,STABLE
2025-05-13 11:00:00,144178000.0,144479000.0,143500000.0,143976000.0,98.18242787,dead,neutral,normal,STABLE
2025-05-13 12:00:00,143830000.0,144133000.0,143509000.0,143902000.0,57.73163033,dead,neutral,normal,UP
2025-05-13 13:00:00,143960000.0,145146000.0,143789000.0,145144000.0,90.19313963,dead,neutral,normal,STABLE
2025-05-13 14:00:00,145145000.0,145146000.0,144513000.0,144768000.0,48.2333184,dead,neutral,low,STABLE
2025-05-13 15:00:00,144768000.0,144999000.0,144599000.0,144807000.0,23.76785962,dead,neutral,low,UP
2025-05-13 16:00:00,144830000.0,145439000.0,144795000.0,145272000.0,46.77071764,golden,neutral,low,STABLE
2025-05-13 17:00:00,145203000.0,145569000.0,145101000.0,145305000.0,44.89882585,golden,neutral,low,UP
2025-05-13 18:00:00,145322000.0,146299000.0,145300000.0,146298000.0,90.00305263,golden,neutral,normal,STABLE
2025-05-13 19:00:00,146280000.0,146351000.0,145820000.0,146168000.0,65.31384609,golden,neutral,normal,STABLE
2025-05-13 20:00:00,146168000.0,146602000.0,146001000.0,146382000.0,82.78864858,golden,neutral,normal,STABLE
2025-05-13 21:00:00,146381000.0,146559000.0,146018000.0,146298000.0,107.38224182,golden,neutral,normal,STABLE
2025-05-13 22:00:00,146298000.0,146463000.0,146001000.0,146300000.0,80.53704352,golden,neutral,normal,DOWN
2025-05-13 23:00:00,146367000.0,146392000.0,145091000.0,145528000.0,108.11943905,golden,neutral,normal,UP
2025-05-14 00:00:00,145527000.0,146411000.0,145525000.0,146118000.0,59.62911794,golden,neutral,normal,STABLE
2025-05-14 01:00:00,146118000.0,146597000.0,145873000.0,145883000.0,57.57832849,golden,neutral,normal,STABLE
2025-05-14 02:00:00,145885000.0,146374000.0,145791000.0,146260000.0,23.6678772,golden,neutral,low,STABLE
2025-05-14 03:00:00,146260000.0,146435000.0,146040000.0,146336000.0,17.89451002,golden,neutral,low,STABLE
2025-05-14 04:00:00,146285000.0,146639000.0,146053000.0,146602000.0,56.39768582,golden,neutral,normal,STABLE
2025-05-14 05:00:00,146600000.0,146644000.0,146144000.0,146300000.0,47.4700337,golden,neutral,normal,STABLE
2025-05-14 06:00:00,146299000.0,146418000.0,146000000.0,146176000.0,39.54635969,golden,neutral,normal,STABLE
2025-05-14 07:00:00,146175000.0,146275000.0,146000000.0,146001000.0,49.11422962,golden,neutral,normal,STABLE
2025-05-14 08:00:00,146002000.0,146066000.0,145734000.0,145880000.0,67.37514895,golden,neutral,normal,STABLE
2025-05-14 09:00:00,145965000.0,146110000.0,145767000.0,145972000.0,67.8114868,golden,neutral,normal,STABLE
2025-05-14 10:00:00,145970000.0,146121000.0,145890000.0,145894000.0,64.34812063,dead,neutral,normal,STABLE
2025-05-14 11:00:00,145893000.0,146012000.0,145526000.0,145902000.0,48.6548238,dead,neutral,normal,STABLE
2025-05-14 12:00:00,145902000.0,146008000.0,145784000.0,145802000.0,28.36953368,dead,neutral,low,STABLE
2025-05-14 13:00:00,145830000.0,146121000.0,145700000.0,146067000.0,42.22950778,dead,neutral,normal,STABLE
2025-05-14 14:00:00,146089000.0,146250000.0,145976000.0,146053000.0,39.53643584,dead,neutral,normal,STABLE
2025-05-14 15:00:00,146072000.0,146105000.0,145800000.0,145950000.0,36.9413571,dead,neutral,normal,STABLE
2025-05-14 16:00:00,145953000.0,146053000.0,145710000.0,145979000.0,34.14314593,dead,neutral,normal,DOWN
2025-05-14 17:00:00,145899000.0,146091000.0,144750000.0,144750000.0,124.04963048,dead,neutral,high,STABLE
2025-05-14 18:00:00,144750000.0,144784000.0,144249000.0,144744000.0,136.08221364,dead,neutral,high,UP
2025-05-14 19:00:00,144725000.0,145500000.0,144689000.0,145272000.0,50.57460858,dead,neutral,normal,STABLE
2025-05-14 20:00:00,145329000.0,145882000.0,145272000.0,145641000.0,43.58015349,dead,neutral,normal,STABLE
2025-05-14 21:00:00,145641000.0,145963000.0,145626000.0,145849000.0,41.30340701,dead,neutral,normal,STABLE
2025-05-14 22:00:00,145849000.0,146430000.0,145533000.0,146048000.0,106.90049898,dead,neutral,normal,DOWN
2025-05-14 23:00:00,146049000.0,146049000.0,144858000.0,145301000.0,65.80407603,dead,neutral,normal,STABLE
2025-05-15 00:00:00,145302000.0,145600000.0,144819000.0,145594000.0,37.63101615,dead,neutral,normal,STABLE
2025-05-15 01:00:00,145594000.0,145738000.0,145370000.0,145580000.0,16.02392338,dead,neutral,low,STABLE
2025-05-15 02:00:00,145580000.0,145717000.0,144798000.0,145575000.0,24.97963613,dead,neutral,low,STABLE
2025-05-15 03:00:00,145597000.0,145785000.0,145312000.0,145785000.0,13.03788331,dead,neutral,low,STABLE
2025-05-15 04:00:00,145785000.0,146052000.0,145608000.0,145608000.0,22.4496665,dead,neutral,low,STABLE
2025-05-15 05:00:00,145661000.0,145984000.0,145554000.0,145927000.0,12.6311529,golden,neutral,low,STABLE
2025-05-15 06:00:00,145927000.0,146078000.0,145816000.0,146073000.0,27.42683916,golden,neutral,normal,STABLE
2025-05-15 07:00:00,146073000.0,146079000.0,145880000.0,145999000.0,25.9906047,golden,neutral,normal,STABLE
2025-05-15 08:00:00,145999000.0,146064000.0,145700000.0,145718000.0,56.16927837,golden,neutral,normal,STABLE
2025-05-15 09:00:00,145793000.0,146100000.0,145671000.0,145890000.0,39.00180917,golden,neutral,normal,DOWN
2025-05-15 10:00:00,145923000.0,145958000.0,145338000.0,145340000.0,68.35321108,golden,neutral,normal,STABLE
2025-05-15 11:00:00,145340000.0,145549000.0,145089000.0,145102000.0,54.17141112,golden,neutral,normal,DOWN
2025-05-15 12:00:00,145120000.0,145213000.0,144602000.0,144629000.0,69.38566709,dead,neutral,normal,STABLE
2025-05-15 13:00:00,144619000.0,144910000.0,144615000.0,144806000.0,46.85348878,dead,neutral,normal,STABLE
2025-05-15 14:00:00,144875000.0,144875000.0,144350000.0,144386000.0,74.85170623,dead,neutral,normal,STABLE
2025-05-15 15:00:00,144381000.0,144791000.0,144002000.0,144150000.0,92.9001614,dead,neutral,normal,STABLE
2025-05-15 16:00:00,144150000.0,144414000.0,143634000.0,143817000.0,135.5299566,dead,neutral,high,UP
2025-05-15 17:00:00,143817000.0,144623000.0,143672000.0,144610000.0,68.49039315,dead,neutral,normal,DOWN
2025-05-15 18:00:00,144610000.0,144643000.0,143650000.0,143995000.0,80.97222544,dead,neutral,normal,STABLE
2025-05-15 19:00:00,143984000.0,144128000.0,143720000.0,144076000.0,57.80342892,dead,neutral,normal,UP
2025-05-15 20:00:00,144076000.0,144850000.0,144011000.0,144850000.0,57.89965732,dead,neutral,normal,STABLE
2025-05-15 21:00:00,144849000.0,145412000.0,144610000.0,145117000.0,80.97433628,dead,neutral,normal,STABLE
2025-05-15 22:00:00,145176000.0,145376000.0,144000000.0,144698000.0,80.29972714,dead,neutral,normal,STABLE
2025-05-15 23:00:00,144694000.0,144944000.0,144000000.0,144529000.0,98.15651456,dead,neutral,normal,UP
2025-05-16 00:00:00,144529000.0,146085000.0,144453000.0,146023000.0,135.16667225,golden,neutral,normal,STABLE
2025-05-16 01:00:00,146023000.0,146346000.0,145566000.0,146344000.0,79.12671251,golden,neutral,normal,STABLE
2025-05-16 02:00:00,146344000.0,146639000.0,145946000.0,146366000.0,83.84473571,golden,neutral,normal,DOWN
2025-05-16 03:00:00,146360000.0,146366000.0,145186000.0,145256000.0,40.91295166,golden,neutral,normal,UP
2025-05-16 04:00:00,145273000.0,146000000.0,145177000.0,145868000.0,25.01368786,golden,neutral,low,STABLE
2025-05-16 05:00:00,145990000.0,146301000.0,145637000.0,146253000.0,58.58603835,golden,neutral,normal,STABLE
2025-05-16 06:00:00,146253000.0,146253000.0,145308000.0,145945000.0,58.68247764,golden,neutral,normal,STABLE
2025-05-16 07:00:00,145945000.0,146500000.0,145740000.0,145745000.0,71.19954509,golden,neutral,normal,STABLE
2025-05-16 08:00:00,145745000.0,146150000.0,145280000.0,146026000.0,111.02545406,golden,neutral,normal,STABLE
2025-05-16 09:00:00,146030000.0,146499000.0,145808000.0,146250000.0,87.26501142,golden,neutral,normal,STABLE
2025-05-16 10:00:00,146250000.0,146480000.0,145844000.0,146404000.0,93.83686789,golden,neutral,normal,STABLE
2025-05-16 11:00:00,146404000.0,146889000.0,146328000.0,146600000.0,123.41490037,golden,neutral,normal,STABLE
2025-05-16 12:00:00,146596000.0,146827000.0,146430000.0,146572000.0,58.69823386,golden,neutral,normal,STABLE
2025-05-16 13:00:00,146563000.0,146766000.0,146379000.0,146541000.0,47.07379503,golden,neutral,normal,STABLE
2025-05-16 14:00:00,146490000.0,146552000.0,146285000.0,146304000.0,55.2789338,golden,neutral,normal,STABLE
2025-05-16 15:00:00,146304000.0,146450000.0,146222000.0,146314000.0,36.68575536,golden,neutral,low,STABLE
2025-05-16 16:00:00,146314000.0,146555000.0,146208000.0,146210000.0,52.88871539,golden,neutral,normal,STABLE
2025-05-16 17:00:00,146209000.0,146260000.0,145570000.0,146005000.0,106.8466689,golden,neutral,normal,STABLE
2025-05-16 18:00:00,146005000.0,146390000.0,146004000.0,146264000.0,38.94369189,golden,neutral,normal,STABLE
2025-05-16 19:00:00,146263000.0,146420000.0,146088000.0,146316000.0,50.7190155,golden,neutral,normal,STABLE
2025-05-16 20:00:00,146342000.0,146422000.0,145980000.0,146064000.0,54.18637938,dead,neutral,normal,STABLE
2025-05-16 21:00:00,146064000.0,146200000.0,145986000.0,145986000.0,32.708364,dead,neutral,normal,UP
2025-05-16 22:00:00,145987000.0,146599000.0,145859000.0,146436000.0,43.58088685,golden,neutral,normal,STABLE
2025-05-16 23:00:00,146436000.0,146530000.0,145890000.0,146175000.0,41.28657928,dead,neutral,normal,UP
2025-05-17 00:00:00,146119000.0,146829000.0,146117000.0,146784000.0,87.48513943,golden,neutral,normal,STABLE
2025-05-17 01:00:00,146784000.0,147117000.0,146563000.0,146908000.0,84.06634515,golden,neutral,normal,STABLE
2025-05-17 02:00:00,146908000.0,147096000.0,146517000.0,146638000.0,39.64696054,golden,neutral,normal,STABLE
2025-05-17 03:00:00,146639000.0,146959000.0,146500000.0,146500000.0,14.5005536,golden,neutral,low,STABLE
2025-05-17 04:00:00,146500000.0,146826000.0,146372000.0,146826000.0,14.18417068,golden,neutral,low,STABLE
2025-05-17 05:00:00,146833000.0,146889000.0,146373000.0,146667000.0,14.41113048,golden,neutral,low,STABLE
2025-05-17 06:00:00,146667000.0,146788000.0,146415000.0,146633000.0,16.79941561,golden,neutral,low,STABLE
2025-05-17 07:00:00,146600000.0,146633000.0,146373000.0,146620000.0,41.73988948,golden,neutral,normal,STABLE
2025-05-17 08:00:00,146620000.0,146721000.0,146428000.0,146465000.0,39.97441844,golden,neutral,normal,STABLE
2025-05-17 09:00:00,146465000.0,146531000.0,146126000.0,146528000.0,79.36667074,golden,neutral,normal,DOWN
2025-05-17 10:00:00,146530000.0,146530000.0,145770000.0,145950000.0,115.39738336,golden,neutral,high,UP
2025-05-17 11:00:00,145951000.0,146600000.0,145950000.0,146588000.0,78.24704237,golden,neutral,normal,STABLE
2025-05-17 12:00:00,146593000.0,146750000.0,146352000.0,146605000.0,57.30799602,dead,neutral,normal,STABLE
2025-05-17 13:00:00,146696000.0,146750000.0,146570000.0,146693000.0,36.74202112,dead,neutral,normal,STABLE
2025-05-17 14:00:00,146693000.0,146719000.0,146410000.0,146439000.0,20.27418146,dead,neutral,low,STABLE
2025-05-17 15:00:00,146439000.0,146700000.0,146383000.0,146642000.0,21.5401044,golden,neutral,low,STABLE
2025-05-17 16:00:00,146642000.0,146750000.0,146555000.0,146617000.0,25.71808139,golden,neutral,normal,STABLE
2025-05-17 17:00:00,146617000.0,146706000.0,146260000.0,146627000.0,40.60897285,golden,neutral,normal,DOWN
2025-05-17 18:00:00,146680000.0,146750000.0,146090000.0,146180000.0,58.85868089,dead,neutral,normal,STABLE
2025-05-17 19:00:00,146180000.0,146327000.0,146000000.0,146041000.0,33.5754632,dead,neutral,normal,STABLE
2025-05-17 20:00:00,146092000.0,146327000.0,145918000.0,146259000.0,40.31179057,dead,neutral,normal,STABLE
2025-05-17 21:00:00,146259000.0,146348000.0,146040000.0,146150000.0,17.22109015,dead,neutral,low,STABLE
2025-05-17 22:00:00,146150000.0,146350000.0,146000000.0,146131000.0,29.41063092,dead,neutral,normal,STABLE
2025-05-17 23:00:00,146131000.0,146422000.0,146030000.0,146422000.0,22.31235476,dead,neutral,normal,STABLE
2025-05-18 00:00:00,146424000.0,146436000.0,146219000.0,146227000.0,12.31968855,dead,neutral,low,STABLE
2025-05-18 01:00:00,146272000.0,146500000.0,146213000.0,146500000.0,28.41340205,dead,neutral,normal,STABLE
2025-05-18 02:00:00,146500000.0,146675000.0,146490000.0,146566000.0,26.11963453,dead,neutral,normal,STABLE
2025-05-18 03:00:00,146566000.0,146680000.0,146420000.0,146488000.0,8.3459493,golden,neutral,low,STABLE
2025-05-18 04:00:00,146488000.0,146572000.0,146328000.0,146412000.0,6.21872365,golden,neutral,low,STABLE
2025-05-18 05:00:00,146412000.0,146787000.0,146363000.0,146787000.0,28.05183924,golden,neutral,normal,STABLE
2025-05-18 06:00:00,146787000.0,146828000.0,146511000.0,146550000.0,21.45696124,golden,neutral,normal,STABLE
2025-05-18 07:00:00,146550000.0,146725000.0,146400000.0,146723000.0,25.1385103,golden,neutral,normal,STABLE
2025-05-18 08:00:00,146723000.0,146724000.0,146553000.0,146555000.0,28.69016689,golden,neutral,normal,STABLE
2025-05-18 09:00:00,146580000.0,146900000.0,146555000.0,146896000.0,45.63951778,golden,neutral,normal,STABLE
2025-05-18 10:00:00,146896000.0,146897000.0,146660000.0,146774000.0,19.87543904,golden,neutral,normal,STABLE
2025-05-18 11:00:00,146774000.0,146791000.0,146670000.0,146760000.0,17.04501569,golden,neutral,normal,STABLE
2025-05-18 12:00:00,146760000.0,146778000.0,146654000.0,146775000.0,15.27207352,golden,neutral,normal,STABLE
2025-05-18 13:00:00,146775000.0,146848000.0,146773000.0,146825000.0,13.26057801,golden,neutral,normal,STABLE
2025-05-18 14:00:00,146806000.0,146925000.0,146785000.0,146923000.0,28.38425515,golden,neutral,normal,STABLE
2025-05-18 15:00:00,146925000.0,146950000.0,146736000.0,146740000.0,30.84536662,golden,neutral,normal,STABLE
2025-05-18 16:00:00,146841000.0,147117000.0,146741000.0,147116000.0,49.6782354,golden,neutral,high,STABLE
2025-05-18 17:00:00,147116000.0,147413000.0,147115000.0,147192000.0,87.27955991,golden,neutral,high,STABLE
2025-05-18 18:00:00,147190000.0,147343000.0,147164000.0,147164000.0,37.69283601,golden,neutral,normal,STABLE
2025-05-18 19:00:00,147163000.0,147285000.0,147050000.0,147101000.0,22.57568621,golden,neutral,normal,STABLE
2025-05-18 20:00:00,147106000.0,147230000.0,147050000.0,147053000.0,23.10312128,golden,neutral,normal,STABLE
2025-05-18 21:00:00,147050000.0,147119000.0,147003000.0,147070000.0,20.43128389,golden,neutral,normal,UP
2025-05-18 22:00:00,147070000.0,148295000.0,147019000.0,148265000.0,141.99088393,golden,overbought,high,UP
2025-05-18 23:00:00,148222000.0,149755000.0,148150000.0,149070000.0,327.29512275,golden,overbought,high,STABLE
2025-05-19 00:00:00,148999000.0,149500000.0,148500000.0,149156000.0,172.27820845,golden,overbought,high,STABLE
2025-05-19 01:00:00,149156000.0,149661000.0,148700000.0,149450000.0,80.96515419,golden,overbought,normal,DOWN
2025-05-19 02:00:00,149450000.0,149595000.0,148600000.0,148626000.0,57.64293204,golden,neutral,normal,STABLE
2025-05-19 03:00:00,148613000.0,148741000.0,147723000.0,148311000.0,78.36764995,golden,neutral,normal,DOWN
2025-05-19 04:00:00,148335000.0,148575000.0,147710000.0,147761000.0,36.31690916,golden,neutral,normal,UP
2025-05-19 05:00:00,147761000.0,148503000.0,147200000.0,148437000.0,105.24752421,golden,neutral,normal,STABLE
2025-05-19 06:00:00,148281000.0,148857000.0,148280000.0,148404000.0,51.18954247,golden,neutral,normal,UP
2025-05-19 07:00:00,148312000.0,149990000.0,148050000.0,149990000.0,155.75513742,golden,overbought,high,UP
2025-05-19 08:00:00,149990000.0,150600000.0,149598000.0,150458000.0,248.31691398,golden,overbought,high,DOWN
2025-05-19 09:00:00,150296000.0,151199000.0,149094000.0,149335000.0,290.75564596,golden,neutral,high,STABLE
2025-05-19 10:00:00,149335000.0,149518000.0,148758000.0,149082000.0,111.47231221,golden,neutral,normal,DOWN
2025-05-19 11:00:00,149082000.0,149227000.0,148490000.0,148566000.0,122.2303649,golden,neutral,normal,DOWN
2025-05-19 12:00:00,148566000.0,148626000.0,147221000.0,147363000.0,176.98126411,golden,neutral,normal,DOWN
2025-05-19 13:00:00,147313000.0,147498000.0,146500000.0,146676000.0,251.8142158,dead,neutral,high,STABLE
2025-05-19 14:00:00,146522000.0,146897000.0,146000000.0,146864000.0,164.41801629,dead,neutral,normal,DOWN
2025-05-19 15:00:00,146864000.0,147223000.0,145585000.0,145851000.0,161.62687593,dead,neutral,normal,UP
2025-05-19 16:00:00,145850000.0,146900000.0,145750000.0,146725000.0,100.49177235,dead,neutral,normal,STABLE
2025-05-19 17:00:00,146725000.0,146801000.0,146336000.0,146620000.0,70.51061375,dead,neutral,low,DOWN
2025-05-19 18:00:00,146620000.0,146695000.0,146131000.0,146154000.0,49.77463345,dead,neutral,low,STABLE
2025-05-19 19:00:00,146154000.0,146325000.0,145959000.0,146129000.0,47.73845353,dead,neutral,low,STABLE
2025-05-19 20:00:00,146073000.0,146332000.0,145983000.0,146235000.0,38.60239578,dead,neutral,low,DOWN
2025-05-19 21:00:00,146235000.0,146239000.0,145500000.0,145775000.0,125.13909749,dead,neutral,normal,UP
2025-05-19 22:00:00,145766000.0,147039000.0,145586000.0,146692000.0,118.94728371,dead,neutral,normal,UP
2025-05-19 23:00:00,146713000.0,148000000.0,146600000.0,147903000.0,129.73012004,dead,neutral,normal,STABLE
2025-05-20 00:00:00,147879000.0,148480000.0,147838000.0,148302000.0,101.77146598,dead,neutral,normal,UP
2025-05-20 01:00:00,148334000.0,148900000.0,147835000.0,148750000.0,67.03029193,dead,neutral,normal,STABLE
2025-05-20 02:00:00,148800000.0,148999000.0,148060000.0,148611000.0,39.01731364,golden,neutral,low,DOWN
2025-05-20 03:00:00,148699000.0,148810000.0,147847000.0,147990000.0,38.67212453,golden,neutral,low,UP
2025-05-20 04:00:00,147990000.0,148851000.0,147858000.0,148771000.0,19.27703037,golden,neutral,low,STABLE
2025-05-20 05:00:00,148771000.0,149140000.0,148388000.0,148600000.0,43.04950466,golden,neutral,low,STABLE
2025-05-20 06:00:00,148600000.0,148814000.0,148134000.0,148640000.0,41.89012044,golden,neutral,low,STABLE
2025-05-20 07:00:00,148641000.0,148780000.0,148277000.0,148750000.0,38.2508927,golden,neutral,low,STABLE
2025-05-20 08:00:00,148750000.0,149140000.0,148514000.0,148699000.0,51.89464618,golden,neutral,normal,STABLE
2025-05-20 09:00:00,148700000.0,149988000.0,148530000.0,149105000.0,189.16582189,golden,neutral,high,UP
2025-05-20 10:00:00,149106000.0,150000000.0,149023000.0,149734000.0,142.86627682,golden,neutral,normal,STABLE
2025-05-20 11:00:00,149734000.0,150251000.0,149274000.0,149348000.0,151.13749282,golden,neutral,normal,STABLE
2025-05-20 12:00:00,149348000.0,149548000.0,148637000.0,149011000.0,90.03775401,golden,neutral,normal,UP
2025-05-20 13:00:00,149011000.0,149537000.0,148739000.0,149530000.0,50.6537339,golden,neutral,normal,STABLE
2025-05-20 14:00:00,149530000.0,149767000.0,149200000.0,149333000.0,48.46094372,golden,neutral,normal,STABLE
2025-05-20 15:00:00,149333000.0,149475000.0,148727000.0,148891000.0,63.69560858,golden,neutral,normal,STABLE
2025-05-20 16:00:00,148859000.0,149190000.0,148423000.0,148555000.0,77.90644124,golden,neutral,normal,STABLE
2025-05-20 17:00:00,148555000.0,148881000.0,148350000.0,148740000.0,45.49867137,golden,neutral,normal,STABLE
2025-05-20 18:00:00,148740000.0,149139000.0,148714000.0,148970000.0,47.44174799,golden,neutral,normal,STABLE
2025-05-20 19:00:00,148970000.0,149112000.0,148479000.0,148552000.0,49.52140097,dead,neutral,normal,STABLE
2025-05-20 20:00:00,148550000.0,149081000.0,148488000.0,148860000.0,36.73194575,dead,neutral,normal,DOWN
2025-05-20 21:00:00,148860000.0,148899000.0,148100000.0,148385000.0,62.48533367,dead,neutral,normal,STABLE
2025-05-20 22:00:00,148385000.0,148533000.0,147743000.0,148000000.0,104.18263856,dead,neutral,normal,STABLE
2025-05-20 23:00:00,148000000.0,148730000.0,147939000.0,148040000.0,57.57915464,dead,neutral,normal,UP
2025-05-21 00:00:00,148054000.0,149078000.0,148000000.0,149049000.0,34.14304727,dead,neutral,low,STABLE
2025-05-21 01:00:00,149052000.0,149200000.0,148747000.0,148862000.0,23.71645105,dead,neutral,low,UP
2025-05-21 02:00:00,148862000.0,149995000.0,148771000.0,149916000.0,87.00445482,dead,neutral,normal,DOWN
2025-05-21 03:00:00,149901000.0,150000000.0,149100000.0,149199000.0,36.0340361,golden,neutral,low,UP
2025-05-21 04:00:00,149166000.0,150990000.0,149088000.0,150741000.0,144.73635011,golden,neutral,normal,STABLE
2025-05-21 05:00:00,150793000.0,150990000.0,149999000.0,150499000.0,94.14406952,golden,neutral,normal,STABLE
2025-05-21 06:00:00,150514000.0,150823000.0,149590000.0,150130000.0,90.92824479,golden,neutral,normal,UP
2025-05-21 07:00:00,150135000.0,150691000.0,149437000.0,150594000.0,78.09182685,golden,neutral,normal,STABLE
2025-05-21 08:00:00,150594000.0,150823000.0,150157000.0,150424000.0,113.72418325,golden,neutral,normal,STABLE
2025-05-21 09:00:00,150424000.0,150760000.0,149912000.0,150129000.0,91.6629897,golden,neutral,normal,STABLE
2025-05-21 10:00:00,150130000.0,150583000.0,149750000.0,149791000.0,58.05602289,golden,neutral,normal,UP
2025-05-21 11:00:00,149791000.0,150312000.0,149500000.0,150247000.0,72.47196279,golden,neutral,normal,STABLE
2025-05-21 12:00:00,150247000.0,150300000.0,149780000.0,150000000.0,42.53978472,golden,neutral,normal,UP
2025-05-21 13:00:00,150002000.0,150990000.0,149835000.0,150614000.0,109.24166678,golden,neutral,normal,STABLE
2025-05-21 14:00:00,150696000.0,150938000.0,150524000.0,150743000.0,98.04216573,golden,neutral,normal,UP
2025-05-21 15:00:00,150743000.0,151324000.0,150407000.0,151200000.0,184.15225318,golden,neutral,high,DOWN
2025-05-21 16:00:00,151221000.0,151241000.0,150000000.0,150026000.0,141.21212381,golden,neutral,normal,STABLE
2025-05-21 17:00:00,150026000.0,150325000.0,149813000.0,149868000.0,76.85281827,golden,neutral,normal,STABLE
2025-05-21 18:00:00,149868000.0,150186000.0,149605000.0,149690000.0,60.74855076,golden,neutral,normal,DOWN
2025-05-21 19:00:00,149690000.0,150207000.0,149042000.0,149170000.0,128.8222782,dead,neutral,normal,STABLE
2025-05-21 20:00:00,149170000.0,149641000.0,149150000.0,149409000.0,78.47943704,dead,neutral,normal,STABLE
2025-05-21 21:00:00,149407000.0,149790000.0,149145000.0,149215000.0,54.39513837,dead,neutral,normal,UP
2025-05-21 22:00:00,149246000.0,150455000.0,149100000.0,150000000.0,96.23172945,dead,neutral,normal,UP
2025-05-21 23:00:00,149900000.0,151500000.0,149672000.0,151500000.0,195.01097171,dead,neutral,normal,STABLE
2025-05-22 00:00:00,151500000.0,152041000.0,151001000.0,151666000.0,363.75373153,golden,neutral,high,STABLE
2025-05-22 01:00:00,151666000.0,152161000.0,151400000.0,151591000.0,147.71381136,golden,neutral,normal,DOWN
2025-05-22 02:00:00,151591000.0,151749000.0,148810000.0,149252000.0,303.21588037,golden,neutral,high,STABLE
2025-05-22 03:00:00,149311000.0,150218000.0,148917000.0,149689000.0,73.98821264,golden,neutral,normal,UP
2025-05-22 04:00:00,149689000.0,151565000.0,149433000.0,151245000.0,79.61718775,golden,neutral,normal,DOWN
2025-05-22 05:00:00,151326000.0,151437000.0,150177000.0,150745000.0,55.9834038,golden,neutral,low,STABLE
2025-05-22 06:00:00,150745000.0,151200000.0,150435000.0,151037000.0,53.45642939,golden,neutral,low,STABLE
2025-05-22 07:00:00,151037000.0,151683000.0,150776000.0,151480000.0,106.07111816,golden,neutral,normal,UP
2025-05-22 08:00:00,151480000.0,153301000.0,151336000.0,152356000.0,406.97348151,golden,neutral,high,STABLE
2025-05-22 09:00:00,152356000.0,153123000.0,152070000.0,152769000.0,207.08293763,golden,neutral,normal,STABLE
2025-05-22 10:00:00,152776000.0,153402000.0,152520000.0,152786000.0,168.20160799,golden,neutral,normal,UP
2025-05-22 11:00:00,152734000.0,154000000.0,152734000.0,153583000.0,239.22544692,golden,neutral,normal,UP
2025-05-22 12:00:00,153625000.0,155237000.0,153465000.0,155197000.0,334.58154948,golden,overbought,high,STABLE
2025-05-22 13:00:00,155197000.0,155323000.0,154400000.0,154904000.0,248.83000339,golden,overbought,normal,DOWN
2025-05-22 14:00:00,154899000.0,154955000.0,154100000.0,154100000.0,116.48270455,golden,neutral,normal,STABLE
2025-05-22 15:00:00,154100000.0,154500000.0,153674000.0,153788000.0,123.79826222,golden,neutral,normal,UP
2025-05-22 16:00:00,153786000.0,154400000.0,153698000.0,154280000.0,108.23269028,golden,neutral,normal,DOWN
2025-05-22 17:00:00,154281000.0,154377000.0,153203000.0,153290000.0,168.68642933,golden,neutral,normal,UP
2025-05-22 18:00:00,153290000.0,153950000.0,153178000.0,153950000.0,118.11287913,golden,neutral,normal,STABLE
2025-05-22 19:00:00,153948000.0,154200000.0,153801000.0,154019000.0,70.82043636,golden,neutral,low,STABLE
2025-05-22 20:00:00,154006000.0,154451000.0,153525000.0,154086000.0,76.67301561,golden,neutral,low,UP
2025-05-22 21:00:00,154071000.0,155000000.0,154063000.0,154998000.0,130.48758245,golden,neutral,normal,DOWN
2025-05-22 22:00:00,154997000.0,155000000.0,154400000.0,154466000.0,138.41946958,golden,neutral,normal,STABLE
2025-05-22 23:00:00,154450000.0,154700000.0,153768000.0,154139000.0,136.41137609,golden,neutral,normal,STABLE
2025-05-23 00:00:00,154139000.0,154711000.0,154039000.0,154442000.0,52.7133508,golden,neutral,low,STABLE
2025-05-23 01:00:00,154494000.0,155000000.0,154312000.0,154438000.0,46.32530925,golden,neutral,low,STABLE
2025-05-23 02:00:00,154441000.0,155206000.0,154441000.0,154772000.0,59.09960045,golden,neutral,low,STABLE
2025-05-23 03:00:00,154772000.0,155159000.0,154599000.0,154977000.0,27.08575133,golden,neutral,low,STABLE
2025-05-23 04:00:00,154977000.0,155189000.0,154370000.0,154590000.0,42.84234301,golden,neutral,low,STABLE
2025-05-23 05:00:00,154590000.0,154850000.0,154200000.0,154482000.0,32.4996772,golden,neutral,low,STABLE
2025-05-23 06:00:00,154482000.0,154569000.0,154159000.0,154238000.0,41.62228694,golden,neutral,low,STABLE
2025-05-23 07:00:00,154238000.0,154500000.0,154201000.0,154362000.0,33.94920951,golden,neutral,low,UP
2025-05-23 08:00:00,154361000.0,154900000.0,154355000.0,154861000.0,59.49202228,golden,neutral,normal,STABLE
2025-05-23 09:00:00,154861000.0,155169000.0,154600000.0,154972000.0,105.82371437,golden,neutral,normal,DOWN
2025-05-23 10:00:00,154973000.0,155067000.0,154354000.0,154400000.0,118.86777561,golden,neutral,normal,DOWN
2025-05-23 11:00:00,154400000.0,154508000.0,153850000.0,153866000.0,171.05055993,golden,neutral,normal,STABLE
2025-05-23 12:00:00,153866000.0,154148000.0,153419000.0,153422000.0,166.21419866,dead,neutral,normal,STABLE
2025-05-23 13:00:00,153422000.0,153557000.0,152950000.0,153487000.0,179.83187053,dead,neutral,normal,STABLE
2025-05-23 14:00:00,153500000.0,153732000.0,153400000.0,153665000.0,71.27406401,dead,neutral,normal,STABLE
2025-05-23 15:00:00,153712000.0,153834000.0,153194000.0,153400000.0,85.42623847,dead,neutral,normal,STABLE
2025-05-23 16:00:00,153440000.0,153699000.0,153292000.0,153453000.0,38.79823946,dead,neutral,low,STABLE
2025-05-23 17:00:00,153478000.0,153651000.0,153384000.0,153561000.0,40.26626291,dead,neutral,low,UP
2025-05-23 18:00:00,153561000.0,154118000.0,153545000.0,154082000.0,69.60176569,dead,neutral,normal,STABLE
2025-05-23 19:00:00,154085000.0,154110000.0,153487000.0,153859000.0,62.6362374,dead,neutral,normal,DOWN
2025-05-23 20:00:00,153859000.0,153983000.0,151694000.0,151758000.0,335.01634183,dead,neutral,high,DOWN
2025-05-23 21:00:00,151758000.0,152022000.0,149711000.0,150899000.0,753.90122659,dead,neutral,high,UP
2025-05-23 22:00:00,150883000.0,152558000.0,150446000.0,152442000.0,255.72669556,dead,neutral,normal,STABLE
2025-05-23 23:00:00,152442000.0,152923000.0,152240000.0,152370000.0,127.45216054,dead,neutral,normal,DOWN
2025-05-24 00:00:00,152399000.0,152509000.0,151499000.0,151519000.0,66.40075053,dead,neutral,low,STABLE
2025-05-24 01:00:00,151519000.0,151765000.0,150399000.0,151475000.0,103.67146868,dead,neutral,normal,UP
2025-05-24 02:00:00,151534000.0,152266000.0,151475000.0,151947000.0,27.54214046,dead,neutral,low,DOWN
2025-05-24 03:00:00,151947000.0,152017000.0,151008000.0,151249000.0,30.4366779,dead,neutral,low,STABLE
2025-05-24 04:00:00,151249000.0,151650000.0,151000000.0,151150000.0,22.42579663,dead,neutral,low,STABLE
2025-05-24 05:00:00,151218000.0,151400000.0,150900000.0,150993000.0,26.84958796,dead,neutral,low,STABLE
2025-05-24 06:00:00,151088000.0,151508000.0,150890000.0,151096000.0,49.38347019,dead,neutral,low,DOWN
2025-05-24 07:00:00,151145000.0,151355000.0,150401000.0,150595000.0,59.09611104,dead,neutral,low,DOWN
2025-05-24 08:00:00,150600000.0,150756000.0,149258000.0,149878000.0,277.71605184,dead,neutral,high,STABLE
2025-05-24 09:00:00,149962000.0,150600000.0,149422000.0,150200000.0,203.91789074,dead,neutral,normal,STABLE
2025-05-24 10:00:00,150250000.0,151088000.0,150165000.0,150470000.0,79.78242179,dead,neutral,normal,STABLE
2025-05-24 11:00:00,150468000.0,150883000.0,150200000.0,150577000.0,35.70649898,dead,neutral,low,UP
2025-05-24 12:00:00,150577000.0,151270000.0,150527000.0,151066000.0,44.39748077,dead,neutral,low,STABLE
2025-05-24 13:00:00,151066000.0,151430000.0,151066000.0,151278000.0,48.37329831,dead,neutral,low,STABLE
2025-05-24 14:00:00,151279000.0,151280000.0,150669000.0,150848000.0,37.64477939,dead,neutral,low,STABLE
2025-05-24 15:00:00,150848000.0,151037000.0,150208000.0,150434000.0,47.36962398,dead,neutral,low,STABLE
2025-05-24 16:00:00,150434000.0,150850000.0,150200000.0,150296000.0,36.91945192,dead,neutral,low,UP
2025-05-24 17:00:00,150265000.0,151019000.0,150203000.0,151000000.0,30.60309309,dead,neutral,low,STABLE
2025-05-24 18:00:00,151019000.0,151200000.0,150827000.0,150900000.0,38.30691496,dead,neutral,normal,UP
2025-05-24 19:00:00,150900000.0,152187000.0,150857000.0,152059000.0,65.84410862,dead,neutral,normal,STABLE
2025-05-24 20:00:00,152059000.0,152700000.0,152017000.0,152260000.0,89.68312016,golden,neutral,normal,DOWN
2025-05-24 21:00:00,152247000.0,152414000.0,151474000.0,151650000.0,46.54364871,golden,neutral,normal,STABLE
2025-05-24 22:00:00,151650000.0,151735000.0,151379000.0,151396000.0,31.21913654,golden,neutral,low,UP
2025-05-24 23:00:00,151396000.0,151966000.0,151394000.0,151947000.0,25.81311809,golden,neutral,low,STABLE
2025-05-25 00:00:00,151948000.0,152242000.0,151745000.0,151895000.0,23.85546576,golden,neutral,low,STABLE
2025-05-25 01:00:00,151895000.0,152162000.0,151650000.0,151967000.0,19.48502815,golden,neutral,low,STABLE
2025-05-25 02:00:00,151966000.0,152127000.0,151812000.0,151948000.0,14.28654227,golden,neutral,low,STABLE
2025-05-25 03:00:00,151890000.0,152067000.0,151619000.0,151667000.0,7.28255895,golden,neutral,low,STABLE
2025-05-25 04:00:00,151667000.0,152027000.0,151618000.0,151980000.0,5.96276134,golden,neutral,low,STABLE
2025-05-25 05:00:00,151980000.0,152184000.0,151846000.0,151940000.0,9.53048714,golden,neutral,low,STABLE
2025-05-25 06:00:00,151940000.0,152184000.0,151650000.0,152172000.0,16.52106226,golden,neutral,low,DOWN
2025-05-25 07:00:00,152050000.0,152183000.0,151201000.0,151270000.0,34.52322715,golden,neutral,normal,DOWN
2025-05-25 08:00:00,151231000.0,151545000.0,150501000.0,150660000.0,69.43516262,golden,neutral,normal,STABLE
2025-05-25 09:00:00,150680000.0,151250000.0,150396000.0,150533000.0,69.11125357,dead,neutral,normal,STABLE
2025-05-25 10:00:00,150533000.0,151401000.0,150401000.0,150900000.0,51.92403428,dead,neutral,normal,STABLE
2025-05-25 11:00:00,150900000.0,151189000.0,150601000.0,150990000.0,28.71724461,dead,neutral,normal,STABLE
2025-05-25 12:00:00,150990000.0,151350000.0,150990000.0,151316000.0,37.33533546,dead,neutral,normal,STABLE
2025-05-25 13:00:00,151322000.0,151322000.0,151000000.0,151300000.0,21.40915381,dead,neutral,normal,STABLE
2025-05-25 14:00:00,151304000.0,151305000.0,151002000.0,151152000.0,11.31603822,dead,neutral,low,STABLE
2025-05-25 15:00:00,151154000.0,151190000.0,150611000.0,150800000.0,23.69959003,dead,neutral,normal,STABLE
2025-05-25 16:00:00,150801000.0,150888000.0,150505000.0,150802000.0,25.69696944,dead,neutral,normal,DOWN
2025-05-25 17:00:00,150809000.0,150888000.0,150100000.0,150349000.0,58.15545847,dead,neutral,normal,STABLE
2025-05-25 18:00:00,150349000.0,150524000.0,150000000.0,150251000.0,52.84244851,dead,neutral,normal,STABLE
2025-05-25 19:00:00,150251000.0,150562000.0,150105000.0,150199000.0,28.86746708,dead,neutral,normal,STABLE
2025-05-25 20:00:00,150177000.0,150324000.0,150018000.0,150269000.0,37.49256701,dead,neutral,normal,STABLE
2025-05-25 21:00:00,150277000.0,150686000.0,150100000.0,150531000.0,36.09081372,dead,neutral,normal,STABLE
2025-05-25 22:00:00,150531000.0,150662000.0,150148000.0,150430000.0,35.6966092,dead,neutral,normal,STABLE
2025-05-25 23:00:00,150430000.0,150502000.0,150067000.0,150203000.0,33.48139026,dead,neutral,normal,STABLE
2025-05-26 00:00:00,150176000.0,150500000.0,150000000.0,150232000.0,68.75569214,dead,neutral,normal,STABLE
2025-05-26 01:00:00,150244000.0,150370000.0,149916000.0,150190000.0,26.38249382,dead,neutral,normal,STABLE
2025-05-26 02:00:00,150200000.0,150399000.0,150136000.0,150355000.0,7.64437051,dead,neutral,low,STABLE
2025-05-26 03:00:00,150355000.0,150500000.0,150210000.0,150340000.0,5.66235672,dead,neutral,low,STABLE
2025-05-26 04:00:00,150355000.0,150890000.0,150306000.0,150584000.0,22.44716507,dead,neutral,normal,STABLE
2025-05-26 05:00:00,150671000.0,150892000.0,150390000.0,150878000.0,16.54543478,dead,neutral,normal,STABLE
2025-05-26 06:00:00,150877000.0,151260000.0,150400000.0,150803000.0,32.53497435,dead,neutral,normal,UP
2025-05-26 07:00:00,150803000.0,152841000.0,150610000.0,152804000.0,148.27907128,golden,overbought,high,DOWN
2025-05-26 08:00:00,152804000.0,152946000.0,151818000.0,152133000.0,95.45973761,golden,neutral,high,UP
2025-05-26 09:00:00,152133000.0,152700000.0,151642000.0,152660000.0,112.7430061,golden,neutral,high,STABLE
2025-05-26 10:00:00,152600000.0,152780000.0,152006000.0,152291000.0,81.73239568,golden,neutral,normal,STABLE
2025-05-26 11:00:00,152292000.0,152549000.0,151850000.0,152000000.0,57.37049838,golden,neutral,normal,STABLE
2025-05-26 12:00:00,152000000.0,152452000.0,151724000.0,152110000.0,38.14720071,golden,neutral,normal,STABLE
2025-05-26 13:00:00,152110000.0,152251000.0,151839000.0,151839000.0,30.56639386,golden,neutral,normal,STABLE
2025-05-26 14:00:00,151846000.0,152202000.0,151815000.0,151993000.0,30.43648873,golden,neutral,normal,STABLE
2025-05-26 15:00:00,151993000.0,152383000.0,151950000.0,152363000.0,27.22323093,golden,neutral,normal,STABLE
2025-05-26 16:00:00,152355000.0,152706000.0,152183000.0,152517000.0,64.55485569,golden,neutral,normal,STABLE
2025-05-26 17:00:00,152517000.0,152623000.0,152135000.0,152148000.0,37.26776202,golden,neutral,normal,STABLE
2025-05-26 18:00:00,152148000.0,152699000.0,152134000.0,152416000.0,31.55119463,golden,neutral,normal,STABLE
2025-05-26 19:00:00,152400000.0,152517000.0,152006000.0,152072000.0,25.55838719,golden,neutral,normal,STABLE
2025-05-26 20:00:00,152069000.0,152347000.0,151997000.0,152277000.0,33.5318063,golden,neutral,normal,STABLE
2025-05-26 21:00:00,152277000.0,152599000.0,152166000.0,152400000.0,39.19213546,golden,neutral,normal,STABLE
2025-05-26 22:00:00,152392000.0,152515000.0,152117000.0,152117000.0,46.31088161,golden,neutral,normal,STABLE
2025-05-26 23:00:00,152121000.0,152322000.0,151951000.0,152135000.0,41.76091187,golden,neutral,normal,UP
2025-05-27 00:00:00,152136000.0,152950000.0,151951000.0,152658000.0,69.08059945,golden,neutral,normal,DOWN
2025-05-27 01:00:00,152658000.0,153000000.0,151642000.0,151984000.0,71.33319437,golden,neutral,normal,STABLE
2025-05-27 02:00:00,151984000.0,152300000.0,151561000.0,151782000.0,28.43359286,dead,neutral,normal,STABLE
2025-05-27 03:00:00,151782000.0,152139000.0,151700000.0,151707000.0,16.15600544,dead,neutral,low,STABLE
2025-05-27 04:00:00,151707000.0,151983000.0,151509000.0,151766000.0,12.33304688,dead,neutral,low,UP
2025-05-27 05:00:00,151766000.0,152458000.0,151613000.0,152391000.0,17.96624998,dead,neutral,low,STABLE
2025-05-27 06:00:00,152391000.0,152450000.0,151926000.0,152165000.0,16.85001171,dead,neutral,low,STABLE
2025-05-27 07:00:00,152165000.0,152685000.0,151961000.0,151995000.0,33.22950014,dead,neutral,normal,STABLE
2025-05-27 08:00:00,151995000.0,152214000.0,151840000.0,152195000.0,24.64647254,dead,neutral,normal,DOWN
2025-05-27 09:00:00,152197000.0,152350000.0,151520000.0,151552000.0,82.01868014,dead,neutral,high,DOWN
2025-05-27 10:00:00,151553000.0,151591000.0,150001000.0,150670000.0,234.45884049,dead,neutral,high,STABLE
2025-05-27 11:00:00,150670000.0,151100000.0,150070000.0,150533000.0,85.52890319,dead,neutral,normal,UP
2025-05-27 12:00:00,150513000.0,151500000.0,150511000.0,151265000.0,52.01162659,dead,neutral,normal,STABLE
2025-05-27 13:00:00,151263000.0,151682000.0,151158000.0,151200000.0,40.20906785,dead,neutral,normal,STABLE
2025-05-27 14:00:00,151200000.0,151207000.0,150717000.0,151070000.0,46.08618612,dead,neutral,normal,STABLE
2025-05-27 15:00:00,151070000.0,151425000.0,151000000.0,151038000.0,59.35528116,dead,neutral,normal,UP
2025-05-27 16:00:00,151039000.0,152106000.0,151000000.0,151920000.0,68.5830892,dead,neutral,normal,STABLE
2025-05-27 17:00:00,151920000.0,152300000.0,151817000.0,151943000.0,69.22135066,dead,neutral,normal,STABLE
2025-05-27 18:00:00,151943000.0,152307000.0,151776000.0,152231000.0,56.4990523,dead,neutral,normal,STABLE
2025-05-27 19:00:00,152231000.0,152338000.0,152000000.0,152134000.0,40.55650632,golden,neutral,normal,STABLE
2025-05-27 20:00:00,152134000.0,152171000.0,151757000.0,151773000.0,28.94947219,golden,neutral,normal,STABLE
2025-05-27 21:00:00,151773000.0,152165000.0,151770000.0,151838000.0,42.39869818,golden,neutral,normal,UP
2025-05-27 22:00:00,151860000.0,153218000.0,151800000.0,152350000.0,228.19828701,golden,neutral,high,DOWN
2025-05-27 23:00:00,152350000.0,152773000.0,151140000.0,151801000.0,127.91729757,golden,neutral,normal,UP
2025-05-28 00:00:00,151926000.0,152725000.0,151496000.0,152620000.0,59.96323968,golden,neutral,normal,STABLE
2025-05-28 01:00:00,152696000.0,152980000.0,152304000.0,152797000.0,40.40306603,golden,neutral,normal,STABLE
2025-05-28 02:00:00,152791000.0,152965000.0,152452000.0,152617000.0,29.78453504,golden,neutral,low,STABLE
2025-05-28 03:00:00,152640000.0,152963000.0,152238000.0,152238000.0,21.25427217,golden,neutral,low,STABLE
2025-05-28 04:00:00,152238000.0,152414000.0,151900000.0,152184000.0,19.21087401,golden,neutral,low,STABLE
2025-05-28 05:00:00,152123000.0,152275000.0,151821000.0,151825000.0,23.2130055,golden,neutral,low,DOWN
2025-05-28 06:00:00,151839000.0,151970000.0,151140000.0,151240000.0,77.44783429,golden,neutral,normal,STABLE
2025-05-28 07:00:00,151225000.0,151630000.0,151008000.0,151588000.0,57.77579322,dead,neutral,normal,STABLE
2025-05-28 08:00:00,151500000.0,151703000.0,151323000.0,151323000.0,38.78690938,dead,neutral,normal,STABLE
2025-05-28 09:00:00,151323000.0,151578000.0,151009000.0,151544000.0,64.04920672,dead,neutral,normal,DOWN
2025-05-28 10:00:00,151520000.0,151608000.0,150899000.0,150899000.0,76.49193865,dead,neutral,normal,STABLE
2025-05-28 11:00:00,150899000.0,151300000.0,150700000.0,151088000.0,52.32070664,dead,neutral,normal,STABLE
2025-05-28 12:00:00,151088000.0,151281000.0,151001000.0,151244000.0,18.62664277,dead,neutral,low,STABLE
2025-05-28 13:00:00,151230000.0,151472000.0,151000000.0,151377000.0,29.52362371,dead,neutral,normal,STABLE
2025-05-28 14:00:00,151376000.0,151566000.0,151262000.0,151531000.0,23.75083568,dead,neutral,low,STABLE
2025-05-28 15:00:00,151531000.0,151577000.0,151180000.0,151239000.0,33.64638122,dead,neutral,normal,STABLE
2025-05-28 16:00:00,151230000.0,151578000.0,151211000.0,151287000.0,25.52694235,dead,neutral,low,STABLE
2025-05-28 17:00:00,151288000.0,151518000.0,151030000.0,151373000.0,31.75283706,dead,neutral,normal,STABLE
2025-05-28 18:00:00,151373000.0,151485000.0,150960000.0,151205000.0,29.61606634,dead,neutral,normal,STABLE
2025-05-28 19:00:00,151205000.0,151300000.0,150762000.0,151254000.0,40.46755898,dead,neutral,normal,STABLE
2025-05-28 20:00:00,151268000.0,151357000.0,151032000.0,151053000.0,22.40800852,dead,neutral,normal,STABLE
2025-05-28 21:00:00,151053000.0,151453000.0,151040000.0,151044000.0,39.75211602,dead,neutral,normal,DOWN
2025-05-28 22:00:00,151044000.0,151370000.0,150500000.0,150520000.0,81.64020708,dead,neutral,high,DOWN
2025-05-28 23:00:00,150539000.0,150740000.0,150001000.0,150002000.0,150.19146328,dead,neutral,high,STABLE
2025-05-29 00:00:00,150001000.0,150200000.0,149522000.0,149599000.0,151.72870808,dead,oversold,high,STABLE
2025-05-29 01:00:00,149599000.0,150055000.0,149520000.0,150005000.0,44.30216451,dead,neutral,normal,STABLE
2025-05-29 02:00:00,150005000.0,150495000.0,149950000.0,150275000.0,24.56489267,dead,neutral,low,STABLE
2025-05-29 03:00:00,150275000.0,150400000.0,150023000.0,150117000.0,13.76181449,dead,neutral,low,STABLE
2025-05-29 04:00:00,150117000.0,150442000.0,149599000.0,149711000.0,27.69155819,dead,neutral,normal,STABLE
2025-05-29 05:00:00,149689000.0,150250000.0,149520000.0,150060000.0,36.75766527,dead,neutral,normal,STABLE
2025-05-29 06:00:00,150060000.0,150284000.0,149899000.0,150189000.0,24.36091575,dead,neutral,normal,STABLE
2025-05-29 07:00:00,150189000.0,150189000.0,149715000.0,150041000.0,49.06663437,dead,neutral,normal,STABLE
2025-05-29 08:00:00,150034000.0,150670000.0,150033000.0,150280000.0,48.4652307,dead,neutral,normal,UP
2025-05-29 09:00:00,150280000.0,151035000.0,150015000.0,151001000.0,79.63749841,dead,neutral,normal,STABLE
2025-05-29 10:00:00,151035000.0,151089000.0,150594000.0,150893000.0,57.18455294,dead,neutral,normal,STABLE
2025-05-29 11:00:00,150893000.0,150993000.0,150566000.0,150776000.0,48.41816423,golden,neutral,normal,STABLE
2025-05-29 12:00:00,150903000.0,150933000.0,150400000.0,150490000.0,46.17749956,golden,neutral,normal,STABLE
2025-05-29 13:00:00,150594000.0,150616000.0,149542000.0,150211000.0,92.38848086,golden,neutral,normal,STABLE
2025-05-29 14:00:00,150211000.0,150350000.0,150030000.0,150155000.0,30.39445025,golden,neutral,normal,STABLE
2025-05-29 15:00:00,150159000.0,150471000.0,150068000.0,150400000.0,30.21340308,golden,neutral,normal,STABLE
2025-05-29 16:00:00,150400000.0,150433000.0,150100000.0,150101000.0,26.5490612,dead,neutral,low,UP
2025-05-29 17:00:00,150101000.0,150920000.0,150023000.0,150805000.0,46.30271893,golden,neutral,normal,STABLE
2025-05-29 18:00:00,150877000.0,150950000.0,150577000.0,150949000.0,33.75487268,golden,neutral,normal,STABLE
2025-05-29 19:00:00,150949000.0,151228000.0,150600000.0,151115000.0,53.34109894,golden,neutral,normal,STABLE
2025-05-29 20:00:00,151115000.0,151291000.0,151069000.0,151083000.0,40.2675848,golden,neutral,normal,STABLE
2025-05-29 21:00:00,151082000.0,151174000.0,150548000.0,150762000.0,49.09410961,golden,neutral,normal,DOWN
2025-05-29 22:00:00,150762000.0,150839000.0,149700000.0,149885000.0,121.02942139,golden,neutral,high,STABLE
2025-05-29 23:00:00,149885000.0,150059000.0,148900000.0,149760000.0,253.17282748,golden,neutral,high,DOWN
2025-05-30 00:00:00,149906000.0,149993000.0,149111000.0,149134000.0,55.78907655,dead,neutral,normal,STABLE
2025-05-30 01:00:00,149134000.0,149411000.0,148822000.0,148980000.0,66.48080771,dead,neutral,normal,STABLE
2025-05-30 02:00:00,148979000.0,149139000.0,148300000.0,148540000.0,72.51863221,dead,oversold,normal,DOWN
2025-05-30 03:00:00,148540000.0,148813000.0,148000000.0,148000000.0,72.60344611,dead,oversold,normal,STABLE
2025-05-30 04:00:00,148001000.0,148200000.0,147650000.0,147794000.0,91.04149218,dead,oversold,normal,UP
2025-05-30 05:00:00,147794000.0,148453000.0,147732000.0,148396000.0,60.30070726,dead,neutral,normal,STABLE
2025-05-30 06:00:00,148396000.0,148753000.0,148300000.0,148676000.0,51.86627528,dead,neutral,normal,DOWN
2025-05-30 07:00:00,148705000.0,148716000.0,147824000.0,147885000.0,74.76746283,dead,neutral,normal,DOWN
2025-05-30 08:00:00,147886000.0,148035000.0,147160000.0,147370000.0,164.43155895,dead,oversold,high,DOWN
2025-05-30 09:00:00,147370000.0,148000000.0,146508000.0,146632000.0,239.20227034,dead,oversold,high,UP
2025-05-30 10:00:00,146632000.0,148230000.0,146632000.0,147910000.0,161.46408331,dead,neutral,normal,UP
2025-05-30 11:00:00,147916000.0,148803000.0,147901000.0,148500000.0,88.36665696,dead,neutral,normal,STABLE
2025-05-30 12:00:00,148598000.0,149000000.0,148438000.0,148665000.0,193.48215035,dead,neutral,normal,STABLE
2025-05-30 13:00:00,148680000.0,148683000.0,148280000.0,148406000.0,82.56499688,dead,neutral,normal,STABLE
2025-05-30 14:00:00,148489000.0,148531000.0,148203000.0,148364000.0,62.09985052,dead,neutral,normal,STABLE
2025-05-30 15:00:00,148432000.0,148500000.0,147788000.0,148036000.0,85.65809371,dead,neutral,normal,DOWN
2025-05-30 16:00:00,148036000.0,148293000.0,146912000.0,147166000.0,118.48810346,dead,neutral,normal,STABLE
2025-05-30 17:00:00,147180000.0,148000000.0,147055000.0,147546000.0,151.50041088,dead,neutral,normal,UP
2025-05-30 18:00:00,147546000.0,148200000.0,147000000.0,148200000.0,116.53635452,dead,neutral,normal,STABLE
2025-05-30 19:00:00,148149000.0,148400000.0,147582000.0,148400000.0,79.80426954,dead,neutral,normal,STABLE
2025-05-30 20:00:00,148388000.0,148500000.0,147868000.0,148252000.0,77.58196741,dead,neutral,normal,STABLE
2025-05-30 21:00:00,148252000.0,148300000.0,147320000.0,147932000.0,98.57012883,golden,neutral,normal,STABLE
2025-05-30 22:00:00,147956000.0,148485000.0,147503000.0,147987000.0,79.94460616,golden,neutral,normal,STABLE
2025-05-30 23:00:00,147987000.0,148400000.0,147540000.0,147918000.0,57.45617703,golden,neutral,normal,STABLE
2025-05-31 00:00:00,147802000.0,148394000.0,147800000.0,148019000.0,30.82117096,golden,neutral,low,DOWN
2025-05-31 01:00:00,148020000.0,148075000.0,146300000.0,146309000.0,138.25846352,dead,neutral,normal,UP
2025-05-31 02:00:00,146461000.0,147014000.0,146300000.0,146846000.0,38.98872014,dead,neutral,low,UP
2025-05-31 03:00:00,146845000.0,147650000.0,146700000.0,147614000.0,24.80908841,dead,neutral,low,STABLE
2025-05-31 04:00:00,147614000.0,147703000.0,147010000.0,147191000.0,12.17667546,dead,neutral,low,STABLE
2025-05-31 05:00:00,147220000.0,147498000.0,146915000.0,147209000.0,21.88787565,dead,neutral,low,STABLE
2025-05-31 06:00:00,147209000.0,147637000.0,147068000.0,147100000.0,30.46407861,dead,neutral,low,STABLE
2025-05-31 07:00:00,147100000.0,147450000.0,146513000.0,146795000.0,69.90630315,dead,neutral,normal,STABLE
2025-05-31 08:00:00,146710000.0,147180000.0,146507000.0,147044000.0,111.35286245,dead,neutral,normal,STABLE
2025-05-31 09:00:00,147044000.0,147499000.0,146800000.0,147320000.0,120.07508955,dead,neutral,normal,DOWN
2025-05-31 10:00:00,147320000.0,147530000.0,146525000.0,146632000.0,107.08972805,dead,neutral,normal,DOWN
2025-05-31 11:00:00,146632000.0,146796000.0,146054000.0,146166000.0,129.68402525,dead,neutral,normal,UP
2025-05-31 12:00:00,146166000.0,146832000.0,146042000.0,146816000.0,80.11905514,dead,neutral,normal,STABLE
2025-05-31 13:00:00,146800000.0,146857000.0,146505000.0,146797000.0,46.30378706,dead,neutral,normal,DOWN
2025-05-31 14:00:00,146797000.0,146799000.0,146226000.0,146241000.0,42.76724185,dead,neutral,normal,STABLE
2025-05-31 15:00:00,146241000.0,146799000.0,146200000.0,146582000.0,35.55668558,dead,neutral,normal,STABLE
2025-05-31 16:00:00,146582000.0,146587000.0,146360000.0,146500000.0,27.556057,dead,neutral,low,STABLE
2025-05-31 17:00:00,146521000.0,146697000.0,146291000.0,146695000.0,32.05833056,dead,neutral,normal,STABLE
2025-05-31 18:00:00,146695000.0,146780000.0,146400000.0,146579000.0,26.11593925,dead,neutral,low,STABLE
2025-05-31 19:00:00,146578000.0,146690000.0,146347000.0,146595000.0,27.43719927,dead,neutral,low,STABLE
2025-05-31 20:00:00,146594000.0,146720000.0,146400000.0,146687000.0,20.70255318,dead,neutral,low,UP
2025-05-31 21:00:00,146679000.0,147700000.0,146679000.0,147699000.0,68.47155289,dead,neutral,normal,STABLE
2025-05-31 22:00:00,147693000.0,147998000.0,147635000.0,147775000.0,64.0247564,golden,neutral,normal,UP
2025-05-31 23:00:00,147775000.0,148300000.0,147730000.0,148298000.0,44.78665088,golden,neutral,normal,STABLE
2025-06-01 00:00:00,148298000.0,148700000.0,148160000.0,148470000.0,59.83668976,golden,neutral,normal,STABLE
2025-06-01 01:00:00,148473000.0,148564000.0,147990000.0,148087000.0,28.60224034,golden,neutral,low,STABLE
2025-06-01 02:00:00,148005000.0,148133000.0,147724000.0,147796000.0,16.63522442,golden,neutral,low,STABLE
2025-06-01 03:00:00,147724000.0,148254000.0,147712000.0,148051000.0,11.35994164,golden,neutral,low,STABLE
2025-06-01 04:00:00,148150000.0,148420000.0,148051000.0,148282000.0,13.77742382,golden,neutral,low,STABLE
2025-06-01 05:00:00,148282000.0,148282000.0,148051000.0,148248000.0,16.84449081,golden,neutral,low,STABLE
2025-06-01 06:00:00,148248000.0,148510000.0,148190000.0,148475000.0,21.79630238,golden,neutral,normal,DOWN
2025-06-01 07:00:00,148475000.0,148482000.0,147827000.0,147891000.0,35.45205673,golden,neutral,normal,STABLE
2025-06-01 08:00:00,147966000.0,148204000.0,147783000.0,147932000.0,20.49621225,golden,neutral,normal,STABLE
2025-06-01 09:00:00,147932000.0,147974000.0,147520000.0,147601000.0,36.16920287,golden,neutral,normal,STABLE
2025-06-01 10:00:00,147601000.0,147850000.0,147300000.0,147333000.0,31.3544059,golden,neutral,normal,STABLE
2025-06-01 11:00:00,147333000.0,147641000.0,147200000.0,147538000.0,21.32755859,golden,neutral,normal,STABLE
2025-06-01 12:00:00,147539000.0,147840000.0,147250000.0,147778000.0,18.63543468,dead,neutral,normal,STABLE
2025-06-01 13:00:00,147776000.0,148340000.0,147660000.0,148110000.0,26.31251219,dead,neutral,normal,STABLE
2025-06-01 14:00:00,148110000.0,148219000.0,147723000.0,147732000.0,23.72652833,dead,neutral,normal,STABLE
2025-06-01 15:00:00,147732000.0,147773000.0,147336000.0,147488000.0,21.5275739,dead,neutral,normal,STABLE
2025-06-01 16:00:00,147488000.0,147701000.0,147310000.0,147326000.0,27.89999681,dead,neutral,normal,STABLE
2025-06-01 17:00:00,147326000.0,147624000.0,147317000.0,147590000.0,31.10928252,dead,neutral,normal,DOWN
2025-06-01 18:00:00,147591000.0,147700000.0,147001000.0,147112000.0,44.91958763,dead,neutral,normal,STABLE
2025-06-01 19:00:00,147112000.0,147298000.0,147000000.0,147100000.0,29.27562759,dead,neutral,normal,STABLE
2025-06-01 20:00:00,147098000.0,147623000.0,147017000.0,147519000.0,31.59794038,dead,neutral,normal,STABLE
2025-06-01 21:00:00,147451000.0,147606000.0,147065000.0,147276000.0,24.77664911,dead,neutral,normal,UP
2025-06-01 22:00:00,147276000.0,147815000.0,147209000.0,147758000.0,38.32307488,dead,neutral,normal,STABLE
2025-06-01 23:00:00,147758000.0,148275000.0,147679000.0,148076000.0,46.74418836,dead,neutral,normal,STABLE
2025-06-02 00:00:00,148076000.0,148377000.0,147999000.0,148127000.0,37.0550393,golden,neutral,normal,STABLE
2025-06-02 01:00:00,148127000.0,148899000.0,148061000.0,148327000.0,50.90466752,golden,neutral,normal,STABLE
2025-06-02 02:00:00,148220000.0,148515000.0,148155000.0,148322000.0,13.25075204,golden,neutral,low,STABLE
2025-06-02 03:00:00,148303000.0,148408000.0,147635000.0,148295000.0,25.03145266,golden,neutral,normal,STABLE
2025-06-02 04:00:00,148252000.0,148505000.0,148157000.0,148483000.0,10.63127362,golden,neutral,low,STABLE
2025-06-02 05:00:00,148484000.0,148603000.0,148022000.0,148083000.0,19.0902677,golden,neutral,normal,UP
2025-06-02 06:00:00,148119000.0,148779000.0,148083000.0,148739000.0,25.04467841,golden,neutral,normal,STABLE
2025-06-02 07:00:00,148738000.0,149191000.0,148738000.0,149011000.0,58.31943226,golden,neutral,normal,STABLE
2025-06-02 08:00:00,149000000.0,149502000.0,149000000.0,149100000.0,66.66956243,golden,neutral,high,DOWN
2025-06-02 09:00:00,149102000.0,149166000.0,148355000.0,148441000.0,80.59795774,golden,neutral,high,STABLE
2025-06-02 10:00:00,148360000.0,148696000.0,148187000.0,148206000.0,54.36217652,golden,neutral,normal,DOWN
2025-06-02 11:00:00,148206000.0,148251000.0,147614000.0,147621000.0,64.56242668,golden,neutral,normal,STABLE
2025-06-02 12:00:00,147621000.0,147702000.0,147100000.0,147511000.0,74.5956533,golden,neutral,normal,STABLE
2025-06-02 13:00:00,147511000.0,147550000.0,147106000.0,147134000.0,46.93984783,dead,neutral,normal,STABLE
2025-06-02 14:00:00,147226000.0,147500000.0,146700000.0,147000000.0,73.32568938,dead,neutral,normal,UP
2025-06-02 15:00:00,146999000.0,147595000.0,146966000.0,147547000.0,46.65147178,dead,neutral,normal,STABLE
2025-06-02 16:00:00,147547000.0,147776000.0,147353000.0,147613000.0,45.84321649,dead,neutral,normal,STABLE
2025-06-02 17:00:00,147610000.0,148397000.0,147610000.0,147665000.0,51.72005052,dead,neutral,normal,DOWN
2025-06-02 18:00:00,147653000.0,147741000.0,146998000.0,147099000.0,56.49345681,dead,neutral,normal,STABLE
2025-06-02 19:00:00,147020000.0,147254000.0,146800000.0,146961000.0,52.82595047,dead,neutral,normal,STABLE
2025-06-02 20:00:00,146961000.0,147000000.0,146516000.0,146546000.0,56.42409557,dead,neutral,normal,STABLE
2025-06-02 21:00:00,146545000.0,146756000.0,146368000.0,146594000.0,71.30918095,dead,neutral,normal,STABLE
2025-06-02 22:00:00,146594000.0,147145000.0,146215000.0,146250000.0,80.16576615,dead,neutral,normal,STABLE
2025-06-02 23:00:00,146250000.0,147163000.0,146209000.0,146620000.0,62.80949507,dead,neutral,normal,STABLE
2025-06-03 00:00:00,146620000.0,146978000.0,146350000.0,146915000.0,29.5651329,dead,neutral,normal,STABLE
2025-06-03 01:00:00,146887000.0,146941000.0,146433000.0,146647000.0,17.36711579,dead,neutral,low,STABLE
2025-06-03 02:00:00,146621000.0,146864000.0,146446000.0,146713000.0,17.73222053,dead,neutral,low,STABLE
2025-06-03 03:00:00,146688000.0,147060000.0,146450000.0,146601000.0,27.76288651,dead,neutral,normal,STABLE
2025-06-03 04:00:00,146601000.0,146973000.0,146469000.0,146834000.0,8.6581504,dead,neutral,low,STABLE
2025-06-03 05:00:00,146834000.0,147300000.0,146802000.0,147210000.0,22.7560218,dead,neutral,low,STABLE
2025-06-03 06:00:00,147182000.0,147373000.0,146868000.0,147311000.0,22.6667932,dead,neutral,low,UP
2025-06-03 07:00:00,147313000.0,148101000.0,147266000.0,147928000.0,76.57458808,golden,neutral,normal,STABLE
2025-06-03 08:00:00,147928000.0,148180000.0,147868000.0,148074000.0,56.34785801,golden,neutral,normal,UP
2025-06-03 09:00:00,148070000.0,148900000.0,147875000.0,148580000.0,104.194517,golden,neutral,high,STABLE
2025-06-03 10:00:00,148580000.0,148701000.0,148170000.0,148700000.0,53.85636594,golden,neutral,normal,DOWN
2025-06-03 11:00:00,148700000.0,148800000.0,147560000.0,147677000.0,52.79882585,golden,neutral,normal,STABLE
2025-06-03 12:00:00,147662000.0,147800000.0,147301000.0,147699000.0,42.77027336,golden,neutral,normal,STABLE
2025-06-03 13:00:00,147650000.0,147760000.0,147313000.0,147359000.0,30.84769707,golden,neutral,normal,STABLE
2025-06-03 14:00:00,147359000.0,147600000.0,147327000.0,147591000.0,33.08709694,golden,neutral,normal,STABLE
2025-06-03 15:00:00,147593000.0,147596000.0,147334000.0,147447000.0,24.05344847,golden,neutral,normal,STABLE
2025-06-03 16:00:00,147536000.0,147609000.0,147300000.0,147351000.0,34.54133518,golden,neutral,normal,STABLE
2025-06-03 17:00:00,147351000.0,147437000.0,147022000.0,147249000.0,36.63327032,golden,neutral,normal,STABLE
2025-06-03 18:00:00,147248000.0,147473000.0,147200000.0,147280000.0,27.76664492,dead,neutral,normal,STABLE
2025-06-03 19:00:00,147280000.0,147496000.0,147198000.0,147320000.0,29.59270952,dead,neutral,normal,STABLE
2025-06-03 20:00:00,147310000.0,147463000.0,147100000.0,147193000.0,34.5432169,dead,neutral,normal,STABLE
2025-06-03 21:00:00,147193000.0,147424000.0,147156000.0,147281000.0,25.70178024,dead,neutral,normal,STABLE
2025-06-03 22:00:00,147240000.0,147665000.0,147030000.0,147500000.0,57.30627391,dead,neutral,normal,UP
2025-06-03 23:00:00,147461000.0,148850000.0,147200000.0,148821000.0,117.81582893,golden,neutral,high,STABLE
2025-06-04 00:00:00,148739000.0,148895000.0,148450000.0,148716000.0,84.70106394,golden,neutral,normal,DOWN
2025-06-04 01:00:00,148714000.0,148721000.0,147704000.0,147704000.0,35.91174855,golden,neutral,normal,STABLE
2025-06-04 02:00:00,147703000.0,148070000.0,147637000.0,147791000.0,15.72162092,golden,neutral,low,STABLE
2025-06-04 03:00:00,147750000.0,147907000.0,147445000.0,147905000.0,17.20368562,golden,neutral,low,STABLE
2025-06-04 04:00:00,147864000.0,148290000.0,147843000.0,148140000.0,16.99566436,golden,neutral,low,DOWN
2025-06-04 05:00:00,148140000.0,148140000.0,147200000.0,147584000.0,27.34427685,golden,neutral,normal,STABLE
2025-06-04 06:00:00,147584000.0,147807000.0,147224000.0,147301000.0,21.52246834,golden,neutral,normal,UP
2025-06-04 07:00:00,147352000.0,147849000.0,147250000.0,147770000.0,19.92480045,golden,neutral,normal,DOWN
2025-06-04 08:00:00,147770000.0,147770000.0,147215000.0,147322000.0,34.3091599,dead,neutral,normal,STABLE
2025-06-04 09:00:00,147378000.0,147471000.0,146988000.0,147450000.0,94.34409178,dead,neutral,high,STABLE
2025-06-04 10:00:00,147433000.0,147601000.0,147130000.0,147196000.0,51.5759663,dead,neutral,normal,STABLE
2025-06-04 11:00:00,147239000.0,147561000.0,147000000.0,147002000.0,39.94644708,dead,neutral,normal,STABLE
2025-06-04 12:00:00,147002000.0,147446000.0,147002000.0,147045000.0,28.37244836,dead,neutral,normal,STABLE
2025-06-04 13:00:00,147054000.0,147216000.0,146830000.0,146832000.0,44.75284094,dead,neutral,normal,STABLE
2025-06-04 14:00:00,146850000.0,146974000.0,146805000.0,146857000.0,38.14818111,dead,neutral,normal,STABLE
2025-06-04 15:00:00,146857000.0,146927000.0,146648000.0,146663000.0,36.01034915,dead,neutral,normal,STABLE
2025-06-04 16:00:00,146663000.0,146699000.0,146300000.0,146356000.0,70.15434031,dead,neutral,normal,STABLE
2025-06-04 17:00:00,146364000.0,146659000.0,146333000.0,146531000.0,30.93651637,dead,neutral,normal,STABLE
2025-06-04 18:00:00,146496000.0,147103000.0,146320000.0,146946000.0,42.86998625,dead,neutral,normal,STABLE
2025-06-04 19:00:00,146991000.0,147164000.0,146854000.0,146911000.0,28.00773469,dead,neutral,normal,DOWN
2025-06-04 20:00:00,146911000.0,147100000.0,146320000.0,146320000.0,40.94366748,dead,neutral,normal,STABLE
2025-06-04 21:00:00,146320000.0,146422000.0,146070000.0,146110000.0,80.18104027,dead,neutral,high,STABLE
2025-06-04 22:00:00,146110000.0,146479000.0,145750000.0,145793000.0,95.95362243,dead,neutral,high,STABLE
2025-06-04 23:00:00,145793000.0,146037000.0,145222000.0,146026000.0,127.73361501,dead,neutral,high,STABLE
2025-06-05 00:00:00,146026000.0,146500000.0,146000000.0,146143000.0,44.19781203,dead,neutral,normal,STABLE
2025-06-05 01:00:00,146143000.0,146326000.0,145791000.0,146199000.0,23.37558637,dead,neutral,low,DOWN
2025-06-05 02:00:00,146199000.0,146270000.0,145714000.0,145715000.0,7.23293856,dead,neutral,low,STABLE
2025-06-05 03:00:00,145730000.0,146077000.0,145715000.0,145809000.0,7.82652412,dead,neutral,low,STABLE
2025-06-05 04:00:00,145809000.0,146005000.0,145702000.0,145912000.0,13.06529412,dead,neutral,low,STABLE
2025-06-05 05:00:00,145840000.0,145974000.0,145470000.0,145546000.0,27.70772454,dead,neutral,normal,UP
2025-06-05 06:00:00,145546000.0,146099000.0,145435000.0,146000000.0,32.27617879,dead,neutral,normal,DOWN
2025-06-05 07:00:00,146000000.0,146077000.0,145515000.0,145515000.0,26.09096381,dead,neutral,normal,STABLE
2025-06-05 08:00:00,145515000.0,145578000.0,145200000.0,145210000.0,72.30337832,dead,neutral,normal,STABLE
2025-06-05 09:00:00,145218000.0,145404000.0,145108000.0,145380000.0,72.9590444,dead,neutral,normal,DOWN
2025-06-05 10:00:00,145345000.0,145435000.0,144532000.0,144699000.0,155.25110343,dead,neutral,high,STABLE
2025-06-05 11:00:00,144699000.0,145206000.0,144579000.0,144970000.0,73.34270918,dead,neutral,normal,STABLE
2025-06-05 12:00:00,144999000.0,144999000.0,144700000.0,144999000.0,44.85079055,dead,neutral,normal,STABLE
2025-06-05 13:00:00,144998000.0,145307000.0,144998000.0,145287000.0,29.62349665,dead,neutral,normal,DOWN
2025-06-05 14:00:00,145201000.0,145287000.0,144452000.0,144561000.0,48.7001273,dead,neutral,normal,STABLE
2025-06-05 15:00:00,144561000.0,144599000.0,144100000.0,144244000.0,68.38264777,dead,neutral,normal,STABLE
2025-06-05 16:00:00,144244000.0,145203000.0,144174000.0,144492000.0,309.96125254,dead,neutral,high,STABLE
2025-06-05 17:00:00,144466000.0,144787000.0,144159000.0,144670000.0,125.6628025,dead,neutral,normal,STABLE
2025-06-05 18:00:00,144670000.0,145047000.0,144500000.0,145020000.0,36.29893851,dead,neutral,normal,STABLE
2025-06-05 19:00:00,145020000.0,145020000.0,144500000.0,144748000.0,44.00774691,dead,neutral,normal,STABLE
2025-06-05 20:00:00,144748000.0,144846000.0,144437000.0,144837000.0,22.826364,dead,neutral,low,UP
2025-06-05 21:00:00,144837000.0,146361000.0,144818000.0,146040000.0,98.20995762,dead,neutral,normal,DOWN
2025-06-05 22:00:00,146042000.0,146487000.0,144336000.0,144495000.0,121.57547939,dead,neutral,normal,STABLE
2025-06-05 23:00:00,144495000.0,145175000.0,144000000.0,144769000.0,115.59523168,dead,neutral,normal,STABLE
2025-06-06 00:00:00,144764000.0,145197000.0,144439000.0,144901000.0,43.43572069,dead,neutral,normal,DOWN
2025-06-06 01:00:00,144914000.0,145090000.0,143555000.0,143555000.0,81.10915501,dead,neutral,normal,STABLE
2025-06-06 02:00:00,143555000.0,143889000.0,143333000.0,143443000.0,58.58536467,dead,neutral,normal,STABLE
2025-06-06 03:00:00,143436000.0,143600000.0,142812000.0,143094000.0,102.88014729,dead,neutral,normal,DOWN
2025-06-06 04:00:00,143094000.0,143203000.0,141881000.0,141928000.0,170.24874309,dead,oversold,normal,DOWN
2025-06-06 05:00:00,141978000.0,142220000.0,140399000.0,140468000.0,301.60124529,dead,oversold,high,UP
2025-06-06 06:00:00,140468000.0,142056000.0,140401000.0,142055000.0,211.65508468,dead,neutral,high,STABLE
2025-06-06 07:00:00,142027000.0,142120000.0,141320000.0,141903000.0,101.93580123,dead,neutral,normal,STABLE
2025-06-06 08:00:00,141903000.0,142374000.0,141579000.0,141588000.0,98.24359855,dead,neutral,normal,UP
2025-06-06 09:00:00,141588000.0,142430000.0,140862000.0,142413000.0,182.58717048,dead,neutral,normal,STABLE
2025-06-06 10:00:00,142415000.0,142561000.0,141895000.0,142100000.0,100.16392416,dead,neutral,normal,STABLE
2025-06-06 11:00:00,142100000.0,142300000.0,141390000.0,142300000.0,66.83846957,dead,neutral,normal,STABLE
2025-06-06 12:00:00,142300000.0,142614000.0,142001000.0,142558000.0,47.87665914,dead,neutral,low,UP
2025-06-06 13:00:00,142558000.0,143333000.0,142558000.0,143297000.0,69.44027321,dead,neutral,normal,STABLE
2025-06-06 14:00:00,143297000.0,143606000.0,143132000.0,143296000.0,59.69905461,dead,neutral,normal,UP
2025-06-06 15:00:00,143296000.0,143801000.0,143296000.0,143785000.0,57.81453416,dead,neutral,normal,STABLE
2025-06-06 16:00:00,143785000.0,144097000.0,143552000.0,143552000.0,48.42219876,golden,neutral,low,UP
2025-06-06 17:00:00,143570000.0,144236000.0,143542000.0,144202000.0,48.90169455,golden,neutral,low,STABLE
2025-06-06 18:00:00,144202000.0,144512000.0,144202000.0,144403000.0,45.0840986,golden,neutral,low,STABLE
2025-06-06 19:00:00,144416000.0,144439000.0,143999000.0,144129000.0,43.62230297,golden,neutral,low,UP
2025-06-06 20:00:00,144165000.0,144623000.0,144052000.0,144602000.0,39.95535675,golden,neutral,low,STABLE
2025-06-06 21:00:00,144602000.0,145000000.0,144101000.0,144221000.0,82.39755992,golden,neutral,normal,UP
2025-06-06 22:00:00,144250000.0,145186000.0,144220000.0,144682000.0,81.64007442,golden,neutral,normal,UP
2025-06-06 23:00:00,144652000.0,145600000.0,144613000.0,145410000.0,57.64770522,golden,neutral,normal,STABLE
2025-06-07 00:00:00,145411000.0,146102000.0,145051000.0,145743000.0,77.53157145,golden,neutral,normal,STABLE
2025-06-07 01:00:00,145743000.0,146120000.0,145454000.0,145512000.0,42.29490695,golden,neutral,normal,STABLE
2025-06-07 02:00:00,145454000.0,145754000.0,145100000.0,145754000.0,29.62214122,golden,neutral,low,DOWN
2025-06-07 03:00:00,145614000.0,145800000.0,145098000.0,145100000.0,10.77050296,golden,neutral,low,STABLE
2025-06-07 04:00:00,145207000.0,145412000.0,144664000.0,144848000.0,17.72443211,golden,neutral,low,STABLE
2025-06-07 05:00:00,144830000.0,145400000.0,144655000.0,145277000.0,15.7078698,golden,neutral,low,STABLE
2025-06-07 06:00:00,145310000.0,145347000.0,145040000.0,145202000.0,14.49137883,golden,neutral,low,STABLE
2025-06-07 07:00:00,145203000.0,145365000.0,144882000.0,145364000.0,19.97639114,golden,neutral,low,STABLE
2025-06-07 08:00:00,145364000.0,145402000.0,145000000.0,145196000.0,18.91699515,golden,neutral,low,STABLE
2025-06-07 09:00:00,145196000.0,145322000.0,144601000.0,145320000.0,40.49013182,golden,neutral,normal,STABLE
2025-06-07 10:00:00,145306000.0,145500000.0,145164000.0,145400000.0,27.24145229,golden,neutral,normal,STABLE
2025-06-07 11:00:00,145400000.0,145402000.0,145015000.0,145394000.0,19.38520092,golden,neutral,low,STABLE
2025-06-07 12:00:00,145394000.0,145750000.0,145100000.0,145733000.0,38.27410863,golden,neutral,normal,STABLE
2025-06-07 13:00:00,145733000.0,145733000.0,145546000.0,145720000.0,18.65840833,golden,neutral,normal,STABLE
2025-06-07 14:00:00,145721000.0,145888000.0,145700000.0,145802000.0,22.02335501,golden,neutral,normal,STABLE
2025-06-07 15:00:00,145802000.0,146100000.0,145590000.0,146100000.0,23.97856891,golden,neutral,normal,DOWN
2025-06-07 16:00:00,146100000.0,146103000.0,145516000.0,145557000.0,28.299418,golden,neutral,normal,STABLE
2025-06-07 17:00:00,145555000.0,145599000.0,145338000.0,145339000.0,17.67898697,golden,neutral,normal,STABLE
2025-06-07 18:00:00,145338000.0,145500000.0,145338000.0,145368000.0,17.155349,golden,neutral,normal,STABLE
2025-06-07 19:00:00,145363000.0,145819000.0,145363000.0,145794000.0,19.29733086,golden,neutral,normal,STABLE
2025-06-07 20:00:00,145710000.0,145995000.0,145710000.0,145770000.0,20.79654601,golden,neutral,normal,UP
2025-06-07 21:00:00,145798000.0,146665000.0,145735000.0,146300000.0,62.90011942,golden,neutral,high,STABLE
2025-06-07 22:00:00,146300000.0,146749000.0,146136000.0,146615000.0,53.35771897,golden,neutral,high,STABLE
2025-06-07 23:00:00,146615000.0,146694000.0,146200000.0,146237000.0,34.48322807,golden,neutral,normal,STABLE
2025-06-08 00:00:00,146237000.0,146473000.0,146210000.0,146414000.0,28.34877185,golden,neutral,normal,STABLE
2025-06-08 01:00:00,146414000.0,146600000.0,145927000.0,146119000.0,34.94142005,golden,neutral,normal,STABLE
2025-06-08 02:00:00,146109000.0,146400000.0,145980000.0,146107000.0,5.7912957,golden,neutral,low,STABLE
2025-06-08 03:00:00,146107000.0,146613000.0,146107000.0,146400000.0,9.35192761,golden,neutral,low,STABLE
2025-06-08 04:00:00,146400000.0,146738000.0,146310000.0,146600000.0,9.82914685,golden,neutral,low,STABLE
2025-06-08 05:00:00,146620000.0,146845000.0,146502000.0,146804000.0,13.00869687,golden,neutral,normal,STABLE
2025-06-08 06:00:00,146801000.0,146895000.0,146700000.0,146756000.0,19.98019454,golden,neutral,normal,STABLE
2025-06-08 07:00:00,146758000.0,146892000.0,146658000.0,146821000.0,10.63565452,golden,neutral,low,STABLE
2025-06-08 08:00:00,146822000.0,146876000.0,146500000.0,146514000.0,27.2926681,golden,neutral,normal,STABLE
2025-06-08 09:00:00,146540000.0,146685000.0,146121000.0,146197000.0,35.07557078,golden,neutral,normal,STABLE
2025-06-08 10:00:00,146197000.0,146519000.0,146183000.0,146519000.0,17.17219172,golden,neutral,normal,STABLE
2025-06-08 11:00:00,146519000.0,146577000.0,146216000.0,146216000.0,16.45923304,golden,neutral,normal,STABLE
2025-06-08 12:00:00,146216000.0,146225000.0,145800000.0,146097000.0,26.48839398,golden,neutral,normal,STABLE
2025-06-08 13:00:00,146097000.0,146225000.0,145874000.0,146173000.0,14.21456236,dead,neutral,normal,STABLE
2025-06-08 14:00:00,146224000.0,146227000.0,145850000.0,145851000.0,15.05117753,dead,neutral,normal,STABLE
2025-06-08 15:00:00,145906000.0,146066000.0,145851000.0,145904000.0,19.73496065,dead,neutral,normal,STABLE
2025-06-08 16:00:00,145902000.0,145965000.0,145635000.0,145636000.0,25.5581043,dead,neutral,normal,STABLE
2025-06-08 17:00:00,145637000.0,145795000.0,145637000.0,145673000.0,15.69364965,dead,neutral,normal,STABLE
2025-06-08 18:00:00,145673000.0,145748000.0,145380000.0,145499000.0,30.16635495,dead,neutral,normal,STABLE
2025-06-08 19:00:00,145447000.0,145947000.0,145196000.0,145655000.0,45.80024073,dead,neutral,high,UP
2025-06-08 20:00:00,145688000.0,146160000.0,145655000.0,146122000.0,37.26966046,dead,neutral,normal,STABLE
2025-06-08 21:00:00,146122000.0,146200000.0,145811000.0,145945000.0,35.26284044,dead,neutral,normal,STABLE
2025-06-08 22:00:00,145945000.0,146450000.0,145861000.0,145927000.0,32.76229913,dead,neutral,normal,STABLE
2025-06-08 23:00:00,145886000.0,146250000.0,145840000.0,146078000.0,17.92253809,dead,neutral,normal,STABLE
2025-06-09 00:00:00,146054000.0,146500000.0,146054000.0,146300000.0,20.72212596,dead,neutral,normal,STABLE
2025-06-09 01:00:00,146300000.0,146796000.0,146276000.0,146624000.0,22.56055971,golden,neutral,normal,STABLE
2025-06-09 02:00:00,146700000.0,146745000.0,146471000.0,146471000.0,10.8581626,golden,neutral,low,STABLE
2025-06-09 03:00:00,146469000.0,146587000.0,146313000.0,146580000.0,6.30245681,golden,neutral,low,STABLE
2025-06-09 04:00:00,146580000.0,146713000.0,146517000.0,146560000.0,7.87028911,golden,neutral,low,STABLE
2025-06-09 05:00:00,146560000.0,146718000.0,146501000.0,146501000.0,15.00562162,golden,neutral,normal,STABLE
2025-06-09 06:00:00,146501000.0,146750000.0,146501000.0,146677000.0,18.73898876,golden,neutral,normal,DOWN
2025-06-09 07:00:00,146655000.0,146677000.0,145700000.0,145918000.0,38.86336967,golden,neutral,normal,STABLE
2025-06-09 08:00:00,145918000.0,145924000.0,145668000.0,145799000.0,27.51948784,golden,neutral,normal,STABLE
2025-06-09 09:00:00,145801000.0,146338000.0,145668000.0,146018000.0,49.97761509,golden,neutral,high,STABLE
2025-06-09 10:00:00,146024000.0,146028000.0,145651000.0,145652000.0,29.91185238,dead,neutral,normal,STABLE
2025-06-09 11:00:00,145652000.0,145960000.0,145650000.0,145679000.0,22.38355137,dead,neutral,normal,STABLE
2025-06-09 12:00:00,145681000.0,145681000.0,145372000.0,145562000.0,39.73577518,dead,neutral,normal,STABLE
2025-06-09 13:00:00,145562000.0,145677000.0,145364000.0,145364000.0,19.13533117,dead,neutral,normal,STABLE
2025-06-09 14:00:00,145381000.0,145381000.0,144900000.0,145015000.0,70.54162507,dead,neutral,high,UP
2025-06-09 15:00:00,145015000.0,145520000.0,144998000.0,145519000.0,24.79313175,dead,neutral,normal,STABLE
2025-06-09 16:00:00,145518000.0,145535000.0,145195000.0,145195000.0,20.40803278,dead,neutral,normal,UP
2025-06-09 17:00:00,145195000.0,145700000.0,145178000.0,145700000.0,18.43575467,dead,neutral,normal,UP
2025-06-09 18:00:00,145700000.0,147025000.0,145650000.0,146792000.0,104.32184731,dead,neutral,high,UP
2025-06-09 19:00:00,146792000.0,147900000.0,146790000.0,147379000.0,148.41118799,golden,neutral,high,UP
2025-06-09 20:00:00,147350000.0,148213000.0,147331000.0,148202000.0,95.418625,golden,overbought,high,STABLE
2025-06-09 21:00:00,148202000.0,148800000.0,148000000.0,148505000.0,126.85465191,golden,overbought,high,DOWN
2025-06-09 22:00:00,148505000.0,148614000.0,147146000.0,147364000.0,115.58826567,golden,neutral,high,UP
2025-06-09 23:00:00,147310000.0,148433000.0,147310000.0,147928000.0,76.88806716,golden,neutral,normal,STABLE
2025-06-10 00:00:00,147855000.0,148408000.0,147822000.0,148003000.0,48.4273527,golden,neutral,normal,STABLE
2025-06-10 01:00:00,148003000.0,148350000.0,147849000.0,147851000.0,25.9504009,golden,neutral,low,UP
2025-06-10 02:00:00,147851000.0,148501000.0,147851000.0,148500000.0,29.75088403,golden,neutral,normal,STABLE
2025-06-10 03:00:00,148500000.0,148700000.0,148421000.0,148560000.0,20.02063327,golden,neutral,low,STABLE
2025-06-10 04:00:00,148560000.0,148869000.0,148420000.0,148700000.0,23.67031894,golden,neutral,low,STABLE
2025-06-10 05:00:00,148583000.0,148999000.0,148580000.0,148988000.0,38.39868604,golden,neutral,normal,UP
2025-06-10 06:00:00,148940000.0,150600000.0,148904000.0,150014000.0,246.0155632,golden,overbought,high,STABLE
2025-06-10 07:00:00,150001000.0,150460000.0,149754000.0,150394000.0,114.8266331,golden,overbought,normal,STABLE
2025-06-10 08:00:00,150357000.0,150483000.0,150100000.0,150330000.0,95.95551198,golden,overbought,normal,STABLE
2025-06-10 09:00:00,150330000.0,150600000.0,150045000.0,150045000.0,143.37508201,golden,overbought,normal,STABLE
2025-06-10 10:00:00,150045000.0,150046000.0,149598000.0,149966000.0,92.30955046,golden,overbought,normal,STABLE
2025-06-10 11:00:00,149925000.0,150000000.0,149659000.0,149949000.0,49.33387455,golden,neutral,normal,STABLE
2025-06-10 12:00:00,149956000.0,149975000.0,149647000.0,149695000.0,33.60845848,golden,neutral,low,STABLE
2025-06-10 13:00:00,149724000.0,150065000.0,149621000.0,149995000.0,79.85772376,golden,neutral,normal,STABLE
2025-06-10 14:00:00,149912000.0,150205000.0,149868000.0,149948000.0,87.10908186,golden,neutral,normal,STABLE
2025-06-10 15:00:00,149940000.0,150221000.0,149851000.0,150116000.0,67.2789128,golden,neutral,normal,STABLE
2025-06-10 16:00:00,150115000.0,150270000.0,149919000.0,150060000.0,61.84288302,golden,neutral,normal,STABLE
2025-06-10 17:00:00,150014000.0,150200000.0,149922000.0,149922000.0,26.48876018,golden,neutral,low,UP
2025-06-10 18:00:00,149922000.0,150500000.0,149826000.0,150500000.0,55.39691838,golden,overbought,normal,STABLE
2025-06-10 19:00:00,150499000.0,150548000.0,150210000.0,150215000.0,38.35240109,golden,neutral,normal,STABLE
2025-06-10 20:00:00,150215000.0,150670000.0,150100000.0,150193000.0,91.46896506,golden,neutral,normal,STABLE
2025-06-10 21:00:00,150193000.0,150330000.0,149998000.0,150327000.0,52.1267525,golden,neutral,normal,STABLE
2025-06-10 22:00:00,150309000.0,150690000.0,149613000.0,150047000.0,96.33345751,golden,neutral,normal,DOWN
2025-06-10 23:00:00,150045000.0,150096000.0,149144000.0,149179000.0,79.00614115,golden,neutral,normal,UP
2025-06-11 00:00:00,149179000.0,149974000.0,149060000.0,149773000.0,49.10724009,dead,neutral,normal,STABLE
2025-06-11 01:00:00,149773000.0,150000000.0,149399000.0,149470000.0,16.5154977,dead,neutral,low,STABLE
2025-06-11 02:00:00,149470000.0,149890000.0,149430000.0,149500000.0,15.00426893,dead,neutral,low,UP
2025-06-11 03:00:00,149500000.0,150196000.0,149300000.0,149962000.0,20.25621828,dead,neutral,low,STABLE
2025-06-11 04:00:00,149955000.0,150992000.0,149916000.0,150098000.0,60.78645554,dead,neutral,normal,UP
2025-06-11 05:00:00,150098000.0,150700000.0,149910000.0,150689000.0,21.75204068,dead,neutral,low,STABLE
2025-06-11 06:00:00,150689000.0,150726000.0,150150000.0,150395000.0,31.62555215,golden,neutral,normal,STABLE
2025-06-11 07:00:00,150395000.0,150650000.0,150106000.0,150194000.0,43.39787663,golden,neutral,normal,STABLE
2025-06-11 08:00:00,150170000.0,150655000.0,150050000.0,150604000.0,47.21734307,golden,neutral,normal,STABLE
2025-06-11 09:00:00,150628000.0,150750000.0,150281000.0,150395000.0,64.87191573,golden,neutral,normal,STABLE
2025-06-11 10:00:00,150395000.0,150483000.0,150290000.0,150335000.0,31.21552511,golden,neutral,normal,STABLE
2025-06-11 11:00:00,150331000.0,150679000.0,150330000.0,150566000.0,41.58915723,golden,neutral,normal,STABLE
2025-06-11 12:00:00,150566000.0,150798000.0,150487000.0,150600000.0,35.88221434,golden,neutral,normal,STABLE
2025-06-11 13:00:00,150638000.0,150638000.0,150460000.0,150470000.0,18.38903587,golden,neutral,low,STABLE
2025-06-11 14:00:00,150470000.0,150640000.0,150390000.0,150414000.0,35.13489256,golden,neutral,normal,STABLE
2025-06-11 15:00:00,150414000.0,150583000.0,150407000.0,150583000.0,29.41498307,golden,neutral,normal,STABLE
2025-06-11 16:00:00,150582000.0,150780000.0,150545000.0,150582000.0,34.24935373,golden,neutral,normal,STABLE
2025-06-11 17:00:00,150552000.0,150778000.0,150500000.0,150765000.0,33.98373307,golden,neutral,normal,STABLE
2025-06-11 18:00:00,150765000.0,150770000.0,150395000.0,150400000.0,26.12973835,golden,neutral,normal,STABLE
2025-06-11 19:00:00,150400000.0,150600000.0,150394000.0,150541000.0,23.97759738,golden,neutral,normal,STABLE
2025-06-11 20:00:00,150540000.0,150573000.0,150425000.0,150430000.0,18.93865243,golden,neutral,normal,UP
2025-06-11 21:00:00,150430000.0,151090000.0,150394000.0,150885000.0,121.26986569,golden,neutral,high,STABLE
2025-06-11 22:00:00,150885000.0,151160000.0,150557000.0,150880000.0,73.45435531,golden,neutral,normal,STABLE
2025-06-11 23:00:00,150899000.0,151400000.0,150746000.0,150865000.0,86.83005531,golden,neutral,normal,STABLE
2025-06-12 00:00:00,150865000.0,151070000.0,150700000.0,150763000.0,34.77021182,golden,neutral,normal,STABLE
2025-06-12 01:00:00,150763000.0,150795000.0,150394000.0,150402000.0,37.4841703,golden,neutral,normal,STABLE
2025-06-12 02:00:00,150398000.0,150843000.0,150071000.0,150071000.0,33.86762422,golden,neutral,normal,STABLE
2025-06-12 03:00:00,150071000.0,150132000.0,149526000.0,149867000.0,70.54903097,dead,neutral,normal,STABLE
2025-06-12 04:00:00,149852000.0,150083000.0,149617000.0,149885000.0,18.59077577,dead,neutral,low,STABLE
2025-06-12 05:00:00,149886000.0,150200000.0,149692000.0,150030000.0,18.51171481,dead,neutral,low,STABLE
2025-06-12 06:00:00,150033000.0,150400000.0,149600000.0,149655000.0,49.7038435,dead,neutral,normal,STABLE
2025-06-12 07:00:00,149655000.0,149788000.0,148999000.0,149495000.0,102.73541034,dead,neutral,high,STABLE
2025-06-12 08:00:00,149492000.0,149765000.0,149463000.0,149702000.0,38.54036406,dead,neutral,normal,STABLE
2025-06-12 09:00:00,149710000.0,149840000.0,149300000.0,149710000.0,48.46827394,dead,neutral,normal,STABLE
2025-06-12 10:00:00,149710000.0,149710000.0,149177000.0,149380000.0,39.67486737,dead,neutral,normal,STABLE
2025-06-12 11:00:00,149380000.0,149799000.0,149200000.0,149200000.0,37.16272966,dead,neutral,normal,DOWN
2025-06-12 12:00:00,149208000.0,149208000.0,148142000.0,148256000.0,122.45514927,dead,oversold,high,STABLE
2025-06-12 13:00:00,148256000.0,148256000.0,147520000.0,148052000.0,119.24818267,dead,oversold,high,STABLE
2025-06-12 14:00:00,148100000.0,148321000.0,147904000.0,147970000.0,59.21296669,dead,oversold,normal,STABLE
2025-06-12 15:00:00,147970000.0,148377000.0,147960000.0,148319000.0,40.32940476,dead,neutral,normal,STABLE
2025-06-12 16:00:00,148319000.0,148391000.0,147999000.0,148058000.0,38.56929136,dead,oversold,normal,STABLE
2025-06-12 17:00:00,148058000.0,148295000.0,147840000.0,147980000.0,54.62258201,dead,oversold,normal,DOWN
2025-06-12 18:00:00,147979000.0,147980000.0,147450000.0,147459000.0,57.75815772,dead,oversold,normal,STABLE
2025-06-12 19:00:00,147459000.0,147459000.0,147002000.0,147142000.0,71.71193783,dead,oversold,normal,STABLE
2025-06-12 20:00:00,147142000.0,147237000.0,146800000.0,146877000.0,99.09203414,dead,oversold,normal,STABLE
2025-06-12 21:00:00,146877000.0,147456000.0,146568000.0,146804000.0,126.52886482,dead,oversold,high,STABLE
2025-06-12 22:00:00,146738000.0,147394000.0,146568000.0,147242000.0,83.39349449,dead,oversold,normal,UP
2025-06-12 23:00:00,147242000.0,148060000.0,147242000.0,147773000.0,65.34491394,dead,neutral,normal,DOWN
2025-06-13 00:00:00,147772000.0,148052000.0,147166000.0,147300000.0,40.96617375,dead,neutral,normal,UP
2025-06-13 01:00:00,147301000.0,148200000.0,147290000.0,148020000.0,38.7537153,dead,neutral,normal,STABLE
2025-06-13 02:00:00,148020000.0,148674000.0,147936000.0,148398000.0,67.97838474,dead,neutral,normal,DOWN
2025-06-13 03:00:00,148340000.0,148589000.0,147452000.0,147837000.0,17.95445965,dead,neutral,low,DOWN
2025-06-13 04:00:00,147746000.0,148149000.0,147000000.0,147079000.0,31.65903727,dead,neutral,normal,DOWN
2025-06-13 05:00:00,147079000.0,147347000.0,146018000.0,146354000.0,87.83329767,dead,neutral,normal,STABLE
2025-06-13 06:00:00,146289000.0,146859000.0,146100000.0,146100000.0,59.24912148,dead,neutral,normal,STABLE
2025-06-13 07:00:00,146100000.0,146539000.0,145930000.0,146134000.0,91.22421853,dead,neutral,normal,STABLE
2025-06-13 08:00:00,146134000.0,146410000.0,145801000.0,145801000.0,71.46007696,dead,oversold,normal,DOWN
2025-06-13 09:00:00,145811000.0,145814000.0,143015000.0,144211000.0,636.6283359,dead,oversold,high,STABLE
2025-06-13 10:00:00,144211000.0,144333000.0,143000000.0,144199000.0,319.44531468,dead,oversold,high,STABLE
2025-06-13 11:00:00,144199000.0,144539000.0,143498000.0,144149000.0,156.3466632,dead,oversold,normal,UP
2025-06-13 12:00:00,144147000.0,145679000.0,144101000.0,145456000.0,148.46457131,dead,neutral,normal,STABLE
2025-06-13 13:00:00,145434000.0,145577000.0,144604000.0,145478000.0,78.0345218,dead,neutral,normal,DOWN
2025-06-13 14:00:00,145478000.0,145478000.0,144880000.0,144895000.0,47.82770862,dead,neutral,low,UP
2025-06-13 15:00:00,144899000.0,145650000.0,144450000.0,145629000.0,70.38646152,dead,neutral,normal,UP
2025-06-13 16:00:00,145629000.0,146200000.0,145247000.0,146181000.0,79.59502733,dead,neutral,normal,STABLE
2025-06-13 17:00:00,146181000.0,146844000.0,145865000.0,145867000.0,108.79711432,dead,neutral,normal,STABLE
2025-06-13 18:00:00,145866000.0,146164000.0,145569000.0,146116000.0,50.4585742,dead,neutral,low,STABLE
2025-06-13 19:00:00,146116000.0,146230000.0,145637000.0,146030000.0,33.48711378,dead,neutral,low,STABLE
2025-06-13 20:00:00,146032000.0,146254000.0,145890000.0,146195000.0,32.4371992,golden,neutral,low,STABLE
2025-06-13 21:00:00,146144000.0,146438000.0,145900000.0,145901000.0,42.86372478,golden,neutral,low,STABLE
2025-06-13 22:00:00,145964000.0,146384000.0,145566000.0,145703000.0,55.6975442,golden,neutral,normal,STABLE
2025-06-13 23:00:00,145703000.0,146053000.0,144971000.0,145916000.0,77.54243973,golden,neutral,normal,UP
2025-06-14 00:00:00,145915000.0,146717000.0,145622000.0,146404000.0,62.49464408,golden,neutral,normal,STABLE
2025-06-14 01:00:00,146420000.0,146896000.0,146245000.0,146759000.0,27.58839735,golden,neutral,low,DOWN
2025-06-14 02:00:00,146759000.0,146762000.0,145680000.0,146281000.0,19.59816538,golden,neutral,low,STABLE
2025-06-14 03:00:00,146312000.0,146390000.0,145520000.0,146110000.0,25.43600201,golden,neutral,low,STABLE
2025-06-14 04:00:00,146110000.0,146422000.0,145767000.0,146100000.0,9.62136367,golden,neutral,low,UP
2025-06-14 05:00:00,146046000.0,146600000.0,146015000.0,146599000.0,16.13125975,golden,neutral,low,STABLE
2025-06-14 06:00:00,146599000.0,146890000.0,146345000.0,146884000.0,25.20596525,golden,neutral,low,STABLE
2025-06-14 07:00:00,146884000.0,147099000.0,146732000.0,147081000.0,31.208934,golden,neutral,normal,STABLE
2025-06-14 08:00:00,147081000.0,147340000.0,147007000.0,147266000.0,39.82832683,golden,neutral,normal,STABLE
2025-06-14 09:00:00,147265000.0,147526000.0,147009000.0,147075000.0,52.29453801,golden,neutral,normal,DOWN
2025-06-14 10:00:00,147128000.0,147128000.0,146481000.0,146536000.0,55.41394985,golden,neutral,normal,STABLE
2025-06-14 11:00:00,146536000.0,146749000.0,146300000.0,146478000.0,28.97152402,golden,neutral,normal,STABLE
2025-06-14 12:00:00,146490000.0,146608000.0,146264000.0,146382000.0,25.13998278,golden,neutral,normal,STABLE
2025-06-14 13:00:00,146473000.0,146704000.0,146382000.0,146698000.0,22.16290516,golden,neutral,normal,STABLE
2025-06-14 14:00:00,146699000.0,146704000.0,146497000.0,146500000.0,14.23892294,golden,neutral,low,STABLE
2025-06-14 15:00:00,146497000.0,146500000.0,146050000.0,146100000.0,28.91276976,dead,neutral,normal,STABLE
2025-06-14 16:00:00,146106000.0,146106000.0,145657000.0,145822000.0,41.43803251,dead,neutral,normal,STABLE
2025-06-14 17:00:00,145843000.0,145972000.0,145500000.0,145851000.0,31.10471266,dead,neutral,normal,STABLE
2025-06-14 18:00:00,145851000.0,145877000.0,145495000.0,145496000.0,18.11486898,dead,neutral,normal,STABLE
2025-06-14 19:00:00,145496000.0,145807000.0,145491000.0,145768000.0,15.88537702,dead,neutral,normal,STABLE
2025-06-14 20:00:00,145768000.0,145807000.0,145518000.0,145772000.0,15.06343881,dead,neutral,normal,STABLE
2025-06-14 21:00:00,145772000.0,145835000.0,145510000.0,145648000.0,27.4259902,dead,neutral,normal,STABLE
2025-06-14 22:00:00,145648000.0,145850000.0,145600000.0,145679000.0,15.59727634,dead,neutral,normal,STABLE
2025-06-14 23:00:00,145679000.0,145945000.0,145651000.0,145663000.0,26.0982261,dead,neutral,normal,STABLE
2025-06-15 00:00:00,145790000.0,145790000.0,145450000.0,145550000.0,16.97897532,dead,neutral,normal,STABLE
2025-06-15 01:00:00,145551000.0,145710000.0,145082000.0,145189000.0,32.93057385,dead,neutral,normal,STABLE
2025-06-15 02:00:00,145189000.0,145600000.0,145170000.0,145462000.0,11.39941694,dead,neutral,low,STABLE
2025-06-15 03:00:00,145462000.0,145864000.0,145175000.0,145864000.0,14.59212323,dead,neutral,normal,STABLE
2025-06-15 04:00:00,145864000.0,146017000.0,145570000.0,145601000.0,9.50800239,dead,neutral,low,UP
2025-06-15 05:00:00,145638000.0,146143000.0,145116000.0,146067000.0,15.21890765,dead,neutral,normal,STABLE
2025-06-15 06:00:00,146040000.0,146500000.0,145920000.0,146419000.0,24.46599626,dead,neutral,normal,STABLE
2025-06-15 07:00:00,146476000.0,146740000.0,146371000.0,146507000.0,22.83980077,golden,neutral,normal,STABLE
2025-06-15 08:00:00,146512000.0,146583000.0,146317000.0,146401000.0,18.60381782,golden,neutral,normal,STABLE
2025-06-15 09:00:00,146401000.0,146839000.0,146400000.0,146837000.0,21.16931674,golden,neutral,normal,DOWN
2025-06-15 10:00:00,146839000.0,146883000.0,146259000.0,146286000.0,31.36321268,golden,neutral,normal,STABLE
2025-06-15 11:00:00,146286000.0,146683000.0,146250000.0,146516000.0,12.3955904,golden,neutral,normal,STABLE
2025-06-15 12:00:00,146516000.0,146632000.0,146370000.0,146370000.0,13.04536356,golden,neutral,normal,STABLE
2025-06-15 13:00:00,146404000.0,146545000.0,146370000.0,146520000.0,11.40452027,golden,neutral,normal,UP
2025-06-15 14:00:00,146520000.0,147100000.0,146519000.0,147061000.0,39.32669137,golden,neutral,normal,DOWN
2025-06-15 15:00:00,147099000.0,147100000.0,146200000.0,146215000.0,31.88118888,golden,neutral,normal,STABLE
2025-06-15 16:00:00,146215000.0,146274000.0,145985000.0,146261000.0,44.47813806,golden,neutral,high,DOWN
2025-06-15 17:00:00,146262000.0,146273000.0,145700000.0,145751000.0,29.41683182,golden,neutral,normal,STABLE
2025-06-15 18:00:00,145794000.0,145800000.0,145501000.0,145600000.0,32.78396788,golden,neutral,normal,STABLE
2025-06-15 19:00:00,145600000.0,146083000.0,145544000.0,145928000.0,20.85287841,dead,neutral,normal,STABLE
2025-06-15 20:00:00,145928000.0,145976000.0,145602000.0,145692000.0,16.64918206,dead,neutral,normal,STABLE
2025-06-15 21:00:00,145634000.0,145891000.0,145589000.0,145891000.0,20.3672341,dead,neutral,normal,STABLE
2025-06-15 22:00:00,145891000.0,146354000.0,145870000.0,146221000.0,41.36325787,dead,neutral,normal,STABLE
2025-06-15 23:00:00,146222000.0,146450000.0,145969000.0,146345000.0,30.00247373,dead,neutral,normal,STABLE
2025-06-16 00:00:00,146342000.0,146456000.0,146189000.0,146268000.0,23.12658477,dead,neutral,normal,STABLE
2025-06-16 01:00:00,146268000.0,146400000.0,145971000.0,146197000.0,10.11182625,dead,neutral,low,STABLE
2025-06-16 02:00:00,146197000.0,146365000.0,146070000.0,146339000.0,12.7923094,golden,neutral,normal,STABLE
2025-06-16 03:00:00,146211000.0,146338000.0,146070000.0,146174000.0,3.1978336,golden,neutral,low,STABLE
2025-06-16 04:00:00,146174000.0,146286000.0,145668000.0,145828000.0,13.47989768,dead,neutral,normal,STABLE
2025-06-16 05:00:00,145841000.0,146000000.0,145385000.0,145538000.0,29.46163499,dead,neutral,normal,STABLE
2025-06-16 06:00:00,145538000.0,145538000.0,145220000.0,145500000.0,27.09939421,dead,neutral,normal,STABLE
2025-06-16 07:00:00,145500000.0,145950000.0,145454000.0,145840000.0,25.68150704,dead,neutral,normal,STABLE
2025-06-16 08:00:00,145813000.0,146158000.0,145739000.0,145997000.0,34.82336595,dead,neutral,normal,STABLE
2025-06-16 09:00:00,145998000.0,146146000.0,145760000.0,145762000.0,45.04173126,dead,neutral,normal,STABLE
2025-06-16 10:00:00,145762000.0,146351000.0,145250000.0,146196000.0,55.16600581,dead,neutral,high,STABLE
2025-06-16 11:00:00,146196000.0,146324000.0,145981000.0,146087000.0,31.53627053,golden,neutral,normal,STABLE
2025-06-16 12:00:00,146087000.0,146290000.0,146002000.0,146190000.0,24.42261267,golden,neutral,normal,UP
2025-06-16 13:00:00,146190000.0,146670000.0,146163000.0,146669000.0,56.61812435,golden,neutral,high,STABLE
2025-06-16 14:00:00,146669000.0,147000000.0,146651000.0,146691000.0,84.90087713,golden,neutral,high,STABLE
2025-06-16 15:00:00,146691000.0,147036000.0,146641000.0,146816000.0,50.780337,golden,neutral,normal,UP
2025-06-16 16:00:00,146804000.0,147708000.0,146804000.0,147503000.0,84.9577992,golden,neutral,high,STABLE
2025-06-16 17:00:00,147500000.0,147915000.0,147351000.0,147790000.0,65.89956316,golden,overbought,normal,DOWN
2025-06-16 18:00:00,147688000.0,148000000.0,147000000.0,147132000.0,143.19334879,golden,neutral,high,STABLE
2025-06-16 19:00:00,147063000.0,147544000.0,146993000.0,147075000.0,57.24226791,golden,neutral,normal,STABLE
2025-06-16 20:00:00,147075000.0,147310000.0,146812000.0,147241000.0,39.116114,golden,neutral,normal,STABLE
2025-06-16 21:00:00,147225000.0,147256000.0,146861000.0,147071000.0,36.65395316,golden,neutral,normal,STABLE
2025-06-16 22:00:00,147063000.0,147602000.0,146700000.0,147501000.0,58.98776442,golden,neutral,normal,STABLE
2025-06-16 23:00:00,147501000.0,148000000.0,146900000.0,147685000.0,101.09692801,golden,neutral,normal,STABLE
2025-06-17 00:00:00,147685000.0,147805000.0,147300000.0,147483000.0,36.95890122,golden,neutral,normal,STABLE
2025-06-17 01:00:00,147450000.0,148000000.0,147267000.0,147907000.0,33.73630123,golden,neutral,normal,STABLE
2025-06-17 02:00:00,147907000.0,148200000.0,147741000.0,147868000.0,22.98881848,golden,neutral,low,UP
2025-06-17 03:00:00,147868000.0,148498000.0,147773000.0,148498000.0,19.48247214,golden,neutral,low,STABLE
2025-06-17 04:00:00,148489000.0,149303000.0,148485000.0,148904000.0,71.21724955,golden,overbought,normal,STABLE
2025-06-17 05:00:00,148880000.0,149227000.0,148697000.0,149110000.0,37.117866,golden,overbought,normal,STABLE
2025-06-17 06:00:00,149110000.0,149277000.0,148506000.0,148817000.0,46.18276341,golden,neutral,normal,DOWN
2025-06-17 07:00:00,148800000.0,149201000.0,147610000.0,148088000.0,102.45317288,golden,neutral,normal,DOWN
2025-06-17 08:00:00,148042000.0,148261000.0,146659000.0,146673000.0,103.02346137,golden,neutral,normal,UP
2025-06-17 09:00:00,146661000.0,147650000.0,146345000.0,147649000.0,163.19995691,golden,neutral,high,STABLE
2025-06-17 10:00:00,147649000.0,147700000.0,147320000.0,147559000.0,47.38900532,golden,neutral,normal,STABLE
2025-06-17 11:00:00,147512000.0,147900000.0,146700000.0,147842000.0,56.40671513,dead,neutral,normal,STABLE
2025-06-17 12:00:00,147839000.0,147957000.0,147468000.0,147648000.0,39.69089084,dead,neutral,normal,STABLE
2025-06-17 13:00:00,147652000.0,147781000.0,147334000.0,147518000.0,26.58620599,dead,neutral,low,STABLE
2025-06-17 14:00:00,147501000.0,147560000.0,147122000.0,147220000.0,28.57231779,dead,neutral,normal,STABLE
2025-06-17 15:00:00,147220000.0,147430000.0,146900000.0,146954000.0,48.28408942,dead,neutral,normal,STABLE
2025-06-17 16:00:00,146951000.0,146999000.0,146670000.0,146954000.0,37.95284343,dead,neutral,normal,STABLE
2025-06-17 17:00:00,146954000.0,146999000.0,146550000.0,146647000.0,34.29813346,dead,neutral,normal,STABLE
2025-06-17 18:00:00,146647000.0,146780000.0,146157000.0,146277000.0,47.88109215,dead,neutral,normal,STABLE
2025-06-17 19:00:00,146191000.0,146298000.0,145765000.0,146040000.0,63.67415591,dead,neutral,normal,STABLE
2025-06-17 20:00:00,146042000.0,146080000.0,145500000.0,145810000.0,60.44759991,dead,neutral,normal,STABLE
2025-06-17 21:00:00,145810000.0,146077000.0,145532000.0,145532000.0,54.05307324,dead,neutral,normal,STABLE
2025-06-17 22:00:00,145552000.0,145900000.0,145250000.0,145516000.0,91.88782286,dead,neutral,normal,DOWN
2025-06-17 23:00:00,145519000.0,145750000.0,145000000.0,145000000.0,123.65837134,dead,oversold,normal,DOWN
2025-06-18 00:00:00,145000000.0,145200000.0,144341000.0,144482000.0,128.59180756,dead,oversold,normal,STABLE
2025-06-18 01:00:00,144482000.0,144793000.0,143984000.0,144109000.0,91.8174464,dead,oversold,normal,UP
2025-06-18 02:00:00,144131000.0,145018000.0,143900000.0,144559000.0,56.95621099,dead,neutral,normal,UP
2025-06-18 03:00:00,144703000.0,145261000.0,144418000.0,145261000.0,35.99375645,dead,neutral,normal,STABLE
2025-06-18 04:00:00,145270000.0,146277000.0,145261000.0,145607000.0,39.75149951,dead,neutral,normal,STABLE
2025-06-18 05:00:00,145607000.0,145800000.0,145167000.0,145398000.0,32.50604143,dead,neutral,normal,STABLE
2025-06-18 06:00:00,145398000.0,145835000.0,145251000.0,145661000.0,24.18327647,dead,neutral,low,DOWN
2025-06-18 07:00:00,145638000.0,145707000.0,145100000.0,145130000.0,32.96933488,dead,neutral,normal,STABLE
2025-06-18 08:00:00,145136000.0,145690000.0,145100000.0,145456000.0,36.43337574,dead,neutral,normal,STABLE
2025-06-18 09:00:00,145456000.0,145800000.0,145233000.0,145770000.0,47.4205544,dead,neutral,normal,STABLE
2025-06-18 10:00:00,145757000.0,146036000.0,145471000.0,145499000.0,46.00845417,dead,neutral,normal,STABLE
2025-06-18 11:00:00,145501000.0,145886000.0,145388000.0,145555000.0,36.19718402,dead,neutral,normal,STABLE
2025-06-18 12:00:00,145555000.0,145900000.0,145447000.0,145770000.0,21.37198044,golden,neutral,low,STABLE
2025-06-18 13:00:00,145770000.0,146128000.0,145625000.0,146077000.0,29.89154398,golden,neutral,normal,STABLE
2025-06-18 14:00:00,146077000.0,146112000.0,145840000.0,145846000.0,31.23645868,golden,neutral,normal,DOWN
2025-06-18 15:00:00,145846000.0,146000000.0,145300000.0,145324000.0,25.84920028,golden,neutral,low,STABLE
2025-06-18 16:00:00,145330000.0,145677000.0,145011000.0,145610000.0,31.30790342,golden,neutral,normal,STABLE
2025-06-18 17:00:00,145622000.0,145920000.0,145400000.0,145691000.0,21.60808505,golden,neutral,low,STABLE
2025-06-18 18:00:00,145699000.0,145880000.0,145073000.0,145346000.0,24.69260464,golden,neutral,normal,DOWN
2025-06-18 19:00:00,145346000.0,145426000.0,144595000.0,144711000.0,63.24127629,dead,neutral,normal,UP
2025-06-18 20:00:00,144711000.0,145456000.0,144646000.0,145398000.0,57.86044601,dead,neutral,normal,STABLE
2025-06-18 21:00:00,145398000.0,145456000.0,144999000.0,145012000.0,33.20936592,dead,neutral,normal,STABLE
2025-06-18 22:00:00,145011000.0,145106000.0,144365000.0,145065000.0,86.17393653,dead,neutral,high,STABLE
2025-06-18 23:00:00,145105000.0,146000000.0,144771000.0,145131000.0,75.24365925,dead,neutral,normal,STABLE
2025-06-19 00:00:00,145147000.0,145600000.0,144640000.0,145411000.0,29.27880788,dead,neutral,normal,STABLE
2025-06-19 01:00:00,145411000.0,145541000.0,144950000.0,145069000.0,13.49916937,dead,neutral,low,STABLE
2025-06-19 02:00:00,145138000.0,145236000.0,144186000.0,145003000.0,32.59879456,dead,neutral,normal,DOWN
2025-06-19 03:00:00,145131000.0,145500000.0,144186000.0,144273000.0,27.89644208,dead,neutral,normal,STABLE
2025-06-19 04:00:00,144301000.0,145238000.0,144150000.0,144507000.0,23.23066031,dead,neutral,normal,UP
2025-06-19 05:00:00,144556000.0,145598000.0,144302000.0,145426000.0,30.64406474,dead,neutral,normal,STABLE
2025-06-19 06:00:00,145426000.0,145660000.0,144880000.0,145577000.0,31.87157179,dead,neutral,normal,STABLE
2025-06-19 07:00:00,145641000.0,145682000.0,145226000.0,145336000.0,21.55820889,dead,neutral,normal,STABLE
2025-06-19 08:00:00,145330000.0,145383000.0,145109000.0,145380000.0,28.72764672,dead,neutral,normal,STABLE
2025-06-19 09:00:00,145381000.0,145899000.0,145049000.0,145616000.0,79.87662979,golden,neutral,high,STABLE
2025-06-19 10:00:00,145616000.0,145690000.0,145100000.0,145521000.0,58.26851018,golden,neutral,normal,STABLE
2025-06-19 11:00:00,145521000.0,146000000.0,145385000.0,145696000.0,64.79180743,golden,neutral,normal,STABLE
2025-06-19 12:00:00,145734000.0,145925000.0,145600000.0,145835000.0,44.93584596,golden,neutral,normal,STABLE
2025-06-19 13:00:00,145835000.0,145900000.0,145561000.0,145701000.0,28.0335746,golden,neutral,normal,STABLE
2025-06-19 14:00:00,145701000.0,145855000.0,145521000.0,145521000.0,28.46838889,golden,neutral,normal,STABLE
2025-06-19 15:00:00,145576000.0,145631000.0,145273000.0,145424000.0,29.20553181,golden,neutral,normal,STABLE
2025-06-19 16:00:00,145424000.0,145581000.0,145303000.0,145325000.0,17.90118196,golden,neutral,low,STABLE
2025-06-19 17:00:00,145324000.0,145600000.0,145300000.0,145361000.0,21.45479158,golden,neutral,normal,STABLE
2025-06-19 18:00:00,145360000.0,145600000.0,145304000.0,145592000.0,15.87128602,golden,neutral,low,STABLE
2025-06-19 19:00:00,145592000.0,145655000.0,145379000.0,145510000.0,16.836899,golden,neutral,normal,STABLE
2025-06-19 20:00:00,145510000.0,145510000.0,145300000.0,145405000.0,17.25349316,golden,neutral,normal,STABLE
2025-06-19 21:00:00,145405000.0,145649000.0,145323000.0,145435000.0,13.26945562,golden,neutral,low,DOWN
2025-06-19 22:00:00,145438000.0,145445000.0,144702000.0,144823000.0,39.91144053,dead,neutral,normal,STABLE
2025-06-19 23:00:00,144845000.0,145273000.0,144565000.0,144665000.0,34.77503236,dead,neutral,normal,STABLE
2025-06-20 00:00:00,144723000.0,145033000.0,144710000.0,144823000.0,35.45489098,dead,neutral,normal,STABLE
2025-06-20 01:00:00,144826000.0,145105000.0,144505000.0,144507000.0,18.14136924,dead,neutral,normal,STABLE
2025-06-20 02:00:00,144542000.0,145383000.0,144500000.0,144935000.0,21.6283315,dead,neutral,normal,STABLE
2025-06-20 03:00:00,145000000.0,145177000.0,144699000.0,144866000.0,13.93337542,dead,neutral,low,STABLE
2025-06-20 04:00:00,144866000.0,144902000.0,144501000.0,144620000.0,20.4718063,dead,neutral,normal,STABLE
2025-06-20 05:00:00,144655000.0,144810000.0,144550000.0,144591000.0,13.41434671,dead,neutral,low,STABLE
2025-06-20 06:00:00,144591000.0,144809000.0,144550000.0,144635000.0,17.88559736,dead,neutral,normal,STABLE
2025-06-20 07:00:00,144635000.0,145194000.0,144634000.0,144901000.0,25.02843165,dead,neutral,normal,STABLE
2025-06-20 08:00:00,144901000.0,145196000.0,144818000.0,144978000.0,23.9595245,dead,neutral,normal,STABLE
2025-06-20 09:00:00,144979000.0,145007000.0,144612000.0,144861000.0,34.57703606,dead,neutral,normal,STABLE
2025-06-20 10:00:00,144861000.0,144864000.0,144373000.0,144828000.0,48.22333886,dead,neutral,high,STABLE
2025-06-20 11:00:00,144800000.0,144862000.0,144500000.0,144600000.0,21.73149611,dead,neutral,normal,STABLE
2025-06-20 12:00:00,144633000.0,144690000.0,144466000.0,144467000.0,28.67293186,dead,neutral,normal,DOWN
2025-06-20 13:00:00,144466000.0,144486000.0,143998000.0,144000000.0,86.17110699,dead,neutral,high,STABLE
2025-06-20 14:00:00,144000000.0,144415000.0,143997000.0,144401000.0,39.02411365,dead,neutral,normal,STABLE
2025-06-20 15:00:00,144400000.0,144714000.0,144400000.0,144610000.0,32.41630534,dead,neutral,normal,UP
2025-06-20 16:00:00,144610000.0,146040000.0,144549000.0,146039000.0,107.12192609,dead,neutral,high,STABLE
2025-06-20 17:00:00,146039000.0,146930000.0,146000000.0,146230000.0,151.26559521,golden,neutral,high,STABLE
2025-06-20 18:00:00,146150000.0,146236000.0,145847000.0,146097000.0,52.42631565,golden,neutral,normal,STABLE
2025-06-20 19:00:00,146048000.0,146400000.0,145915000.0,146156000.0,30.31940466,golden,neutral,normal,STABLE
2025-06-20 20:00:00,146149000.0,146211000.0,145900000.0,146070000.0,26.93054464,golden,neutral,normal,STABLE
2025-06-20 21:00:00,146070000.0,146248000.0,145986000.0,146207000.0,26.38760961,golden,neutral,normal,STABLE
2025-06-20 22:00:00,146204000.0,146361000.0,145555000.0,145771000.0,41.75474013,golden,neutral,normal,DOWN
2025-06-20 23:00:00,145899000.0,145988000.0,144200000.0,144246000.0,101.43468096,golden,neutral,high,UP
2025-06-21 00:00:00,144236000.0,145199000.0,144200000.0,144816000.0,54.42492844,golden,neutral,normal,DOWN
2025-06-21 01:00:00,144816000.0,144957000.0,144000000.0,144265000.0,52.61678803,dead,neutral,normal,STABLE
2025-06-21 02:00:00,144266000.0,144370000.0,143107000.0,144021000.0,171.00727769,dead,neutral,high,STABLE
2025-06-21 03:00:00,144001000.0,144086000.0,143668000.0,143818000.0,27.12342578,dead,neutral,low,STABLE
2025-06-21 04:00:00,143745000.0,144300000.0,143639000.0,144172000.0,19.78187914,dead,neutral,low,UP
2025-06-21 05:00:00,144150000.0,144692000.0,144020000.0,144629000.0,17.12300571,dead,neutral,low,STABLE
2025-06-21 06:00:00,144629000.0,144630000.0,144223000.0,144370000.0,44.06724462,dead,neutral,normal,DOWN
2025-06-21 07:00:00,144304000.0,144373000.0,143752000.0,143836000.0,63.99206556,dead,neutral,normal,STABLE
2025-06-21 08:00:00,143818000.0,143966000.0,143645000.0,143956000.0,37.0275175,dead,neutral,normal,STABLE
2025-06-21 09:00:00,143956000.0,144001000.0,143700000.0,143940000.0,45.7711795,dead,neutral,normal,STABLE
2025-06-21 10:00:00,143940000.0,144077000.0,143770000.0,144077000.0,34.9596014,dead,neutral,normal,STABLE
2025-06-21 11:00:00,144077000.0,144239000.0,144049000.0,144200000.0,27.77823083,dead,neutral,low,STABLE
2025-06-21 12:00:00,144104000.0,144272000.0,144103000.0,144155000.0,23.93449495,dead,neutral,low,STABLE
2025-06-21 13:00:00,144155000.0,144189000.0,143895000.0,143897000.0,22.99639363,dead,neutral,low,STABLE
2025-06-21 14:00:00,143897000.0,144050000.0,143748000.0,143908000.0,21.9307721,dead,neutral,low,STABLE
2025-06-21 15:00:00,143908000.0,144122000.0,143777000.0,144116000.0,16.94028867,dead,neutral,low,STABLE
2025-06-21 16:00:00,144116000.0,144122000.0,143855000.0,143855000.0,21.61921551,dead,neutral,low,UP
2025-06-21 17:00:00,143855000.0,144379000.0,143855000.0,144379000.0,21.88406148,dead,neutral,normal,STABLE
2025-06-21 18:00:00,144378000.0,144392000.0,144082000.0,144380000.0,18.29017143,dead,neutral,low,STABLE
2025-06-21 19:00:00,144382000.0,144427000.0,144242000.0,144270000.0,19.85361662,golden,neutral,normal,STABLE
2025-06-21 20:00:00,144271000.0,144412000.0,144187000.0,144314000.0,15.38799102,golden,neutral,low,STABLE
2025-06-21 21:00:00,144314000.0,144363000.0,144192000.0,144268000.0,17.22845698,golden,neutral,normal,STABLE
2025-06-21 22:00:00,144268000.0,144299000.0,144029000.0,144105000.0,15.63551348,golden,neutral,normal,STABLE
2025-06-21 23:00:00,144105000.0,144400000.0,144000000.0,144132000.0,22.16648917,golden,neutral,normal,STABLE
2025-06-22 00:00:00,144132000.0,144300000.0,144000000.0,144141000.0,12.78339362,golden,neutral,low,STABLE
2025-06-22 01:00:00,144240000.0,144296000.0,144130000.0,144180000.0,6.48851538,golden,neutral,low,STABLE
2025-06-22 02:00:00,144186000.0,144253000.0,143969000.0,143971000.0,11.70844714,golden,neutral,low,STABLE
2025-06-22 03:00:00,143975000.0,144245000.0,143519000.0,143541000.0,21.25155707,dead,neutral,normal,DOWN
2025-06-22 04:00:00,143542000.0,143769000.0,143032000.0,143033000.0,66.04531527,dead,neutral,high,UP
2025-06-22 05:00:00,143033000.0,143837000.0,143024000.0,143710000.0,35.94666737,dead,neutral,normal,DOWN
2025-06-22 06:00:00,143771000.0,143778000.0,142050000.0,142070000.0,237.75724105,dead,oversold,high,STABLE
2025-06-22 07:00:00,142070000.0,142700000.0,141800000.0,142029000.0,154.23145334,dead,oversold,high,UP
2025-06-22 08:00:00,142029000.0,142951000.0,141151000.0,142782000.0,199.98948025,dead,neutral,high,UP
2025-06-22 09:00:00,142811000.0,144900000.0,142300000.0,144176000.0,226.94503912,dead,neutral,high,DOWN
2025-06-22 10:00:00,144165000.0,144200000.0,142999000.0,143160000.0,80.60179711,dead,neutral,normal,STABLE
2025-06-22 11:00:00,143100000.0,143875000.0,142269000.0,142866000.0,135.38824367,dead,neutral,high,STABLE
2025-06-22 12:00:00,142865000.0,143224000.0,142556000.0,142817000.0,78.03865231,dead,neutral,normal,STABLE
2025-06-22 13:00:00,142885000.0,143379000.0,142761000.0,143000000.0,39.92727767,dead,neutral,normal,UP
2025-06-22 14:00:00,143001000.0,143547000.0,143000000.0,143488000.0,37.54601608,dead,neutral,normal,STABLE
2025-06-22 15:00:00,143488000.0,143488000.0,143177000.0,143190000.0,18.39266101,dead,neutral,low,STABLE
2025-06-22 16:00:00,143190000.0,143235000.0,142583000.0,142904000.0,34.47827539,dead,neutral,low,STABLE
2025-06-22 17:00:00,142904000.0,143180000.0,142721000.0,143180000.0,20.04382765,dead,neutral,low,DOWN
2025-06-22 18:00:00,143180000.0,143390000.0,142324000.0,142425000.0,58.3833571,dead,neutral,normal,UP
2025-06-22 19:00:00,142425000.0,142928000.0,142396000.0,142923000.0,42.18100639,dead,neutral,normal,STABLE
2025-06-22 20:00:00,142922000.0,143150000.0,142867000.0,143150000.0,45.48928321,dead,neutral,normal,STABLE
2025-06-22 21:00:00,143145000.0,143229000.0,143000000.0,143228000.0,36.95862774,dead,neutral,low,DOWN
2025-06-22 22:00:00,143226000.0,143235000.0,140001000.0,141031000.0,513.48344385,dead,neutral,high,DOWN
2025-06-22 23:00:00,141030000.0,141421000.0,138500000.0,138858000.0,747.51731205,dead,oversold,high,DOWN
2025-06-23 00:00:00,138847000.0,139265000.0,138068000.0,138069000.0,216.57835221,dead,oversold,normal,UP
2025-06-23 01:00:00,138068000.0,138779000.0,137777000.0,138700000.0,184.36709768,dead,oversold,normal,STABLE
2025-06-23 02:00:00,138700000.0,139600000.0,138393000.0,138610000.0,88.18582096,dead,oversold,normal,STABLE
2025-06-23 03:00:00,138580000.0,138900000.0,138437000.0,138455000.0,25.32419003,dead,oversold,low,DOWN
2025-06-23 04:00:00,138455000.0,138535000.0,137683000.0,137717000.0,61.03705365,dead,oversold,low,UP
2025-06-23 05:00:00,137717000.0,139241000.0,137127000.0,138919000.0,172.90915444,dead,neutral,normal,DOWN
2025-06-23 06:00:00,138922000.0,139107000.0,138000000.0,138257000.0,110.6807117,dead,neutral,normal,UP
2025-06-23 07:00:00,138257000.0,140900000.0,138000000.0,140900000.0,230.97396572,dead,neutral,normal,STABLE
2025-06-23 08:00:00,140903000.0,141135000.0,140550000.0,140908000.0,130.44888161,dead,neutral,normal,STABLE
2025-06-23 09:00:00,140908000.0,142120000.0,140397000.0,141300000.0,165.75604319,dead,neutral,normal,STABLE
2025-06-23 10:00:00,141300000.0,141632000.0,140713000.0,141600000.0,87.85938111,dead,neutral,normal,STABLE
2025-06-23 11:00:00,141555000.0,141903000.0,141415000.0,141728000.0,60.78794373,golden,neutral,low,DOWN
2025-06-23 12:00:00,141728000.0,141800000.0,141100000.0,141298000.0,47.7578627,golden,neutral,low,STABLE
2025-06-23 13:00:00,141298000.0,141518000.0,141000000.0,141424000.0,52.56889949,golden,neutral,low,UP
2025-06-23 14:00:00,141386000.0,142110000.0,141383000.0,142110000.0,70.25032945,golden,neutral,low,STABLE
2025-06-23 15:00:00,142110000.0,142500000.0,142050000.0,142417000.0,72.78517034,golden,neutral,low,STABLE
2025-06-23 16:00:00,142416000.0,142485000.0,142225000.0,142390000.0,34.29619543,golden,neutral,low,STABLE
2025-06-23 17:00:00,142389000.0,142462000.0,142069000.0,142329000.0,29.30453733,golden,neutral,low,STABLE
2025-06-23 18:00:00,142328000.0,142391000.0,141994000.0,142137000.0,73.08542639,golden,neutral,normal,STABLE
2025-06-23 19:00:00,142137000.0,142171000.0,141424000.0,141800000.0,50.93482978,golden,neutral,normal,STABLE
2025-06-23 20:00:00,141822000.0,141995000.0,141404000.0,141603000.0,48.83826901,golden,neutral,normal,UP
2025-06-23 21:00:00,141604000.0,142177000.0,141160000.0,142164000.0,51.02887776,golden,neutral,normal,UP
2025-06-23 22:00:00,142164000.0,143161000.0,141052000.0,143064000.0,139.78877083,golden,neutral,normal,DOWN
2025-06-23 23:00:00,143064000.0,143300000.0,141809000.0,141829000.0,132.7601982,golden,neutral,normal,STABLE
2025-06-24 00:00:00,141901000.0,142536000.0,141610000.0,141853000.0,32.69112093,golden,neutral,low,DOWN
2025-06-24 01:00:00,141802000.0,141866000.0,139698000.0,140792000.0,195.70765765,golden,neutral,high,UP
2025-06-24 02:00:00,140792000.0,143061000.0,140589000.0,142800000.0,93.71878852,golden,neutral,normal,STABLE
2025-06-24 03:00:00,142800000.0,143522000.0,142630000.0,143117000.0,86.98384561,golden,neutral,normal,STABLE
2025-06-24 04:00:00,143069000.0,143330000.0,142547000.0,143275000.0,44.13138299,golden,neutral,normal,UP
2025-06-24 05:00:00,143275000.0,143980000.0,142968000.0,143739000.0,90.85512275,golden,neutral,normal,STABLE
2025-06-24 06:00:00,143740000.0,144290000.0,143739000.0,144031000.0,116.25906462,golden,neutral,normal,UP
2025-06-24 07:00:00,144066000.0,147101000.0,144031000.0,146445000.0,443.45306991,golden,overbought,high,STABLE
2025-06-24 08:00:00,146445000.0,146690000.0,146163000.0,146182000.0,201.34959305,golden,neutral,normal,DOWN
2025-06-24 09:00:00,146180000.0,146387000.0,145267000.0,145507000.0,144.76633218,golden,neutral,normal,UP
2025-06-24 10:00:00,145500000.0,146000000.0,145296000.0,145960000.0,79.36490342,golden,neutral,normal,DOWN
2025-06-24 11:00:00,145959000.0,146015000.0,145133000.0,145133000.0,72.04371662,golden,neutral,normal,STABLE
2025-06-24 12:00:00,145133000.0,145434000.0,145000000.0,145278000.0,44.03872675,golden,neutral,low,STABLE
2025-06-24 13:00:00,145278000.0,145350000.0,145000000.0,145096000.0,51.95249929,golden,neutral,low,UP
2025-06-24 14:00:00,145096000.0,145841000.0,145025000.0,145699000.0,62.34417385,golden,neutral,normal,STABLE
2025-06-24 15:00:00,145699000.0,146100000.0,145631000.0,146021000.0,80.59704723,golden,neutral,normal,DOWN
2025-06-24 16:00:00,146021000.0,146073000.0,145044000.0,145050000.0,80.15156139,golden,neutral,normal,DOWN
2025-06-24 17:00:00,145047000.0,145129000.0,144222000.0,144559000.0,138.84790608,golden,neutral,normal,UP
2025-06-24 18:00:00,144558000.0,145533000.0,144558000.0,145013000.0,53.5104896,golden,neutral,low,STABLE
2025-06-24 19:00:00,145013000.0,145198000.0,144938000.0,145197000.0,35.37843318,golden,neutral,low,STABLE
2025-06-24 20:00:00,145197000.0,145298000.0,144800000.0,144974000.0,32.7916029,golden,neutral,low,STABLE
2025-06-24 21:00:00,144972000.0,145005000.0,144612000.0,144820000.0,33.17171302,golden,neutral,low,STABLE
2025-06-24 22:00:00,144813000.0,145006000.0,144564000.0,144779000.0,48.18042535,dead,neutral,low,UP
2025-06-24 23:00:00,144730000.0,145363000.0,144622000.0,145353000.0,58.25193981,dead,neutral,normal,STABLE
2025-06-25 00:00:00,145185000.0,145502000.0,144890000.0,144925000.0,32.31662653,dead,neutral,low,UP
2025-06-25 01:00:00,144925000.0,145929000.0,144900000.0,145924000.0,34.32746386,dead,neutral,low,STABLE
2025-06-25 02:00:00,145882000.0,146036000.0,145360000.0,145898000.0,33.48733731,dead,neutral,low,DOWN
2025-06-25 03:00:00,145796000.0,145963000.0,145191000.0,145196000.0,16.68386928,golden,neutral,low,STABLE
2025-06-25 04:00:00,145191000.0,145308000.0,144903000.0,145300000.0,26.05788087,golden,neutral,low,STABLE
2025-06-25 05:00:00,145219000.0,145725000.0,145038000.0,145716000.0,17.74562628,golden,neutral,low,STABLE
2025-06-25 06:00:00,145716000.0,145846000.0,145453000.0,145704000.0,27.00423991,golden,neutral,normal,STABLE
2025-06-25 07:00:00,145706000.0,145774000.0,145500000.0,145640000.0,35.23694655,golden,neutral,normal,STABLE
2025-06-25 08:00:00,145640000.0,145641000.0,145200000.0,145625000.0,34.66966001,golden,neutral,normal,STABLE
2025-06-25 09:00:00,145626000.0,146314000.0,145375000.0,145986000.0,98.30123659,golden,neutral,high,STABLE
2025-06-25 10:00:00,145987000.0,146084000.0,145360000.0,145946000.0,53.97509733,golden,neutral,normal,STABLE
2025-06-25 11:00:00,145946000.0,146500000.0,145945000.0,146282000.0,84.2258686,golden,neutral,normal,STABLE
2025-06-25 12:00:00,146282000.0,146500000.0,146000000.0,146090000.0,32.41990262,golden,neutral,normal,STABLE
2025-06-25 13:00:00,146072000.0,146250000.0,145923000.0,146009000.0,37.02953567,golden,neutral,normal,STABLE
2025-06-25 14:00:00,146029000.0,146213000.0,145900000.0,146110000.0,34.09344618,golden,neutral,normal,STABLE
2025-06-25 15:00:00,146110000.0,146400000.0,146000000.0,146350000.0,30.41845597,golden,neutral,normal,STABLE
2025-06-25 16:00:00,146350000.0,146500000.0,146287000.0,146401000.0,34.28141109,golden,neutral,normal,STABLE
2025-06-25 17:00:00,146387000.0,146499000.0,146177000.0,146420000.0,39.02226869,golden,neutral,normal,STABLE
2025-06-25 18:00:00,146495000.0,146984000.0,146300000.0,146624000.0,82.20013013,golden,neutral,normal,UP
2025-06-25 19:00:00,146624000.0,147350000.0,146624000.0,147199000.0,89.51747719,golden,neutral,high,STABLE
2025-06-25 20:00:00,147198000.0,147520000.0,147000000.0,147417000.0,47.24383101,golden,overbought,normal,STABLE
2025-06-25 21:00:00,147417000.0,147553000.0,147100000.0,147543000.0,65.25934625,golden,overbought,normal,UP
2025-06-25 22:00:00,147543000.0,148620000.0,147519000.0,148486000.0,179.91392208,golden,overbought,high,DOWN
2025-06-25 23:00:00,148470000.0,148600000.0,147635000.0,147868000.0,120.19359755,golden,neutral,high,DOWN
2025-06-26 00:00:00,147868000.0,147881000.0,146922000.0,147200000.0,84.58476446,golden,neutral,normal,STABLE
2025-06-26 01:00:00,147170000.0,147977000.0,147168000.0,147499000.0,42.04831385,golden,neutral,normal,STABLE
2025-06-26 02:00:00,147354000.0,147843000.0,147100000.0,147584000.0,17.81123561,golden,neutral,low,STABLE
2025-06-26 03:00:00,147584000.0,147790000.0,147436000.0,147666000.0,10.50716431,golden,neutral,low,STABLE
2025-06-26 04:00:00,147627000.0,148090000.0,147576000.0,147911000.0,19.94379981,golden,neutral,low,STABLE
2025-06-26 05:00:00,147901000.0,148072000.0,147666000.0,147974000.0,22.45936768,golden,neutral,low,STABLE
2025-06-26 06:00:00,147974000.0,148100000.0,147500000.0,147658000.0,20.16154485,golden,neutral,low,STABLE
2025-06-26 07:00:00,147658000.0,147678000.0,147204000.0,147275000.0,32.97406672,golden,neutral,normal,STABLE
2025-06-26 08:00:00,147264000.0,147500000.0,147057000.0,147365000.0,40.00366257,golden,neutral,normal,STABLE
2025-06-26 09:00:00,147365000.0,147790000.0,147200000.0,147298000.0,69.94715924,golden,neutral,normal,STABLE
2025-06-26 10:00:00,147298000.0,147830000.0,146980000.0,147655000.0,69.23665256,golden,neutral,normal,STABLE
2025-06-26 11:00:00,147565000.0,148104000.0,147565000.0,147980000.0,57.23539171,golden,neutral,normal,STABLE
2025-06-26 12:00:00,147886000.0,148200000.0,147629000.0,147714000.0,45.69594852,golden,neutral,normal,STABLE
2025-06-26 13:00:00,147713000.0,147810000.0,147611000.0,147662000.0,24.74091982,golden,neutral,low,STABLE
2025-06-26 14:00:00,147662000.0,147692000.0,147472000.0,147480000.0,26.33131971,golden,neutral,low,STABLE
2025-06-26 15:00:00,147480000.0,147699000.0,147475000.0,147575000.0,22.15823385,golden,neutral,low,STABLE
2025-06-26 16:00:00,147575000.0,147925000.0,147544000.0,147622000.0,32.05083076,dead,neutral,normal,STABLE
2025-06-26 17:00:00,147618000.0,148205000.0,147500000.0,147710000.0,50.18555272,dead,neutral,normal,DOWN
2025-06-26 18:00:00,147663000.0,147710000.0,147121000.0,147216000.0,49.61747505,dead,neutral,normal,STABLE
2025-06-26 19:00:00,147216000.0,147525000.0,147215000.0,147452000.0,31.11059888,dead,neutral,normal,STABLE
2025-06-26 20:00:00,147451000.0,147498000.0,147200000.0,147423000.0,33.27152532,dead,neutral,normal,STABLE
2025-06-26 21:00:00,147423000.0,147430000.0,147000000.0,147032000.0,37.44103578,dead,neutral,normal,STABLE
2025-06-26 22:00:00,147032000.0,147300000.0,146694000.0,146783000.0,71.05271087,dead,neutral,normal,UP
2025-06-26 23:00:00,146763000.0,147729000.0,146730000.0,147468000.0,79.23233227,dead,neutral,normal,STABLE
2025-06-27 00:00:00,147476000.0,147495000.0,146500000.0,147400000.0,45.79757147,dead,neutral,normal,STABLE
2025-06-27 01:00:00,147370000.0,147447000.0,146876000.0,146980000.0,18.39752735,dead,neutral,low,STABLE
2025-06-27 02:00:00,147048000.0,147340000.0,146998000.0,147030000.0,5.49514885,dead,neutral,low,STABLE
2025-06-27 03:00:00,147191000.0,147634000.0,147029000.0,147462000.0,11.47187122,dead,neutral,low,STABLE
2025-06-27 04:00:00,147462000.0,147756000.0,147369000.0,147717000.0,17.50472851,dead,neutral,low,STABLE
2025-06-27 05:00:00,147753000.0,148094000.0,147607000.0,147959000.0,32.11408514,dead,neutral,normal,DOWN
2025-06-27 06:00:00,147960000.0,147961000.0,147001000.0,147196000.0,35.66232984,golden,neutral,normal,STABLE
2025-06-27 07:00:00,147236000.0,147547000.0,147062000.0,147166000.0,30.86129625,golden,neutral,normal,STABLE
2025-06-27 08:00:00,147221000.0,147221000.0,146846000.0,146852000.0,53.72635955,golden,neutral,normal,DOWN
2025-06-27 09:00:00,146868000.0,147199000.0,146133000.0,146164000.0,95.73724646,dead,neutral,high,UP
2025-06-27 10:00:00,146289000.0,147012000.0,146000000.0,147000000.0,83.02109921,dead,neutral,normal,STABLE
2025-06-27 11:00:00,147000000.0,147048000.0,146832000.0,146943000.0,27.35211722,dead,neutral,normal,STABLE
2025-06-27 12:00:00,146925000.0,147384000.0,146919000.0,147272000.0,25.51201638,dead,neutral,normal,STABLE
2025-06-27 13:00:00,147272000.0,147364000.0,147207000.0,147358000.0,43.38181959,dead,neutral,normal,STABLE
2025-06-27 14:00:00,147359000.0,147359000.0,147037000.0,147105000.0,27.94322799,dead,neutral,normal,STABLE
2025-06-27 15:00:00,147105000.0,147140000.0,146881000.0,147106000.0,22.79190312,dead,neutral,normal,STABLE
2025-06-27 16:00:00,147100000.0,147590000.0,146635000.0,146742000.0,51.98573036,dead,neutral,normal,STABLE
2025-06-27 17:00:00,146742000.0,146910000.0,146387000.0,146803000.0,50.42878761,dead,neutral,normal,STABLE
2025-06-27 18:00:00,146803000.0,147012000.0,146503000.0,147008000.0,23.54859855,dead,neutral,normal,STABLE
2025-06-27 19:00:00,147000000.0,147193000.0,146852000.0,146930000.0,22.85925278,dead,neutral,normal,STABLE
2025-06-27 20:00:00,146904000.0,147122000.0,146808000.0,146984000.0,18.47081037,dead,neutral,normal,STABLE
2025-06-27 21:00:00,147026000.0,147201000.0,146639000.0,146659000.0,32.2383778,dead,neutral,normal,STABLE
2025-06-27 22:00:00,146639000.0,147098000.0,146500000.0,146946000.0,39.07855073,dead,neutral,normal,DOWN
2025-06-27 23:00:00,146946000.0,147096000.0,146400000.0,146487000.0,31.51843616,dead,neutral,normal,UP
2025-06-28 00:00:00,146488000.0,147408000.0,146471000.0,147393000.0,32.75666278,dead,neutral,normal,STABLE
2025-06-28 01:00:00,147331000.0,147628000.0,147126000.0,147486000.0,26.54954685,golden,neutral,normal,STABLE
2025-06-28 02:00:00,147460000.0,147498000.0,146538000.0,147086000.0,22.52265463,golden,neutral,normal,STABLE
2025-06-28 03:00:00,147005000.0,147125000.0,146550000.0,146800000.0,10.29920479,golden,neutral,low,STABLE
2025-06-28 04:00:00,146758000.0,147200000.0,146645000.0,146980000.0,12.85620536,golden,neutral,low,STABLE
2025-06-28 05:00:00,147007000.0,147299000.0,146822000.0,147244000.0,7.90469707,golden,neutral,low,STABLE
2025-06-28 06:00:00,147165000.0,147315000.0,147026000.0,147083000.0,19.70628629,golden,neutral,normal,STABLE
2025-06-28 07:00:00,147086000.0,147200000.0,147085000.0,147098000.0,9.98652387,golden,neutral,low,STABLE
2025-06-28 08:00:00,147098000.0,147117000.0,146920000.0,147058000.0,19.96046985,golden,neutral,normal,STABLE
2025-06-28 09:00:00,147001000.0,147190000.0,146799000.0,147178000.0,31.58192823,golden,neutral,normal,STABLE
2025-06-28 10:00:00,147175000.0,147240000.0,146947000.0,147240000.0,17.62895079,golden,neutral,normal,STABLE
2025-06-28 11:00:00,147240000.0,147240000.0,147034000.0,147034000.0,22.44357207,golden,neutral,normal,STABLE
2025-06-28 12:00:00,147035000.0,147354000.0,146978000.0,147353000.0,17.27186727,golden,neutral,normal,STABLE
2025-06-28 13:00:00,147352000.0,147373000.0,147164000.0,147196000.0,17.60456411,golden,neutral,normal,STABLE
2025-06-28 14:00:00,147197000.0,147363000.0,147157000.0,147324000.0,13.79681917,golden,neutral,normal,STABLE
2025-06-28 15:00:00,147324000.0,147429000.0,147310000.0,147355000.0,16.87816084,golden,neutral,normal,STABLE
2025-06-28 16:00:00,147355000.0,147443000.0,147353000.0,147380000.0,14.58017103,golden,neutral,normal,STABLE
2025-06-28 17:00:00,147380000.0,147479000.0,147249000.0,147291000.0,14.27928154,golden,neutral,normal,STABLE
2025-06-28 18:00:00,147291000.0,147300000.0,147185000.0,147280000.0,14.33489401,golden,neutral,normal,STABLE
2025-06-28 19:00:00,147278000.0,147288000.0,147147000.0,147183000.0,8.38309372,golden,neutral,low,STABLE
2025-06-28 20:00:00,147168000.0,147280000.0,147109000.0,147271000.0,8.66594394,golden,neutral,normal,STABLE
2025-06-28 21:00:00,147280000.0,147300000.0,147147000.0,147200000.0,9.84932435,golden,neutral,normal,STABLE
2025-06-28 22:00:00,147197000.0,147300000.0,147000000.0,147004000.0,15.44320336,golden,neutral,normal,STABLE
2025-06-28 23:00:00,147004000.0,147159000.0,146990000.0,147075000.0,9.10306926,dead,neutral,normal,STABLE
2025-06-29 00:00:00,147075000.0,147347000.0,147064000.0,147339000.0,8.01202225,dead,neutral,normal,STABLE
2025-06-29 01:00:00,147338000.0,147375000.0,147149000.0,147289000.0,12.96071105,dead,neutral,normal,STABLE
2025-06-29 02:00:00,147250000.0,147396000.0,147153000.0,147290000.0,5.68462184,dead,neutral,low,STABLE
2025-06-29 03:00:00,147276000.0,147290000.0,147069000.0,147117000.0,3.63297755,dead,neutral,low,STABLE
2025-06-29 04:00:00,147117000.0,147173000.0,147064000.0,147128000.0,2.15979748,golden,neutral,low,STABLE
2025-06-29 05:00:00,147090000.0,147173000.0,147060000.0,147090000.0,4.76642757,dead,neutral,low,STABLE
2025-06-29 06:00:00,147090000.0,147141000.0,147055000.0,147083000.0,5.84719917,dead,neutral,normal,STABLE
2025-06-29 07:00:00,147136000.0,147265000.0,147077000.0,147237000.0,9.24903451,dead,neutral,normal,STABLE
2025-06-29 08:00:00,147237000.0,147241000.0,147171000.0,147174000.0,7.1243955,dead,neutral,normal,STABLE
2025-06-29 09:00:00,147174000.0,147325000.0,147174000.0,147323000.0,22.24873333,dead,neutral,high,STABLE
2025-06-29 10:00:00,147323000.0,147325000.0,147263000.0,147278000.0,11.52163751,dead,neutral,normal,STABLE
2025-06-29 11:00:00,147278000.0,147280000.0,147099000.0,147214000.0,16.97920774,golden,neutral,normal,STABLE
2025-06-29 12:00:00,147239000.0,147251000.0,147091000.0,147097000.0,11.46714,golden,neutral,normal,STABLE
2025-06-29 13:00:00,147098000.0,147153000.0,147094000.0,147135000.0,8.30068523,golden,neutral,normal,STABLE
2025-06-29 14:00:00,147135000.0,147250000.0,147100000.0,147250000.0,9.89141906,golden,neutral,normal,STABLE
2025-06-29 15:00:00,147242000.0,147250000.0,147174000.0,147239000.0,8.95626635,dead,neutral,normal,STABLE
2025-06-29 16:00:00,147238000.0,147280000.0,147209000.0,147265000.0,13.46865832,golden,neutral,normal,STABLE
2025-06-29 17:00:00,147262000.0,147700000.0,147252000.0,147693000.0,50.80568822,golden,neutral,high,STABLE
2025-06-29 18:00:00,147642000.0,148000000.0,147510000.0,147840000.0,56.18712592,golden,neutral,high,STABLE
2025-06-29 19:00:00,147800000.0,148200000.0,147800000.0,148174000.0,68.8262054,golden,overbought,high,STABLE
2025-06-29 20:00:00,148173000.0,148500000.0,148000000.0,148499000.0,56.33740965,golden,overbought,high,STABLE
2025-06-29 21:00:00,148495000.0,148502000.0,148000000.0,148183000.0,46.55696531,golden,neutral,high,STABLE
2025-06-29 22:00:00,148162000.0,148200000.0,147881000.0,148031000.0,26.68968984,golden,neutral,normal,STABLE
2025-06-29 23:00:00,148031000.0,148200000.0,147850000.0,147953000.0,27.05383877,golden,neutral,normal,STABLE
2025-06-30 00:00:00,147885000.0,148087000.0,147700000.0,147786000.0,17.56774484,golden,neutral,normal,STABLE
2025-06-30 01:00:00,147786000.0,147799000.0,147300000.0,147615000.0,25.31535898,golden,neutral,normal,STABLE
2025-06-30 02:00:00,147552000.0,147644000.0,147275000.0,147536000.0,12.41556742,golden,neutral,low,STABLE
2025-06-30 03:00:00,147496000.0,147694000.0,147396000.0,147621000.0,8.99896511,golden,neutral,low,STABLE
2025-06-30 04:00:00,147522000.0,147645000.0,147368000.0,147373000.0,16.46696048,dead,neutral,normal,STABLE
2025-06-30 05:00:00,147373000.0,147604000.0,147339000.0,147458000.0,10.69768025,dead,neutral,low,STABLE
2025-06-30 06:00:00,147458000.0,147696000.0,147350000.0,147439000.0,21.04509341,dead,neutral,normal,STABLE
2025-06-30 07:00:00,147435000.0,148000000.0,147405000.0,147704000.0,55.86985083,dead,neutral,high,STABLE
2025-06-30 08:00:00,147704000.0,148050000.0,147650000.0,147996000.0,47.28780709,dead,neutral,normal,STABLE
2025-06-30 09:00:00,147996000.0,148480000.0,147910000.0,148300000.0,74.69880886,golden,neutral,high,STABLE
2025-06-30 10:00:00,148299000.0,148300000.0,148005000.0,148117000.0,56.10295515,golden,neutral,normal,STABLE
2025-06-30 11:00:00,148116000.0,148159000.0,147781000.0,147810000.0,49.66848064,golden,neutral,normal,STABLE
2025-06-30 12:00:00,147810000.0,147920000.0,147778000.0,147920000.0,31.20813438,golden,neutral,normal,STABLE
2025-06-30 13:00:00,147919000.0,148000000.0,147628000.0,147628000.0,31.29160497,golden,neutral,normal,STABLE
2025-06-30 14:00:00,147628000.0,147633000.0,147381000.0,147530000.0,47.78703597,dead,neutral,normal,DOWN
2025-06-30 15:00:00,147530000.0,147571000.0,146600000.0,146700000.0,104.29655781,dead,neutral,high,STABLE
2025-06-30 16:00:00,146698000.0,146995000.0,146601000.0,146910000.0,46.96296615,dead,neutral,normal,STABLE
2025-06-30 17:00:00,146910000.0,147002000.0,146650000.0,146650000.0,33.66429035,dead,neutral,normal,STABLE
2025-06-30 18:00:00,146650000.0,146966000.0,146532000.0,146692000.0,31.43270776,dead,neutral,normal,STABLE
2025-06-30 19:00:00,146692000.0,146940000.0,146609000.0,146903000.0,22.96922295,dead,neutral,normal,STABLE
2025-06-30 20:00:00,146903000.0,147300000.0,146812000.0,146939000.0,33.95344769,dead,neutral,normal,STABLE
2025-06-30 21:00:00,146941000.0,147240000.0,146900000.0,146978000.0,20.47455014,dead,neutral,normal,STABLE
2025-06-30 22:00:00,146978000.0,147308000.0,146935000.0,146999000.0,25.8192704,dead,neutral,normal,DOWN
2025-06-30 23:00:00,147000000.0,147060000.0,146192000.0,146200000.0,63.35641645,dead,neutral,normal,UP
2025-07-01 00:00:00,146192000.0,147000000.0,146060000.0,146823000.0,62.93649849,dead,neutral,normal,STABLE
2025-07-01 01:00:00,146824000.0,147000000.0,146480000.0,146611000.0,17.30161046,dead,neutral,low,STABLE
2025-07-01 02:00:00,146611000.0,146715000.0,146611000.0,146715000.0,0.0212416,dead,neutral,low,DOWN
2025-07-01 07:00:00,146611000.0,146714000.0,146000000.0,146000000.0,35.88437531,dead,neutral,normal,STABLE
2025-07-01 08:00:00,146000000.0,146281000.0,145740000.0,145759000.0,154.52743668,dead,neutral,high,STABLE
2025-07-01 09:00:00,145759000.0,146150000.0,145500000.0,145995000.0,114.14287566,dead,neutral,high,STABLE
2025-07-01 10:00:00,145978000.0,146149000.0,145781000.0,145834000.0,46.67605826,dead,neutral,normal,STABLE
2025-07-01 11:00:00,145834000.0,146150000.0,145800000.0,145890000.0,23.68912923,dead,neutral,low,STABLE
2025-07-01 12:00:00,145890000.0,145979000.0,145831000.0,145947000.0,28.44274261,dead,neutral,normal,STABLE
2025-07-01 13:00:00,145925000.0,145979000.0,145600000.0,145675000.0,28.91318996,dead,neutral,normal,STABLE
2025-07-01 14:00:00,145600000.0,145675000.0,145345000.0,145618000.0,72.3093035,dead,neutral,normal,STABLE
2025-07-01 15:00:00,145618000.0,145688000.0,145407000.0,145592000.0,31.26176859,dead,neutral,normal,UP
2025-07-01 16:00:00,145589000.0,146075000.0,145440000.0,146073000.0,33.58103336,dead,neutral,normal,DOWN
2025-07-01 17:00:00,146075000.0,146086000.0,145599000.0,145601000.0,22.55699126,dead,neutral,normal,STABLE
2025-07-01 18:00:00,145601000.0,145818000.0,145486000.0,145509000.0,34.55664911,dead,neutral,normal,STABLE
2025-07-01 19:00:00,145508000.0,145664000.0,145364000.0,145415000.0,28.28592477,dead,neutral,normal,STABLE
2025-07-01 20:00:00,145415000.0,145677000.0,145345000.0,145647000.0,17.3769246,dead,neutral,low,STABLE
2025-07-01 21:00:00,145647000.0,145730000.0,145399000.0,145618000.0,19.95274564,dead,neutral,low,STABLE
2025-07-01 22:00:00,145679000.0,146150000.0,145557000.0,146032000.0,45.24337542,dead,neutral,normal,DOWN
2025-07-01 23:00:00,146120000.0,146678000.0,145105000.0,145201000.0,114.92069181,dead,neutral,high,STABLE
2025-07-02 00:00:00,145201000.0,145588000.0,145083000.0,145400000.0,51.3588674,dead,neutral,normal,STABLE
2025-07-02 01:00:00,145400000.0,145771000.0,145277000.0,145550000.0,12.60590762,dead,neutral,low,STABLE
2025-07-02 02:00:00,145601000.0,145747000.0,145400000.0,145744000.0,6.40363705,dead,neutral,low,STABLE
2025-07-02 03:00:00,145729000.0,145767000.0,145190000.0,145315000.0,5.47055389,dead,neutral,low,STABLE
2025-07-02 04:00:00,145214000.0,145450000.0,145000000.0,145000000.0,42.10662237,dead,neutral,normal,UP
2025-07-02 05:00:00,145000000.0,145600000.0,144865000.0,145516000.0,48.61550696,dead,neutral,normal,STABLE
2025-07-02 06:00:00,145516000.0,145700000.0,145230000.0,145274000.0,14.80714939,dead,neutral,low,STABLE
2025-07-02 07:00:00,145274000.0,145500000.0,145000000.0,145005000.0,17.00197732,dead,neutral,normal,STABLE
2025-07-02 08:00:00,145005000.0,145144000.0,144710000.0,145019000.0,55.30122429,dead,neutral,normal,DOWN
2025-07-02 09:00:00,145019000.0,145143000.0,144384000.0,144384000.0,59.93311407,dead,neutral,normal,UP
2025-07-02 10:00:00,144384000.0,145003000.0,144265000.0,145003000.0,78.99957266,dead,neutral,high,STABLE
2025-07-02 11:00:00,145003000.0,145400000.0,144890000.0,145222000.0,36.5609411,dead,neutral,normal,STABLE
2025-07-02 12:00:00,145222000.0,145685000.0,145218000.0,145615000.0,35.72878153,dead,neutral,normal,STABLE
2025-07-02 13:00:00,145615000.0,145756000.0,145538000.0,145697000.0,30.85980499,dead,neutral,normal,STABLE
2025-07-02 14:00:00,145683000.0,146103000.0,145681000.0,146101000.0,33.70994993,golden,neutral,normal,STABLE
2025-07-02 15:00:00,146101000.0,146500000.0,146081000.0,146467000.0,47.32689325,golden,neutral,normal,STABLE
2025-07-02 16:00:00,146467000.0,146666000.0,146257000.0,146533000.0,41.1585842,golden,neutral,normal,UP
2025-07-02 17:00:00,146532000.0,147250000.0,146532000.0,147118000.0,118.5851688,golden,neutral,high,STABLE
2025-07-02 18:00:00,147096000.0,147162000.0,146867000.0,147097000.0,40.06649061,golden,neutral,normal,STABLE
2025-07-02 19:00:00,147057000.0,147200000.0,147000000.0,147166000.0,39.07579376,golden,neutral,normal,STABLE
2025-07-02 20:00:00,147166000.0,147213000.0,146636000.0,146797000.0,41.43846523,golden,neutral,normal,STABLE
2025-07-02 21:00:00,146769000.0,147000000.0,146457000.0,146944000.0,45.14984113,golden,neutral,normal,STABLE
2025-07-02 22:00:00,146941000.0,147450000.0,146729000.0,147252000.0,66.06695273,golden,neutral,normal,STABLE
2025-07-02 23:00:00,147252000.0,147577000.0,147250000.0,147506000.0,63.60883471,golden,neutral,normal,UP
2025-07-03 00:00:00,147507000.0,148000000.0,147500000.0,147999000.0,80.00569755,golden,overbought,normal,UP
2025-07-03 01:00:00,147999000.0,148930000.0,147983000.0,148549000.0,184.44094505,golden,overbought,high,STABLE
2025-07-03 02:00:00,148415000.0,148860000.0,148007000.0,148219000.0,67.11367076,golden,neutral,normal,STABLE
2025-07-03 03:00:00,148174000.0,148603000.0,148173000.0,148603000.0,24.58468224,golden,overbought,low,STABLE
2025-07-03 04:00:00,148535000.0,148732000.0,148370000.0,148642000.0,36.28329628,golden,overbought,normal,DOWN
2025-07-03 05:00:00,148642000.0,148774000.0,148000000.0,148000000.0,45.79870149,golden,neutral,normal,STABLE
2025-07-03 06:00:00,148000000.0,148234000.0,147753000.0,148215000.0,49.14005705,golden,neutral,normal,DOWN
2025-07-03 07:00:00,148215000.0,148234000.0,147550000.0,147572000.0,44.76389225,golden,neutral,normal,STABLE
2025-07-03 08:00:00,147572000.0,147575000.0,147285000.0,147372000.0,46.2948759,golden,neutral,normal,UP
2025-07-03 09:00:00,147372000.0,148010000.0,147364000.0,147888000.0,57.67749417,golden,neutral,normal,STABLE
2025-07-03 10:00:00,147888000.0,148300000.0,147800000.0,148128000.0,41.88602826,golden,neutral,normal,STABLE
2025-07-03 11:00:00,148128000.0,148130000.0,147521000.0,147895000.0,32.21945689,golden,neutral,normal,STABLE
2025-07-03 12:00:00,147895000.0,147979000.0,147599000.0,147703000.0,24.7441365,golden,neutral,low,STABLE
2025-07-03 13:00:00,147703000.0,148144000.0,147655000.0,147885000.0,27.71096042,golden,neutral,normal,UP
2025-07-03 14:00:00,147885000.0,148500000.0,147809000.0,148499000.0,51.1202638,golden,neutral,normal,STABLE
2025-07-03 15:00:00,148499000.0,148500000.0,148311000.0,148450000.0,38.56442975,golden,neutral,normal,STABLE
2025-07-03 16:00:00,148449000.0,148450000.0,148005000.0,148196000.0,42.86752993,golden,neutral,normal,STABLE
2025-07-03 17:00:00,148196000.0,148485000.0,148194000.0,148394000.0,31.68738614,golden,neutral,normal,UP
2025-07-03 18:00:00,148376000.0,149550000.0,148330000.0,149248000.0,163.87071781,golden,neutral,high,STABLE
2025-07-03 19:00:00,149247000.0,149249000.0,148727000.0,149100000.0,81.10642466,golden,neutral,normal,STABLE
2025-07-03 20:00:00,149100000.0,149229000.0,148801000.0,148801000.0,38.52354326,golden,neutral,normal,STABLE
2025-07-03 21:00:00,148801000.0,149103000.0,148000000.0,148515000.0,114.47655462,golden,neutral,high,UP
2025-07-03 22:00:00,148465000.0,149755000.0,148400000.0,149538000.0,146.09185262,golden,neutral,high,STABLE
2025-07-03 23:00:00,149532000.0,149739000.0,149000000.0,149093000.0,86.40473042,golden,neutral,normal,DOWN
2025-07-04 00:00:00,149092000.0,149165000.0,148575000.0,148577000.0,36.59981748,golden,neutral,normal,UP
2025-07-04 01:00:00,148577000.0,149300000.0,148550000.0,149039000.0,29.71454516,golden,neutral,normal,STABLE
2025-07-04 02:00:00,149039000.0,149459000.0,148985000.0,149336000.0,10.86049704,golden,neutral,low,STABLE
2025-07-04 03:00:00,149364000.0,149444000.0,149010000.0,149258000.0,13.0603135,golden,neutral,low,STABLE
2025-07-04 04:00:00,149258000.0,149460000.0,149239000.0,149320000.0,11.11426286,golden,neutral,low,STABLE
2025-07-04 05:00:00,149392000.0,149507000.0,149317000.0,149495000.0,25.21062397,golden,neutral,low,STABLE
2025-07-04 06:00:00,149495000.0,149503000.0,149057000.0,149250000.0,25.66236123,golden,neutral,low,STABLE
2025-07-04 07:00:00,149250000.0,149308000.0,148999000.0,149000000.0,19.03464882,golden,neutral,low,STABLE
2025-07-04 08:00:00,149000000.0,149000000.0,148650000.0,148737000.0,32.20379586,golden,neutral,normal,STABLE
2025-07-04 09:00:00,148737000.0,149339000.0,148730000.0,149163000.0,59.06358027,golden,neutral,normal,STABLE
2025-07-04 10:00:00,149206000.0,149360000.0,149042000.0,149130000.0,27.77972942,golden,neutral,normal,DOWN
2025-07-04 11:00:00,149130000.0,149208000.0,148501000.0,148622000.0,49.87330026,dead,neutral,normal,STABLE
2025-07-04 12:00:00,148654000.0,148764000.0,148550000.0,148756000.0,28.19965233,dead,neutral,normal,STABLE
2025-07-04 13:00:00,148756000.0,148760000.0,148288000.0,148336000.0,38.02704962,dead,neutral,normal,STABLE
2025-07-04 14:00:00,148336000.0,148738000.0,148250000.0,148377000.0,33.08073171,dead,neutral,normal,STABLE
2025-07-04 15:00:00,148377000.0,148445000.0,148171000.0,148437000.0,39.1308157,dead,neutral,normal,STABLE
2025-07-04 16:00:00,148440000.0,148662000.0,148062000.0,148075000.0,40.73482198,dead,neutral,normal,STABLE
2025-07-04 17:00:00,148075000.0,148402000.0,147989000.0,148256000.0,42.3188116,dead,neutral,normal,STABLE
2025-07-04 18:00:00,148256000.0,148682000.0,148200000.0,148672000.0,32.7588704,dead,neutral,normal,STABLE
2025-07-04 19:00:00,148673000.0,148683000.0,148495000.0,148501000.0,16.79898212,dead,neutral,normal,STABLE
2025-07-04 20:00:00,148501000.0,148685000.0,148370000.0,148422000.0,15.42016847,dead,neutral,normal,STABLE
2025-07-04 21:00:00,148374000.0,148629000.0,148153000.0,148267000.0,23.88065406,dead,neutral,normal,DOWN
2025-07-04 22:00:00,148268000.0,148395000.0,147500000.0,147501000.0,75.7394519,dead,neutral,high,STABLE
2025-07-04 23:00:00,147503000.0,147800000.0,147050000.0,147251000.0,99.52001753,dead,neutral,high,STABLE
2025-07-05 00:00:00,147290000.0,147613000.0,147184000.0,147194000.0,38.45500953,dead,neutral,normal,STABLE
2025-07-05 01:00:00,147194000.0,147440000.0,146975000.0,147248000.0,46.56331238,dead,neutral,normal,STABLE
2025-07-05 02:00:00,147253000.0,147614000.0,147249000.0,147592000.0,9.73154143,dead,neutral,low,DOWN
2025-07-05 03:00:00,147592000.0,147689000.0,147000000.0,147147000.0,15.652802,dead,neutral,low,STABLE
2025-07-05 04:00:00,147146000.0,147363000.0,146929000.0,147201000.0,14.9847177,dead,neutral,low,STABLE
2025-07-05 05:00:00,147201000.0,147674000.0,147111000.0,147568000.0,10.23257436,dead,neutral,low,STABLE
2025-07-05 06:00:00,147526000.0,147700000.0,147525000.0,147699000.0,14.89034957,dead,neutral,low,STABLE
2025-07-05 07:00:00,147699000.0,148174000.0,147678000.0,148062000.0,26.39505873,dead,neutral,normal,STABLE
2025-07-05 08:00:00,148065000.0,148066000.0,147797000.0,147797000.0,20.412067,dead,neutral,normal,STABLE
2025-07-05 09:00:00,147798000.0,148180000.0,147753000.0,148119000.0,25.5162252,dead,neutral,normal,STABLE
2025-07-05 10:00:00,148119000.0,148134000.0,147655000.0,147759000.0,20.01685575,golden,neutral,normal,STABLE
2025-07-05 11:00:00,147760000.0,148070000.0,147655000.0,147925000.0,16.3267887,golden,neutral,normal,STABLE
2025-07-05 12:00:00,148043000.0,148200000.0,147903000.0,148100000.0,20.44290801,golden,neutral,normal,STABLE
2025-07-05 13:00:00,148090000.0,148202000.0,147902000.0,148011000.0,13.99849729,golden,neutral,normal,STABLE
2025-07-05 14:00:00,148011000.0,148099000.0,147804000.0,147995000.0,10.49350236,golden,neutral,low,STABLE
2025-07-05 15:00:00,147995000.0,148120000.0,147800000.0,148086000.0,16.94748037,golden,neutral,normal,STABLE
2025-07-05 16:00:00,148032000.0,148119000.0,147770000.0,147775000.0,17.33022266,golden,neutral,normal,STABLE
2025-07-05 17:00:00,147776000.0,148000000.0,147700000.0,147909000.0,12.85226807,golden,neutral,low,STABLE
2025-07-05 18:00:00,147909000.0,148099000.0,147800000.0,147973000.0,12.83057919,golden,neutral,normal,STABLE
2025-07-05 19:00:00,148071000.0,148084000.0,147917000.0,148047000.0,9.93183405,golden,neutral,normal,STABLE
2025-07-05 20:00:00,148047000.0,148050000.0,147979000.0,147999000.0,9.18782695,golden,neutral,normal,STABLE
2025-07-05 21:00:00,147998000.0,148000000.0,147845000.0,147978000.0,8.94796486,golden,neutral,normal,STABLE
2025-07-05 22:00:00,147978000.0,148048000.0,147880000.0,148000000.0,15.22165773,golden,neutral,normal,STABLE
2025-07-05 23:00:00,148032000.0,148032000.0,147926000.0,147986000.0,7.56687728,golden,neutral,low,STABLE
2025-07-06 00:00:00,147986000.0,148062000.0,147886000.0,147886000.0,13.30718562,golden,neutral,normal,STABLE
2025-07-06 01:00:00,147886000.0,148000000.0,147700000.0,147999000.0,9.77438149,golden,neutral,normal,STABLE
2025-07-06 02:00:00,148000000.0,148072000.0,147833000.0,148011000.0,4.23591763,golden,neutral,low,STABLE
2025-07-06 03:00:00,147999000.0,148050000.0,147885000.0,148050000.0,4.45645819,golden,neutral,low,STABLE
2025-07-06 04:00:00,147975000.0,148125000.0,147934000.0,148101000.0,2.65780848,golden,neutral,low,STABLE
2025-07-06 05:00:00,148125000.0,148178000.0,147979000.0,148176000.0,3.87781864,golden,neutral,low,STABLE
2025-07-06 06:00:00,148176000.0,148200000.0,148110000.0,148119000.0,6.63861325,golden,neutral,normal,STABLE
2025-07-06 07:00:00,148120000.0,148400000.0,148045000.0,148268000.0,15.27004195,golden,neutral,normal,STABLE
2025-07-06 08:00:00,148268000.0,148270000.0,148106000.0,148197000.0,12.09048235,golden,neutral,normal,STABLE
2025-07-06 09:00:00,148197000.0,148204000.0,147881000.0,148130000.0,19.40341716,golden,neutral,normal,STABLE
2025-07-06 10:00:00,148129000.0,148205000.0,148000000.0,148148000.0,8.2221957,golden,neutral,normal,STABLE
2025-07-06 11:00:00,148148000.0,148148000.0,148001000.0,148002000.0,5.49205568,golden,neutral,normal,STABLE
2025-07-06 12:00:00,148002000.0,148056000.0,147857000.0,147943000.0,13.28651424,golden,neutral,normal,STABLE
2025-07-06 13:00:00,147943000.0,147997000.0,147817000.0,147847000.0,13.2632912,dead,neutral,normal,STABLE
2025-07-06 14:00:00,147849000.0,147967000.0,147800000.0,147893000.0,11.20206477,dead,neutral,normal,STABLE
2025-07-06 15:00:00,147874000.0,147968000.0,147801000.0,147820000.0,13.75613933,dead,neutral,normal,STABLE
2025-07-06 16:00:00,147820000.0,147844000.0,147687000.0,147728000.0,22.39874001,dead,neutral,high,STABLE
2025-07-06 17:00:00,147729000.0,147999000.0,147720000.0,147734000.0,11.33862387,dead,neutral,normal,STABLE
2025-07-06 18:00:00,147732000.0,147776000.0,147500000.0,147566000.0,35.66804562,dead,neutral,high,STABLE
2025-07-06 19:00:00,147663000.0,147810000.0,147531000.0,147531000.0,27.79525549,dead,neutral,high,STABLE
2025-07-06 20:00:00,147531000.0,147637000.0,147411000.0,147515000.0,28.89362209,dead,neutral,high,STABLE
2025-07-06 21:00:00,147546000.0,147790000.0,147502000.0,147790000.0,18.51598325,dead,neutral,normal,STABLE
2025-07-06 22:00:00,147790000.0,148700000.0,147750000.0,148200000.0,96.57292882,dead,neutral,high,STABLE
2025-07-06 23:00:00,148200000.0,148428000.0,148096000.0,148266000.0,52.23537877,dead,neutral,high,STABLE
2025-07-07 00:00:00,148264000.0,148434000.0,148128000.0,148315000.0,26.45431431,golden,neutral,normal,STABLE
2025-07-07 01:00:00,148303000.0,148396000.0,148150000.0,148218000.0,10.77645491,golden,neutral,low,STABLE
2025-07-07 02:00:00,148245000.0,148432000.0,148128000.0,148256000.0,7.96458543,golden,neutral,low,STABLE
2025-07-07 03:00:00,148250000.0,148375000.0,147801000.0,147976000.0,14.6068026,golden,neutral,normal,STABLE
2025-07-07 04:00:00,147981000.0,148053000.0,147752000.0,148025000.0,12.43250232,golden,neutral,normal,STABLE
2025-07-07 05:00:00,148025000.0,148391000.0,147913000.0,148054000.0,6.21567665,golden,neutral,low,UP
2025-07-07 06:00:00,148123000.0,149100000.0,148054000.0,148608000.0,71.56540787,golden,neutral,high,STABLE
2025-07-07 07:00:00,148606000.0,148883000.0,148478000.0,148534000.0,26.31970587,golden,neutral,normal,STABLE
2025-07-07 08:00:00,148533000.0,148545000.0,148301000.0,148500000.0,20.29762199,golden,neutral,normal,STABLE
2025-07-07 09:00:00,148500000.0,148501000.0,148140000.0,148141000.0,37.12740566,golden,neutral,normal,STABLE
2025-07-07 10:00:00,148140000.0,148540000.0,148050000.0,148512000.0,34.9877274,golden,neutral,normal,STABLE
2025-07-07 11:00:00,148512000.0,149064000.0,148500000.0,148872000.0,66.14526083,golden,neutral,high,STABLE
2025-07-07 12:00:00,148871000.0,149100000.0,148770000.0,148821000.0,39.83105375,golden,neutral,normal,STABLE
2025-07-07 13:00:00,148805000.0,148943000.0,148599000.0,148599000.0,25.59652214,golden,neutral,normal,STABLE
2025-07-07 14:00:00,148599000.0,148666000.0,148510000.0,148550000.0,19.4976557,golden,neutral,normal,STABLE
2025-07-07 15:00:00,148525000.0,148611000.0,148167000.0,148169000.0,28.46110563,golden,neutral,normal,STABLE
2025-07-07 16:00:00,148169000.0,148500000.0,148160000.0,148498000.0,25.73141484,golden,neutral,normal,STABLE
2025-07-07 17:00:00,148477000.0,148610000.0,148330000.0,148434000.0,26.74721479,golden,neutral,normal,STABLE
2025-07-07 18:00:00,148434000.0,148499000.0,148332000.0,148372000.0,17.77061696,golden,neutral,normal,STABLE
2025-07-07 19:00:00,148372000.0,148395000.0,148180000.0,148183000.0,30.9168006,dead,neutral,normal,STABLE
2025-07-07 20:00:00,148182000.0,148332000.0,148110000.0,148200000.0,21.33891955,dead,neutral,normal,STABLE
2025-07-07 21:00:00,148198000.0,148286000.0,147801000.0,147892000.0,52.8549157,dead,neutral,normal,STABLE
2025-07-07 22:00:00,147878000.0,147944000.0,147450000.0,147649000.0,121.85179771,dead,neutral,high,STABLE
2025-07-07 23:00:00,147649000.0,147811000.0,147300000.0,147582000.0,81.48007402,dead,neutral,high,STABLE
2025-07-08 00:00:00,147593000.0,147871000.0,147550000.0,147669000.0,48.05446759,dead,neutral,normal,STABLE
2025-07-08 01:00:00,147607000.0,147764000.0,147235000.0,147451000.0,44.24387155,dead,neutral,normal,STABLE
2025-07-08 02:00:00,147471000.0,147960000.0,147373000.0,147548000.0,9.31231857,dead,neutral,low,STABLE
2025-07-08 03:00:00,147666000.0,147780000.0,147196000.0,147654000.0,19.73947964,dead,neutral,normal,STABLE
2025-07-08 04:00:00,147654000.0,147995000.0,147650000.0,147782000.0,6.80486897,dead,neutral,low,STABLE
2025-07-08 05:00:00,147782000.0,147976000.0,147650000.0,147739000.0,12.58014419,dead,neutral,low,STABLE
2025-07-08 06:00:00,147690000.0,148000000.0,147590000.0,148000000.0,25.08086783,dead,neutral,normal,STABLE
2025-07-08 07:00:00,147999000.0,148002000.0,147874000.0,147878000.0,14.29268838,dead,neutral,low,STABLE
2025-07-08 08:00:00,147876000.0,148148000.0,147841000.0,148100000.0,21.84742491,dead,neutral,normal,STABLE
2025-07-08 09:00:00,148100000.0,148349000.0,147925000.0,148193000.0,41.81412721,golden,neutral,normal,DOWN
2025-07-08 10:00:00,148222000.0,148227000.0,147401000.0,147465000.0,39.00322866,golden,neutral,normal,STABLE
2025-07-08 11:00:00,147465000.0,147701000.0,147100000.0,147449000.0,50.79014225,dead,neutral,normal,STABLE
2025-07-08 12:00:00,147449000.0,147657000.0,147316000.0,147599000.0,18.33849979,dead,neutral,normal,STABLE
2025-07-08 13:00:00,147599000.0,147599000.0,147316000.0,147592000.0,26.93535305,dead,neutral,normal,STABLE
2025-07-08 14:00:00,147592000.0,147950000.0,147499000.0,147946000.0,25.15992764,dead,neutral,normal,STABLE
2025-07-08 15:00:00,147949000.0,147980000.0,147827000.0,147900000.0,17.46564169,dead,neutral,low,STABLE
2025-07-08 16:00:00,147943000.0,148126000.0,147874000.0,148123000.0,30.40422288,golden,neutral,normal,STABLE
2025-07-08 17:00:00,148126000.0,148126000.0,147772000.0,147919000.0,27.10473662,golden,neutral,normal,STABLE
2025-07-08 18:00:00,147935000.0,148157000.0,147879000.0,148155000.0,17.63939314,golden,neutral,normal,STABLE
2025-07-08 19:00:00,148155000.0,148601000.0,148097000.0,148440000.0,64.2307183,golden,neutral,high,STABLE
2025-07-08 20:00:00,148440000.0,148595000.0,148236000.0,148256000.0,45.09415015,golden,neutral,normal,STABLE
2025-07-08 21:00:00,148256000.0,148488000.0,148196000.0,148488000.0,22.89838839,golden,neutral,normal,STABLE
2025-07-08 22:00:00,148488000.0,148890000.0,148200000.0,148758000.0,65.12160327,golden,neutral,high,DOWN
2025-07-08 23:00:00,148758000.0,148799000.0,147847000.0,147958000.0,49.23102627,golden,neutral,normal,STABLE
2025-07-09 00:00:00,147911000.0,148199000.0,147850000.0,147913000.0,18.10689186,golden,neutral,normal,STABLE
2025-07-09 01:00:00,147976000.0,148164000.0,147812000.0,148153000.0,11.35025391,golden,neutral,low,STABLE
2025-07-09 02:00:00,147987000.0,148599000.0,147984000.0,148338000.0,26.59349852,golden,neutral,normal,STABLE
2025-07-09 03:00:00,148360000.0,148517000.0,148260000.0,148498000.0,14.39711443,golden,neutral,low,DOWN
2025-07-09 04:00:00,148402000.0,148498000.0,148002000.0,148039000.0,6.43322666,golden,neutral,low,STABLE
2025-07-09 05:00:00,148037000.0,148289000.0,148002000.0,148050000.0,9.95968079,golden,neutral,low,STABLE
2025-07-09 06:00:00,148045000.0,148287000.0,148005000.0,148287000.0,9.61588303,golden,neutral,low,STABLE
2025-07-09 07:00:00,148287000.0,148350000.0,148239000.0,148302000.0,13.05517192,golden,neutral,normal,STABLE
2025-07-09 08:00:00,148302000.0,148350000.0,148202000.0,148302000.0,19.54961789,golden,neutral,normal,STABLE
2025-07-09 09:00:00,148302000.0,148443000.0,148211000.0,148430000.0,27.27068514,golden,neutral,normal,STABLE
2025-07-09 10:00:00,148440000.0,148710000.0,148331000.0,148343000.0,37.47399209,golden,neutral,normal,STABLE
2025-07-09 11:00:00,148335000.0,148380000.0,148250000.0,148254000.0,23.14526226,golden,neutral,normal,STABLE
2025-07-09 12:00:00,148254000.0,148255000.0,148019000.0,148055000.0,32.67034963,golden,neutral,normal,STABLE
2025-07-09 13:00:00,148049000.0,148300000.0,148047000.0,148132000.0,29.3446218,dead,neutral,normal,STABLE
2025-07-09 14:00:00,148132000.0,148437000.0,148119000.0,148288000.0,26.77681147,dead,neutral,normal,STABLE
2025-07-09 15:00:00,148288000.0,148390000.0,148264000.0,148390000.0,20.69912735,dead,neutral,normal,STABLE
2025-07-09 16:00:00,148390000.0,148478000.0,148271000.0,148419000.0,25.87260632,dead,neutral,normal,STABLE
2025-07-09 17:00:00,148419000.0,148430000.0,148283000.0,148340000.0,16.32619088,golden,neutral,normal,STABLE
2025-07-09 18:00:00,148340000.0,148402000.0,148230000.0,148401000.0,21.096517,golden,neutral,normal,STABLE
2025-07-09 19:00:00,148402000.0,148500000.0,148347000.0,148457000.0,25.04815331,golden,neutral,normal,STABLE
2025-07-09 20:00:00,148458000.0,148650000.0,148402000.0,148610000.0,46.43830572,golden,neutral,high,STABLE
2025-07-09 21:00:00,148610000.0,149100000.0,148550000.0,148734000.0,150.44092762,golden,neutral,high,STABLE
2025-07-09 22:00:00,148734000.0,149400000.0,148500000.0,148609000.0,117.6316134,golden,neutral,high,STABLE
2025-07-09 23:00:00,148613000.0,148855000.0,148000000.0,148217000.0,98.11224409,golden,neutral,high,STABLE
2025-07-10 00:00:00,148216000.0,148595000.0,148178000.0,148594000.0,30.83181891,golden,neutral,normal,STABLE
2025-07-10 01:00:00,148492000.0,149010000.0,148489000.0,148919000.0,24.54349897,golden,neutral,normal,STABLE
2025-07-10 02:00:00,148918000.0,148960000.0,148550000.0,148620000.0,12.42374416,golden,neutral,low,STABLE
2025-07-10 03:00:00,148621000.0,149010000.0,148602000.0,148879000.0,22.82875466,golden,neutral,normal,UP
2025-07-10 04:00:00,148879000.0,151468000.0,148879000.0,151203000.0,302.18259643,golden,overbought,high,DOWN
2025-07-10 05:00:00,151203000.0,151479000.0,149903000.0,150000000.0,120.57725836,golden,neutral,high,STABLE
2025-07-10 06:00:00,149950000.0,150862000.0,149941000.0,150250000.0,75.68799758,golden,neutral,normal,UP
2025-07-10 07:00:00,150201000.0,151097000.0,150201000.0,151090000.0,119.00048131,golden,neutral,normal,STABLE
2025-07-10 08:00:00,151090000.0,151183000.0,150700000.0,150701000.0,90.04418889,golden,neutral,normal,DOWN
2025-07-10 09:00:00,150750000.0,151000000.0,150200000.0,150212000.0,95.60023694,golden,neutral,normal,UP
2025-07-10 10:00:00,150206000.0,150950000.0,150203000.0,150900000.0,77.70280146,golden,neutral,normal,STABLE
2025-07-10 11:00:00,150900000.0,151191000.0,150860000.0,150897000.0,81.04678408,golden,neutral,normal,STABLE
2025-07-10 12:00:00,150896000.0,151167000.0,150697000.0,150898000.0,90.44605716,golden,neutral,normal,STABLE
2025-07-10 13:00:00,150898000.0,151050000.0,150841000.0,151040000.0,52.11855855,golden,neutral,normal,STABLE
2025-07-10 14:00:00,151040000.0,151041000.0,150765000.0,150918000.0,48.05555862,golden,neutral,normal,STABLE
2025-07-10 15:00:00,150903000.0,151190000.0,150902000.0,151190000.0,54.10968792,golden,neutral,normal,STABLE
2025-07-10 16:00:00,151189000.0,151300000.0,151067000.0,151081000.0,70.4235573,golden,neutral,normal,STABLE
2025-07-10 17:00:00,151068000.0,151457000.0,150920000.0,151297000.0,77.88714754,golden,neutral,normal,STABLE
2025-07-10 18:00:00,151297000.0,151445000.0,151199000.0,151199000.0,48.58866648,golden,neutral,normal,STABLE
2025-07-10 19:00:00,151199000.0,151200000.0,150947000.0,151108000.0,43.99097616,golden,neutral,normal,STABLE
2025-07-10 20:00:00,151096000.0,151378000.0,151065000.0,151096000.0,31.1493253,golden,neutral,low,STABLE
2025-07-10 21:00:00,151066000.0,151096000.0,150547000.0,150724000.0,59.88737769,golden,neutral,normal,STABLE
2025-07-10 22:00:00,150722000.0,151000000.0,150427000.0,150722000.0,95.48808506,golden,neutral,normal,UP
2025-07-10 23:00:00,150646000.0,151300000.0,150640000.0,151189000.0,77.26077917,golden,neutral,normal,STABLE
2025-07-11 00:00:00,151189000.0,151465000.0,151105000.0,151465000.0,55.2590014,golden,neutral,normal,UP
2025-07-11 01:00:00,151463000.0,152769000.0,151463000.0,152490000.0,242.87132745,golden,overbought,high,UP
2025-07-11 02:00:00,152490000.0,153999000.0,152442000.0,153951000.0,173.97033483,golden,overbought,high,STABLE
2025-07-11 03:00:00,153928000.0,153952000.0,153099000.0,153668000.0,61.52483314,golden,overbought,normal,STABLE
2025-07-11 04:00:00,153668000.0,153947000.0,153350000.0,153653000.0,56.77438629,golden,overbought,normal,STABLE
2025-07-11 05:00:00,153641000.0,153666000.0,153501000.0,153647000.0,40.39514993,golden,overbought,normal,UP
2025-07-11 06:00:00,153647000.0,156816000.0,153645000.0,156813000.0,563.47240472,golden,overbought,high,STABLE
2025-07-11 07:00:00,156813000.0,156960000.0,156090000.0,156665000.0,273.61290736,golden,overbought,high,STABLE
2025-07-11 08:00:00,156665000.0,156738000.0,155857000.0,156519000.0,176.40465666,golden,overbought,normal,DOWN
2025-07-11 09:00:00,156517000.0,156554000.0,155000000.0,155930000.0,267.69187148,golden,overbought,high,UP
2025-07-11 10:00:00,155930000.0,157000000.0,155930000.0,156998000.0,174.58626609,golden,overbought,normal,UP
2025-07-11 11:00:00,156918000.0,158548000.0,156743000.0,158508000.0,259.86363828,golden,overbought,normal,STABLE
2025-07-11 12:00:00,158508000.0,158649000.0,157900000.0,158642000.0,179.41674512,golden,overbought,normal,STABLE
2025-07-11 13:00:00,158640000.0,158696000.0,158310000.0,158696000.0,113.76693457,golden,overbought,normal,UP
2025-07-11 14:00:00,158696000.0,160000000.0,158690000.0,159621000.0,391.16310619,golden,overbought,high,STABLE
2025-07-11 15:00:00,159602000.0,160306000.0,159140000.0,159241000.0,239.31934181,golden,overbought,normal,STABLE
2025-07-11 16:00:00,159200000.0,159600000.0,158849000.0,158850000.0,167.95596667,golden,overbought,normal,UP
2025-07-11 17:00:00,158849000.0,159968000.0,158843000.0,159808000.0,116.06118678,golden,overbought,normal,STABLE
2025-07-11 18:00:00,159808000.0,160744000.0,159733000.0,160240000.0,172.70893659,golden,overbought,normal,STABLE
2025-07-11 19:00:00,160240000.0,160263000.0,159841000.0,159843000.0,105.76535586,golden,overbought,normal,STABLE
2025-07-11 20:00:00,159844000.0,159980000.0,159364000.0,159923000.0,83.90982497,golden,overbought,low,STABLE
2025-07-11 21:00:00,159903000.0,160170000.0,159540000.0,159731000.0,86.95311951,golden,overbought,low,STABLE
2025-07-11 22:00:00,159700000.0,159731000.0,158771000.0,159357000.0,154.62798209,golden,overbought,normal,DOWN
2025-07-11 23:00:00,159319000.0,159672000.0,158500000.0,158795000.0,115.29468922,golden,neutral,normal,DOWN
2025-07-12 00:00:00,158795000.0,158936000.0,157606000.0,157606000.0,176.16311637,golden,neutral,normal,STABLE
2025-07-12 01:00:00,157622000.0,158000000.0,157000000.0,157870000.0,128.79556995,golden,neutral,normal,STABLE
2025-07-12 02:00:00,157870000.0,158314000.0,157812000.0,158208000.0,43.0510366,dead,neutral,low,STABLE
2025-07-12 03:00:00,158208000.0,158491000.0,157615000.0,158105000.0,28.06397488,dead,neutral,low,UP
2025-07-12 04:00:00,158100000.0,158688000.0,157852000.0,158599000.0,26.2429522,dead,neutral,low,STABLE
2025-07-12 05:00:00,158514000.0,158659000.0,158312000.0,158312000.0,39.27692521,dead,neutral,low,STABLE
2025-07-12 06:00:00,158312000.0,158450000.0,157800000.0,157986000.0,45.96849737,dead,neutral,low,STABLE
2025-07-12 07:00:00,157926000.0,158000000.0,156699000.0,157640000.0,153.57634421,dead,neutral,normal,UP
2025-07-12 08:00:00,157640000.0,158520000.0,157626000.0,158187000.0,69.20356839,dead,neutral,normal,DOWN
2025-07-12 09:00:00,158187000.0,158293000.0,157200000.0,157422000.0,102.77497971,dead,neutral,normal,UP
2025-07-12 10:00:00,157463000.0,158668000.0,157463000.0,158498000.0,85.32763573,dead,neutral,normal,STABLE
2025-07-12 11:00:00,158496000.0,159000000.0,158456000.0,158488000.0,82.86068314,dead,neutral,normal,STABLE
2025-07-12 12:00:00,158488000.0,158998000.0,158420000.0,158797000.0,35.65399509,dead,neutral,low,STABLE
2025-07-12 13:00:00,158797000.0,158997000.0,158770000.0,158773000.0,34.12501168,dead,neutral,low,STABLE
2025-07-12 14:00:00,158773000.0,158961000.0,158685000.0,158952000.0,43.13755768,golden,neutral,normal,STABLE
2025-07-12 15:00:00,158961000.0,159500000.0,158952000.0,159368000.0,68.88118678,golden,neutral,normal,STABLE
2025-07-12 16:00:00,159368000.0,159500000.0,159015000.0,159099000.0,41.34785314,golden,neutral,normal,STABLE
2025-07-12 17:00:00,159099000.0,159485000.0,159095000.0,159485000.0,36.59856197,golden,neutral,low,STABLE
2025-07-12 18:00:00,159487000.0,159950000.0,159482000.0,159950000.0,61.40252494,golden,neutral,normal,STABLE
2025-07-12 19:00:00,159948000.0,159952000.0,159500000.0,159780000.0,45.09142345,golden,neutral,normal,STABLE
2025-07-12 20:00:00,159780000.0,159850000.0,159300000.0,159413000.0,41.44751698,golden,neutral,normal,STABLE
2025-07-12 21:00:00,159413000.0,159500000.0,159100000.0,159458000.0,68.7178071,golden,neutral,normal,STABLE
2025-07-12 22:00:00,159460000.0,159650000.0,159303000.0,159501000.0,52.44949615,golden,neutral,normal,STABLE
2025-07-12 23:00:00,159568000.0,159700000.0,159409000.0,159428000.0,35.9152574,golden,neutral,normal,STABLE
2025-07-13 00:00:00,159416000.0,159750000.0,159200000.0,159453000.0,60.56289659,golden,neutral,normal,STABLE
2025-07-13 01:00:00,159453000.0,159664000.0,159379000.0,159532000.0,18.49568008,golden,neutral,low,STABLE
2025-07-13 02:00:00,159532000.0,159661000.0,159451000.0,159659000.0,9.35202187,golden,neutral,low,STABLE
2025-07-13 03:00:00,159659000.0,159660000.0,159550000.0,159655000.0,5.55232953,golden,neutral,low,STABLE
2025-07-13 04:00:00,159655000.0,159750000.0,159550000.0,159747000.0,13.9174523,golden,neutral,low,STABLE
2025-07-13 05:00:00,159747000.0,159747000.0,159290000.0,159290000.0,19.59782471,golden,neutral,low,UP
2025-07-13 06:00:00,159300000.0,159889000.0,159194000.0,159882000.0,26.85042718,golden,neutral,normal,STABLE
2025-07-13 07:00:00,159885000.0,159899000.0,159700000.0,159828000.0,23.63541334,golden,neutral,normal,STABLE
2025-07-13 08:00:00,159822000.0,159831000.0,159600000.0,159681000.0,25.97108375,golden,neutral,normal,STABLE
2025-07-13 09:00:00,159683000.0,159765000.0,159450000.0,159763000.0,39.55456386,golden,neutral,normal,STABLE
2025-07-13 10:00:00,159763000.0,160000000.0,159685000.0,159997000.0,47.05951502,golden,neutral,normal,STABLE
2025-07-13 11:00:00,159998000.0,159999000.0,159849000.0,159894000.0,44.57021815,golden,neutral,normal,STABLE
2025-07-13 12:00:00,159884000.0,160304000.0,159858000.0,160247000.0,91.56687737,golden,neutral,high,STABLE
2025-07-13 13:00:00,160247000.0,160298000.0,160175000.0,160245000.0,30.98070689,golden,neutral,normal,STABLE
2025-07-13 14:00:00,160249000.0,160300000.0,160099000.0,160130000.0,34.54724634,golden,neutral,normal,STABLE
2025-07-13 15:00:00,160130000.0,160246000.0,159850000.0,159880000.0,45.00188555,golden,neutral,normal,STABLE
2025-07-13 16:00:00,159880000.0,160150000.0,159870000.0,160114000.0,28.84423191,golden,neutral,normal,STABLE
2025-07-13 17:00:00,160114000.0,160135000.0,159920000.0,159963000.0,35.40595006,golden,neutral,normal,STABLE
2025-07-13 18:00:00,159963000.0,160056000.0,159946000.0,159987000.0,26.14337839,golden,neutral,normal,STABLE
2025-07-13 19:00:00,159989000.0,159994000.0,159926000.0,159934000.0,19.88219454,golden,neutral,normal,STABLE
2025-07-13 20:00:00,159935000.0,160160000.0,159931000.0,160149000.0,32.42251409,golden,neutral,normal,STABLE
2025-07-13 21:00:00,160149000.0,160460000.0,160061000.0,160371000.0,78.37688802,golden,neutral,high,STABLE
2025-07-13 22:00:00,160371000.0,160735000.0,160192000.0,160645000.0,112.45045365,golden,neutral,high,STABLE
2025-07-13 23:00:00,160644000.0,161000000.0,160294000.0,160719000.0,160.9617675,golden,neutral,high,STABLE
2025-07-14 00:00:00,160719000.0,160900000.0,160500000.0,160895000.0,47.32453717,golden,neutral,normal,STABLE
2025-07-14 01:00:00,160899000.0,161000000.0,160700000.0,160807000.0,34.8127751,golden,neutral,normal,STABLE
2025-07-14 02:00:00,160769000.0,160951000.0,160685000.0,160740000.0,20.87831793,golden,neutral,low,STABLE
2025-07-14 03:00:00,160750000.0,160950000.0,160632000.0,160810000.0,15.7282931,golden,neutral,low,STABLE
2025-07-14 04:00:00,160810000.0,161146000.0,160700000.0,160944000.0,29.26252344,golden,neutral,normal,STABLE
2025-07-14 05:00:00,160853000.0,161200000.0,160718000.0,161153000.0,28.94719662,golden,overbought,normal,STABLE
2025-07-14 06:00:00,161085000.0,161282000.0,160959000.0,161200000.0,72.44804839,golden,overbought,normal,STABLE
2025-07-14 07:00:00,161210000.0,161210000.0,160940000.0,161110000.0,65.5143065,golden,neutral,normal,UP
2025-07-14 08:00:00,161090000.0,161754000.0,160929000.0,161740000.0,84.48510615,golden,overbought,normal,STABLE
2025-07-14 09:00:00,161740000.0,162396000.0,161357000.0,162162000.0,190.24998009,golden,overbought,high,STABLE
2025-07-14 10:00:00,162162000.0,162315000.0,162000000.0,162293000.0,89.51709713,golden,overbought,normal,UP
2025-07-14 11:00:00,162293000.0,163000000.0,162230000.0,162922000.0,177.15036523,golden,overbought,high,UP
2025-07-14 12:00:00,162922000.0,164300000.0,162855000.0,164250000.0,297.5648058,golden,overbought,high,UP
2025-07-14 13:00:00,164277000.0,164996000.0,164112000.0,164992000.0,279.37110623,golden,overbought,high,UP
2025-07-14 14:00:00,164995000.0,166400000.0,164558000.0,166392000.0,481.89357565,golden,overbought,high,DOWN
2025-07-14 15:00:00,166391000.0,166424000.0,165500000.0,165640000.0,209.1337458,golden,overbought,normal,UP
2025-07-14 16:00:00,165641000.0,166800000.0,165500000.0,166567000.0,207.34452942,golden,overbought,normal,STABLE
2025-07-14 17:00:00,166580000.0,166600000.0,166016000.0,166299000.0,109.15558463,golden,overbought,normal,DOWN
2025-07-14 18:00:00,166299000.0,166498000.0,165115000.0,165489000.0,170.11723335,golden,overbought,normal,STABLE
2025-07-14 19:00:00,165423000.0,165791000.0,165000000.0,165370000.0,115.44644771,golden,neutral,normal,DOWN
2025-07-14 20:00:00,165369000.0,165370000.0,164137000.0,164587000.0,169.93359283,golden,neutral,normal,UP
2025-07-14 21:00:00,164586000.0,165760000.0,164580000.0,165682000.0,105.47781005,golden,neutral,normal,DOWN
2025-07-14 22:00:00,165682000.0,165755000.0,164810000.0,165103000.0,128.38538741,golden,neutral,normal,DOWN
2025-07-14 23:00:00,165106000.0,165343000.0,164135000.0,164591000.0,131.45637154,golden,neutral,normal,DOWN
2025-07-15 00:00:00,164591000.0,164630000.0,163000000.0,163415000.0,171.49697069,golden,neutral,normal,STABLE
2025-07-15 01:00:00,163413000.0,163700000.0,162550000.0,163693000.0,119.99187577,golden,neutral,normal,STABLE
2025-07-15 02:00:00,163687000.0,164120000.0,163400000.0,163401000.0,38.95124673,dead,neutral,low,STABLE
2025-07-15 03:00:00,163401000.0,163995000.0,163201000.0,163327000.0,19.28757818,dead,neutral,low,STABLE
2025-07-15 04:00:00,163327000.0,163900000.0,163320000.0,163682000.0,29.89028458,dead,neutral,low,UP
2025-07-15 05:00:00,163688000.0,164600000.0,163484000.0,164364000.0,50.74921762,dead,neutral,low,STABLE
2025-07-15 06:00:00,164364000.0,164645000.0,164010000.0,164410000.0,52.12457702,dead,neutral,low,STABLE
2025-07-15 07:00:00,164408000.0,164863000.0,164268000.0,164454000.0,72.92193357,dead,neutral,low,DOWN
2025-07-15 08:00:00,164454000.0,164473000.0,163923000.0,163923000.0,73.11898907,dead,neutral,normal,DOWN
2025-07-15 09:00:00,163923000.0,164010000.0,162880000.0,163002000.0,214.17084326,dead,neutral,normal,DOWN
2025-07-15 10:00:00,163001000.0,163002000.0,161565000.0,161611000.0,313.78212748,dead,neutral,high,STABLE
2025-07-15 11:00:00,161583000.0,161940000.0,160638000.0,161308000.0,273.99214542,dead,neutral,high,DOWN
2025-07-15 12:00:00,161231000.0,161308000.0,159300000.0,159821000.0,359.02328707,dead,oversold,high,UP
2025-07-15 13:00:00,159821000.0,160800000.0,158658000.0,160757000.0,241.21504529,dead,neutral,normal,STABLE
2025-07-15 14:00:00,160757000.0,161010000.0,159980000.0,160329000.0,138.48192228,dead,neutral,normal,STABLE
2025-07-15 15:00:00,160330000.0,160375000.0,159800000.0,159990000.0,98.33185408,dead,neutral,normal,STABLE
2025-07-15 16:00:00,159979000.0,160297000.0,159336000.0,159848000.0,93.48116452,dead,neutral,normal,STABLE
2025-07-15 17:00:00,159847000.0,159944000.0,159299000.0,159828000.0,67.31753525,dead,neutral,normal,STABLE
2025-07-15 18:00:00,159756000.0,160370000.0,159419000.0,159460000.0,95.64582054,dead,neutral,normal,STABLE
2025-07-15 19:00:00,159460000.0,160170000.0,159420000.0,159867000.0,68.11497806,dead,neutral,normal,STABLE
2025-07-15 20:00:00,159867000.0,160170000.0,159116000.0,160166000.0,103.90166552,dead,neutral,normal,STABLE
2025-07-15 21:00:00,160164000.0,160980000.0,159501000.0,160504000.0,162.82393672,dead,neutral,normal,UP
2025-07-15 22:00:00,160505000.0,161998000.0,160458000.0,161700000.0,223.02129481,dead,neutral,normal,DOWN
2025-07-15 23:00:00,161700000.0,162094000.0,159100000.0,159384000.0,194.71344854,dead,neutral,normal,UP
2025-07-16 00:00:00,159384000.0,160238000.0,159197000.0,159887000.0,108.16059548,dead,neutral,normal,UP
2025-07-16 01:00:00,159887000.0,161072000.0,159801000.0,160442000.0,56.59294476,dead,neutral,low,STABLE
2025-07-16 02:00:00,160442000.0,160848000.0,160251000.0,160300000.0,36.80095314,dead,neutral,low,STABLE
2025-07-16 03:00:00,160300000.0,160396000.0,159100000.0,159884000.0,69.90999364,dead,neutral,low,STABLE
2025-07-16 04:00:00,159884000.0,160263000.0,159497000.0,159638000.0,40.23657916,dead,neutral,low,STABLE
2025-07-16 05:00:00,159608000.0,159905000.0,159251000.0,159755000.0,34.86466558,dead,neutral,low,UP
2025-07-16 06:00:00,159750000.0,160999000.0,159685000.0,160800000.0,49.24816996,dead,neutral,low,STABLE
2025-07-16 07:00:00,160800000.0,161007000.0,160433000.0,161000000.0,51.89549856,golden,neutral,low,STABLE
2025-07-16 08:00:00,160999000.0,161103000.0,160389000.0,160811000.0,83.72313841,golden,neutral,normal,UP
2025-07-16 09:00:00,160811000.0,161813000.0,160175000.0,161800000.0,127.52593493,golden,neutral,normal,DOWN
2025-07-16 10:00:00,161800000.0,161860000.0,160994000.0,161305000.0,115.06257729,golden,neutral,normal,DOWN
2025-07-16 11:00:00,161316000.0,161404000.0,160175000.0,160777000.0,85.0324435,golden,neutral,normal,STABLE
2025-07-16 12:00:00,160777000.0,161210000.0,160689000.0,161070000.0,57.87492334,golden,neutral,normal,STABLE
2025-07-16 13:00:00,161070000.0,161527000.0,160975000.0,161398000.0,57.78454035,golden,neutral,normal,STABLE
2025-07-16 14:00:00,161398000.0,161665000.0,161267000.0,161269000.0,51.11164925,golden,neutral,normal,STABLE
2025-07-16 15:00:00,161269000.0,161690000.0,161174000.0,161689000.0,49.95109536,golden,neutral,normal,STABLE
2025-07-16 16:00:00,161690000.0,161694000.0,161315000.0,161469000.0,36.07537724,golden,neutral,low,UP
2025-07-16 17:00:00,161469000.0,162274000.0,161402000.0,161968000.0,87.16687012,golden,neutral,normal,UP
2025-07-16 18:00:00,161973000.0,162900000.0,161968000.0,162600000.0,119.02340043,golden,neutral,normal,STABLE
2025-07-16 19:00:00,162594000.0,162930000.0,162101000.0,162163000.0,65.58271701,golden,neutral,normal,STABLE
2025-07-16 20:00:00,162170000.0,162642000.0,162018000.0,162385000.0,63.86341795,golden,neutral,normal,STABLE
2025-07-16 21:00:00,162385000.0,162749000.0,162288000.0,162320000.0,53.70101474,golden,neutral,normal,STABLE
2025-07-16 22:00:00,162319000.0,162377000.0,161565000.0,162148000.0,98.19576771,golden,neutral,normal,STABLE
2025-07-16 23:00:00,162148000.0,162749000.0,161750000.0,162579000.0,78.533281,golden,neutral,normal,STABLE
2025-07-17 00:00:00,162579000.0,163210000.0,161961000.0,162931000.0,146.27541132,golden,neutral,normal,STABLE
2025-07-17 01:00:00,162931000.0,162968000.0,162211000.0,162702000.0,44.55927509,golden,neutral,normal,DOWN
2025-07-17 02:00:00,162702000.0,162970000.0,162000000.0,162051000.0,45.69944289,golden,neutral,normal,UP
2025-07-17 03:00:00,162051000.0,162970000.0,161861000.0,162619000.0,51.82095512,golden,neutral,normal,STABLE
2025-07-17 04:00:00,162618000.0,162791000.0,161867000.0,162339000.0,51.23768934,golden,neutral,normal,STABLE
2025-07-17 05:00:00,162339000.0,162888000.0,161909000.0,162747000.0,72.75791379,golden,neutral,normal,DOWN
2025-07-17 06:00:00,162674000.0,163044000.0,162112000.0,162122000.0,94.05620674,golden,neutral,normal,DOWN
2025-07-17 07:00:00,162125000.0,162400000.0,161411000.0,161553000.0,100.95907657,golden,neutral,normal,STABLE
2025-07-17 08:00:00,161553000.0,161560000.0,160900000.0,161250000.0,87.36778839,dead,neutral,normal,UP
2025-07-17 09:00:00,161246000.0,162505000.0,161058000.0,162377000.0,114.73710064,dead,neutral,normal,DOWN
2025-07-17 10:00:00,162377000.0,162530000.0,160877000.0,161600000.0,138.37509663,dead,neutral,normal,STABLE
2025-07-17 11:00:00,161592000.0,162096000.0,161407000.0,161902000.0,56.87118959,dead,neutral,normal,STABLE
2025-07-17 12:00:00,161851000.0,161940000.0,161038000.0,161713000.0,65.3604429,dead,neutral,normal,STABLE
2025-07-17 13:00:00,161673000.0,161856000.0,161447000.0,161690000.0,31.5186061,dead,neutral,low,STABLE
2025-07-17 14:00:00,161687000.0,161760000.0,161150000.0,161666000.0,69.69747998,dead,neutral,normal,STABLE
2025-07-17 15:00:00,161666000.0,162000000.0,161571000.0,161700000.0,76.73956315,dead,neutral,normal,STABLE
2025-07-17 16:00:00,161699000.0,161902000.0,161320000.0,161734000.0,80.37630473,dead,neutral,normal,STABLE
2025-07-17 17:00:00,161713000.0,161915000.0,161417000.0,161664000.0,70.26588699,dead,neutral,normal,STABLE
2025-07-17 18:00:00,161664000.0,162530000.0,161530000.0,162016000.0,125.30494973,dead,neutral,normal,DOWN
2025-07-17 19:00:00,162016000.0,162064000.0,161250000.0,161375000.0,89.24131418,dead,neutral,normal,STABLE
2025-07-17 20:00:00,161376000.0,161385000.0,160937000.0,160937000.0,127.26652212,dead,neutral,normal,STABLE
2025-07-17 21:00:00,160937000.0,160940000.0,160032000.0,160502000.0,175.92163032,dead,neutral,high,UP
2025-07-17 22:00:00,160502000.0,161201000.0,160002000.0,161143000.0,121.80121629,dead,neutral,normal,STABLE
2025-07-17 23:00:00,161143000.0,161670000.0,161000000.0,161463000.0,75.60812197,dead,neutral,normal,STABLE
2025-07-18 00:00:00,161463000.0,161850000.0,161145000.0,161768000.0,47.48761263,dead,neutral,normal,STABLE
2025-07-18 01:00:00,161769000.0,161788000.0,161377000.0,161715000.0,47.73442733,dead,neutral,normal,STABLE
2025-07-18 02:00:00,161715000.0,162274000.0,161561000.0,162179000.0,51.93019583,golden,neutral,normal,STABLE
2025-07-18 03:00:00,162261000.0,162754000.0,162006000.0,162353000.0,62.64478488,golden,neutral,normal,DOWN
2025-07-18 04:00:00,162353000.0,162759000.0,161520000.0,161730000.0,59.32339107,golden,neutral,normal,UP
2025-07-18 05:00:00,161607000.0,162545000.0,161301000.0,162476000.0,59.29912244,golden,neutral,normal,UP
2025-07-18 06:00:00,162476000.0,163955000.0,162417000.0,163058000.0,194.72411797,golden,neutral,high,STABLE
2025-07-18 07:00:00,163050000.0,163800000.0,162697000.0,163142000.0,152.93660473,golden,neutral,normal,DOWN
2025-07-18 08:00:00,163115000.0,163142000.0,162057000.0,162232000.0,145.50122909,golden,neutral,normal,UP
2025-07-18 09:00:00,162232000.0,163070000.0,162108000.0,162764000.0,185.48973548,golden,neutral,normal,UP
2025-07-18 10:00:00,162764000.0,164446000.0,162669000.0,163875000.0,303.14639913,golden,neutral,high,STABLE
2025-07-18 11:00:00,163875000.0,163915000.0,162725000.0,163609000.0,143.10615876,golden,neutral,normal,STABLE
2025-07-18 12:00:00,163602000.0,163928000.0,163399000.0,163803000.0,73.63470861,golden,neutral,normal,STABLE
2025-07-18 13:00:00,163802000.0,164008000.0,163400000.0,163899000.0,79.43747817,golden,neutral,normal,STABLE
2025-07-18 14:00:00,163899000.0,163980000.0,163510000.0,163911000.0,104.51714976,golden,neutral,normal,STABLE
2025-07-18 15:00:00,163911000.0,164015000.0,163593000.0,163768000.0,95.38206582,golden,neutral,normal,DOWN
2025-07-18 16:00:00,163805000.0,163830000.0,159511000.0,159542000.0,378.15250212,golden,neutral,high,UP
2025-07-18 17:00:00,159542000.0,162041000.0,159301000.0,160756000.0,463.48290987,dead,neutral,high,UP
2025-07-18 18:00:00,160751000.0,161888000.0,160500000.0,161714000.0,113.97758928,dead,neutral,normal,STABLE
2025-07-18 19:00:00,161710000.0,162152000.0,161249000.0,162138000.0,63.13427293,dead,neutral,low,STABLE
2025-07-18 20:00:00,162138000.0,162471000.0,161643000.0,162393000.0,65.48653437,dead,neutral,low,STABLE
2025-07-18 21:00:00,162393000.0,162973000.0,162361000.0,162804000.0,91.1966534,dead,neutral,normal,DOWN
2025-07-18 22:00:00,162809000.0,162809000.0,161400000.0,161711000.0,127.52157542,dead,neutral,normal,STABLE
2025-07-18 23:00:00,161711000.0,162200000.0,160464000.0,161300000.0,148.07805631,dead,neutral,normal,STABLE
2025-07-19 00:00:00,161224000.0,161334000.0,160564000.0,161042000.0,76.76766999,dead,neutral,normal,STABLE
2025-07-19 01:00:00,161043000.0,161300000.0,160700000.0,160731000.0,40.81269874,dead,neutral,low,STABLE
2025-07-19 02:00:00,160732000.0,161198000.0,160576000.0,160737000.0,26.18042773,dead,neutral,low,STABLE
2025-07-19 03:00:00,160737000.0,160899000.0,160500000.0,160593000.0,27.98760793,dead,neutral,low,STABLE
2025-07-19 04:00:00,160526000.0,161200000.0,160400000.0,160661000.0,21.54741252,dead,neutral,low,STABLE
2025-07-19 05:00:00,160598000.0,161041000.0,160080000.0,160738000.0,46.56412463,dead,neutral,low,STABLE
2025-07-19 06:00:00,160769000.0,161170000.0,160607000.0,160872000.0,26.48180798,dead,neutral,low,STABLE
2025-07-19 07:00:00,160817000.0,161300000.0,160702000.0,161060000.0,33.95710495,dead,neutral,low,STABLE
2025-07-19 08:00:00,161029000.0,161297000.0,160844000.0,161100000.0,35.28757476,dead,neutral,low,STABLE
2025-07-19 09:00:00,161098000.0,161698000.0,160956000.0,161103000.0,66.66101109,dead,neutral,normal,STABLE
2025-07-19 10:00:00,161100000.0,161465000.0,160788000.0,161422000.0,53.765476,dead,neutral,normal,STABLE
2025-07-19 11:00:00,161301000.0,161560000.0,161233000.0,161509000.0,35.05426492,golden,neutral,low,STABLE
2025-07-19 12:00:00,161509000.0,161747000.0,161299000.0,161733000.0,66.9043084,golden,neutral,normal,STABLE
2025-07-19 13:00:00,161732000.0,161956000.0,161607000.0,161673000.0,53.94040645,golden,neutral,normal,STABLE
2025-07-19 14:00:00,161673000.0,161959000.0,161600000.0,161897000.0,42.7775248,golden,neutral,normal,STABLE
2025-07-19 15:00:00,161897000.0,161954000.0,161709000.0,161930000.0,27.47203752,golden,neutral,low,STABLE
2025-07-19 16:00:00,161954000.0,162000000.0,161649000.0,161695000.0,29.57313272,golden,neutral,normal,STABLE
2025-07-19 17:00:00,161674000.0,161856000.0,161523000.0,161830000.0,47.11294862,golden,neutral,normal,STABLE
2025-07-19 18:00:00,161830000.0,161991000.0,161755000.0,161811000.0,20.30484961,golden,neutral,low,STABLE
2025-07-19 19:00:00,161845000.0,162300000.0,161800000.0,162296000.0,46.10464413,golden,neutral,normal,STABLE
2025-07-19 20:00:00,162295000.0,162470000.0,162000000.0,162049000.0,54.0479005,golden,neutral,normal,STABLE
2025-07-19 21:00:00,162099000.0,162310000.0,161910000.0,162119000.0,46.32790543,golden,neutral,normal,STABLE
2025-07-19 22:00:00,162119000.0,162120000.0,161860000.0,161920000.0,26.50777285,golden,neutral,normal,DOWN
2025-07-19 23:00:00,161920000.0,162026000.0,161390000.0,161400000.0,49.38452732,golden,neutral,normal,UP
2025-07-20 00:00:00,161400000.0,162063000.0,161296000.0,161954000.0,36.63694845,golden,neutral,normal,STABLE
2025-07-20 01:00:00,161953000.0,161961000.0,161600000.0,161678000.0,16.08520083,golden,neutral,low,STABLE
2025-07-20 02:00:00,161685000.0,161729000.0,161310000.0,161356000.0,15.94334109,dead,neutral,low,STABLE
2025-07-20 03:00:00,161500000.0,161796000.0,161320000.0,161535000.0,11.87112255,dead,neutral,low,STABLE
2025-07-20 04:00:00,161536000.0,161791000.0,161322000.0,161665000.0,13.62637036,dead,neutral,low,STABLE
2025-07-20 05:00:00,161710000.0,161712000.0,161355000.0,161356000.0,14.21816469,dead,neutral,low,STABLE
2025-07-20 06:00:00,161395000.0,161605000.0,161106000.0,161603000.0,25.09145638,dead,neutral,normal,STABLE
2025-07-20 07:00:00,161605000.0,161612000.0,161330000.0,161530000.0,15.65848283,dead,neutral,low,STABLE
2025-07-20 08:00:00,161533000.0,161691000.0,161416000.0,161428000.0,27.28121336,dead,neutral,normal,STABLE
2025-07-20 09:00:00,161428000.0,161697000.0,161230000.0,161697000.0,39.10985013,dead,neutral,normal,STABLE
2025-07-20 10:00:00,161695000.0,161704000.0,161390000.0,161400000.0,42.16678388,dead,neutral,normal,STABLE
2025-07-20 11:00:00,161400000.0,161870000.0,161304000.0,161852000.0,35.59681877,dead,neutral,normal,STABLE
2025-07-20 12:00:00,161861000.0,162000000.0,161470000.0,161514000.0,55.2819888,dead,neutral,normal,STABLE
2025-07-20 13:00:00,161514000.0,161592000.0,161350000.0,161576000.0,42.36426804,dead,neutral,normal,STABLE
2025-07-20 14:00:00,161575000.0,161785000.0,161430000.0,161557000.0,27.93021232,dead,neutral,normal,STABLE
2025-07-20 15:00:00,161557000.0,161636000.0,161500000.0,161565000.0,20.00370362,dead,neutral,normal,STABLE
2025-07-20 16:00:00,161565000.0,161588000.0,161407000.0,161467000.0,38.9472296,dead,neutral,normal,STABLE
2025-07-20 17:00:00,161467000.0,161608000.0,161170000.0,161203000.0,72.70652134,dead,neutral,high,STABLE
2025-07-20 18:00:00,161203000.0,161364000.0,161010000.0,161224000.0,75.25477862,dead,neutral,high,STABLE
2025-07-20 19:00:00,161225000.0,161335000.0,161100000.0,161100000.0,46.39409011,dead,neutral,normal,STABLE
2025-07-20 20:00:00,161101000.0,161179000.0,161027000.0,161068000.0,86.10678819,dead,neutral,high,STABLE
2025-07-20 21:00:00,161068000.0,161299000.0,161055000.0,161234000.0,62.47290086,dead,neutral,normal,STABLE
2025-07-20 22:00:00,161234000.0,161326000.0,161066000.0,161326000.0,58.95240107,dead,neutral,normal,STABLE
2025-07-20 23:00:00,161313000.0,161972000.0,161313000.0,161359000.0,112.24136549,dead,neutral,high,STABLE
2025-07-21 00:00:00,161360000.0,161703000.0,161170000.0,161567000.0,50.90019062,dead,neutral,normal,STABLE
2025-07-21 01:00:00,161574000.0,161692000.0,161200000.0,161215000.0,49.4156717,dead,neutral,normal,STABLE
2025-07-21 02:00:00,161216000.0,161361000.0,160914000.0,160958000.0,57.49257077,dead,neutral,normal,STABLE
2025-07-21 03:00:00,160918000.0,161178000.0,160918000.0,161000000.0,18.78087941,dead,neutral,low,STABLE
2025-07-21 04:00:00,161001000.0,161103000.0,160698000.0,160698000.0,38.53960913,dead,neutral,normal,STABLE
2025-07-21 05:00:00,160697000.0,161027000.0,160583000.0,160920000.0,26.54255349,dead,neutral,normal,STABLE
2025-07-21 06:00:00,160920000.0,161186000.0,160878000.0,161054000.0,34.56399391,dead,neutral,normal,DOWN
2025-07-21 07:00:00,161054000.0,161056000.0,159726000.0,160469000.0,234.44154966,dead,neutral,high,STABLE
2025-07-21 08:00:00,160469000.0,160537000.0,159988000.0,160072000.0,103.57614007,dead,neutral,normal,UP
2025-07-21 09:00:00,160072000.0,160635000.0,159350000.0,160587000.0,202.46950851,dead,neutral,high,STABLE
2025-07-21 10:00:00,160609000.0,160899000.0,160160000.0,160452000.0,104.86451957,dead,neutral,normal,UP
2025-07-21 11:00:00,160452000.0,161179000.0,160451000.0,161177000.0,93.27200205,dead,neutral,normal,STABLE
2025-07-21 12:00:00,161177000.0,161688000.0,161177000.0,161441000.0,93.97536827,dead,neutral,normal,STABLE
2025-07-21 13:00:00,161446000.0,161627000.0,161222000.0,161222000.0,53.53011006,dead,neutral,normal,STABLE
2025-07-21 14:00:00,161245000.0,161252000.0,161085000.0,161170000.0,35.48330327,golden,neutral,low,UP
2025-07-21 15:00:00,161169000.0,161958000.0,161078000.0,161831000.0,106.83726321,golden,neutral,normal,STABLE
2025-07-21 16:00:00,161918000.0,162300000.0,161743000.0,162099000.0,122.28868306,golden,neutral,normal,STABLE
2025-07-21 17:00:00,162099000.0,162200000.0,161465000.0,161655000.0,93.3975065,golden,neutral,normal,STABLE
2025-07-21 18:00:00,161652000.0,161800000.0,161200000.0,161408000.0,49.26998408,golden,neutral,normal,STABLE
2025-07-21 19:00:00,161407000.0,161583000.0,161200000.0,161228000.0,54.36690444,golden,neutral,normal,DOWN
2025-07-21 20:00:00,161227000.0,161421000.0,160601000.0,160624000.0,90.57271981,golden,neutral,normal,STABLE
2025-07-21 21:00:00,160624000.0,161240000.0,160325000.0,160750000.0,111.93326613,golden,neutral,normal,STABLE
2025-07-21 22:00:00,160750000.0,161500000.0,160502000.0,161200000.0,86.5548886,dead,neutral,normal,STABLE
2025-07-21 23:00:00,161190000.0,161202000.0,160715000.0,160866000.0,105.56281066,dead,neutral,normal,STABLE
2025-07-22 00:00:00,160810000.0,161200000.0,160702000.0,160770000.0,80.43493627,dead,neutral,normal,STABLE
2025-07-22 01:00:00,160721000.0,160783000.0,160199000.0,160550000.0,89.11826169,dead,neutral,normal,STABLE
2025-07-22 02:00:00,160550000.0,160622000.0,160001000.0,160558000.0,76.2697258,dead,neutral,normal,DOWN
2025-07-22 03:00:00,160440000.0,160763000.0,159997000.0,159998000.0,51.37059929,dead,neutral,normal,DOWN
2025-07-22 04:00:00,159998000.0,160313000.0,159503000.0,159510000.0,80.84465958,dead,neutral,normal,STABLE
2025-07-22 05:00:00,159510000.0,160250000.0,159510000.0,159984000.0,55.11785428,dead,neutral,normal,STABLE
2025-07-22 06:00:00,159984000.0,160396000.0,159930000.0,160231000.0,46.63825024,dead,neutral,normal,STABLE
2025-07-22 07:00:00,160230000.0,160425000.0,160128000.0,160289000.0,40.89805802,dead,neutral,normal,STABLE
2025-07-22 08:00:00,160289000.0,160400000.0,160000000.0,160096000.0,57.25458712,dead,neutral,normal,STABLE
2025-07-22 09:00:00,160094000.0,160539000.0,160034000.0,160277000.0,71.32908334,dead,neutral,normal,STABLE
2025-07-22 10:00:00,160276000.0,160902000.0,159116000.0,160686000.0,266.18793718,dead,neutral,high,DOWN
2025-07-22 11:00:00,160686000.0,160726000.0,159505000.0,159592000.0,114.8929708,dead,neutral,normal,STABLE
2025-07-22 12:00:00,159592000.0,160145000.0,159560000.0,159925000.0,117.98030445,dead,neutral,normal,DOWN
2025-07-22 13:00:00,159925000.0,160010000.0,158900000.0,158901000.0,244.70053743,dead,neutral,high,UP
2025-07-22 14:00:00,158901000.0,160000000.0,158750000.0,159820000.0,180.30664519,dead,neutral,normal,UP
2025-07-22 15:00:00,159820000.0,160737000.0,159819000.0,160737000.0,114.0293112,dead,neutral,normal,STABLE
2025-07-22 16:00:00,160736000.0,161500000.0,160610000.0,160791000.0,174.14614303,dead,neutral,normal,UP
2025-07-22 17:00:00,160791000.0,161500000.0,160505000.0,161419000.0,140.33489458,golden,neutral,normal,STABLE
2025-07-22 18:00:00,161377000.0,161688000.0,160863000.0,161332000.0,115.69639092,golden,neutral,normal,UP
2025-07-22 19:00:00,161337000.0,161900000.0,161288000.0,161900000.0,107.03224669,golden,neutral,normal,STABLE
2025-07-22 20:00:00,161900000.0,162061000.0,161666000.0,161956000.0,115.24906716,golden,neutral,normal,STABLE
2025-07-22 21:00:00,161956000.0,162280000.0,161749000.0,162151000.0,137.80033856,golden,neutral,normal,DOWN
2025-07-22 22:00:00,162170000.0,162316000.0,160896000.0,160931000.0,156.20148348,golden,neutral,normal,UP
2025-07-22 23:00:00,160931000.0,161833000.0,160393000.0,161830000.0,117.54269785,golden,neutral,normal,STABLE
2025-07-23 00:00:00,161833000.0,161911000.0,161433000.0,161606000.0,67.77647527,golden,neutral,normal,STABLE
2025-07-23 01:00:00,161606000.0,161986000.0,161290000.0,161303000.0,27.88043864,golden,neutral,low,UP
2025-07-23 02:00:00,161303000.0,161828000.0,161089000.0,161828000.0,22.5406053,golden,neutral,low,UP
2025-07-23 03:00:00,161828000.0,162785000.0,161674000.0,162360000.0,109.21556505,golden,neutral,normal,STABLE
2025-07-23 04:00:00,162319000.0,162611000.0,161883000.0,162120000.0,34.05921294,golden,neutral,low,STABLE
2025-07-23 05:00:00,162102000.0,162723000.0,161981000.0,162560000.0,53.4426877,golden,neutral,low,DOWN
2025-07-23 06:00:00,162547000.0,162604000.0,161883000.0,161883000.0,47.15115057,golden,neutral,low,UP
2025-07-23 07:00:00,161883000.0,162601000.0,161882000.0,162508000.0,75.65414541,golden,neutral,normal,STABLE
2025-07-23 08:00:00,162464000.0,162990000.0,162265000.0,162321000.0,119.31417808,golden,neutral,normal,STABLE
2025-07-23 09:00:00,162321000.0,162848000.0,162000000.0,162490000.0,128.33648526,golden,neutral,normal,STABLE
2025-07-23 10:00:00,162490000.0,162543000.0,162119000.0,162449000.0,67.8497624,golden,neutral,normal,DOWN
2025-07-23 11:00:00,162400000.0,162462000.0,161689000.0,161949000.0,93.41550554,golden,neutral,normal,DOWN
2025-07-23 12:00:00,161887000.0,162001000.0,161182000.0,161400000.0,73.60468581,golden,neutral,normal,UP
2025-07-23 13:00:00,161398000.0,161894000.0,161348000.0,161894000.0,52.02811787,golden,neutral,normal,STABLE
2025-07-23 14:00:00,161872000.0,161949000.0,161450000.0,161518000.0,41.12181009,dead,neutral,low,STABLE
2025-07-23 15:00:00,161515000.0,161620000.0,161217000.0,161297000.0,49.00426952,dead,neutral,normal,STABLE
2025-07-23 16:00:00,161298000.0,161499000.0,161200000.0,161227000.0,36.18215536,dead,neutral,low,STABLE
2025-07-23 17:00:00,161226000.0,161373000.0,161081000.0,161367000.0,52.16898677,dead,neutral,normal,STABLE
2025-07-23 18:00:00,161367000.0,161520000.0,161000000.0,161057000.0,67.41593588,dead,neutral,normal,STABLE
2025-07-23 19:00:00,161054000.0,161275000.0,160690000.0,161261000.0,67.90251572,dead,neutral,normal,STABLE
2025-07-23 20:00:00,161261000.0,161437000.0,161000000.0,161160000.0,40.23984496,dead,neutral,normal,DOWN
2025-07-23 21:00:00,161160000.0,161300000.0,160150000.0,160279000.0,127.108354,dead,neutral,normal,STABLE
2025-07-23 22:00:00,160280000.0,161003000.0,159192000.0,159804000.0,371.24825707,dead,neutral,high,UP
2025-07-23 23:00:00,159804000.0,161048000.0,159693000.0,160858000.0,162.96679665,dead,neutral,normal,UP
2025-07-24 00:00:00,160858000.0,161499000.0,160517000.0,161497000.0,61.71571647,dead,neutral,normal,DOWN
2025-07-24 01:00:00,161497000.0,161499000.0,160450000.0,160799000.0,34.80147255,dead,neutral,low,STABLE
2025-07-24 02:00:00,160713000.0,161115000.0,160206000.0,161115000.0,47.07537118,dead,neutral,normal,STABLE
2025-07-24 03:00:00,161029000.0,161500000.0,161007000.0,161429000.0,22.53939478,dead,neutral,low,STABLE
2025-07-24 04:00:00,161486000.0,161500000.0,161213000.0,161495000.0,29.00868402,dead,neutral,low,DOWN
2025-07-24 05:00:00,161495000.0,161543000.0,160389000.0,160585000.0,72.9757597,dead,neutral,normal,STABLE
2025-07-24 06:00:00,160590000.0,161031000.0,159967000.0,160729000.0,115.34875703,dead,neutral,normal,UP
2025-07-24 07:00:00,160856000.0,162100000.0,160627000.0,161989000.0,135.61887331,golden,neutral,normal,STABLE
2025-07-24 08:00:00,161990000.0,162386000.0,161635000.0,161990000.0,148.562382,golden,neutral,normal,UP
2025-07-24 09:00:00,162000000.0,162888000.0,161444000.0,162779000.0,188.85669082,golden,neutral,high,STABLE
2025-07-24 10:00:00,162755000.0,162787000.0,162008000.0,162360000.0,88.80784516,golden,neutral,normal,STABLE
2025-07-24 11:00:00,162360000.0,162409000.0,161908000.0,162216000.0,41.7814916,golden,neutral,low,DOWN
2025-07-24 12:00:00,162216000.0,162500000.0,161664000.0,161667000.0,50.82804982,golden,neutral,normal,DOWN
2025-07-24 13:00:00,161667000.0,161795000.0,160220000.0,160431000.0,163.99732165,golden,neutral,normal,DOWN
2025-07-24 14:00:00,160431000.0,160510000.0,159500000.0,159700000.0,325.17639578,golden,neutral,high,STABLE
2025-07-24 15:00:00,159700000.0,160050000.0,159222000.0,159282000.0,229.03301821,dead,neutral,normal,UP
2025-07-24 16:00:00,159282000.0,160719000.0,159000000.0,160694000.0,176.96191318,dead,neutral,normal,STABLE
2025-07-24 17:00:00,160711000.0,161220000.0,160309000.0,161137000.0,106.90857512,dead,neutral,normal,DOWN
2025-07-24 18:00:00,161137000.0,161236000.0,160250000.0,160593000.0,71.50423208,dead,neutral,normal,STABLE
2025-07-24 19:00:00,160592000.0,160838000.0,160000000.0,160502000.0,57.05933534,dead,neutral,normal,UP
2025-07-24 20:00:00,160500000.0,161276000.0,160493000.0,161198000.0,76.97063518,dead,neutral,normal,STABLE
2025-07-24 21:00:00,161198000.0,161260000.0,160500000.0,160777000.0,57.19629503,dead,neutral,normal,STABLE
2025-07-24 22:00:00,160776000.0,161161000.0,160619000.0,160681000.0,47.85322102,dead,neutral,low,UP
2025-07-24 23:00:00,160758000.0,161800000.0,160358000.0,161714000.0,85.18948437,dead,neutral,normal,STABLE
2025-07-25 00:00:00,161796000.0,162098000.0,160988000.0,161674000.0,145.264923,golden,neutral,normal,DOWN
2025-07-25 01:00:00,161693000.0,161870000.0,160909000.0,161102000.0,32.85332758,golden,neutral,low,UP
2025-07-25 02:00:00,161102000.0,161855000.0,161102000.0,161602000.0,30.0993552,golden,neutral,low,STABLE
2025-07-25 03:00:00,161788000.0,161855000.0,161380000.0,161423000.0,22.80637219,golden,neutral,low,STABLE
2025-07-25 04:00:00,161423000.0,161742000.0,161361000.0,161407000.0,15.38511137,golden,neutral,low,STABLE
2025-07-25 05:00:00,161407000.0,161605000.0,161319000.0,161430000.0,16.66035647,golden,neutral,low,STABLE
2025-07-25 06:00:00,161414000.0,161498000.0,161160000.0,161306000.0,23.96897367,golden,neutral,low,STABLE
2025-07-25 07:00:00,161306000.0,161385000.0,160900000.0,160963000.0,40.36946385,golden,neutral,low,STABLE
2025-07-25 08:00:00,160999000.0,161288000.0,160874000.0,160928000.0,56.00352875,golden,neutral,normal,DOWN
2025-07-25 09:00:00,160938000.0,161239000.0,160113000.0,160335000.0,106.0555333,golden,neutral,normal,STABLE
2025-07-25 10:00:00,160338000.0,160601000.0,160000000.0,160287000.0,94.91926103,dead,neutral,normal,DOWN
2025-07-25 11:00:00,160230000.0,160343000.0,159400000.0,159400000.0,207.47627741,dead,neutral,high,DOWN
2025-07-25 12:00:00,159399000.0,159663000.0,158099000.0,158436000.0,477.80684449,dead,oversold,high,UP
2025-07-25 13:00:00,158455000.0,159249000.0,157746000.0,159191000.0,344.76748629,dead,neutral,high,DOWN
2025-07-25 14:00:00,159155000.0,159191000.0,158010000.0,158314000.0,148.05941166,dead,neutral,normal,STABLE
2025-07-25 15:00:00,158251000.0,158507000.0,158056000.0,158374000.0,89.6955677,dead,neutral,normal,STABLE
2025-07-25 16:00:00,158374000.0,159123000.0,157799000.0,158499000.0,130.90622088,dead,neutral,normal,DOWN
2025-07-25 17:00:00,158499000.0,158903000.0,157900000.0,157988000.0,126.73347323,dead,neutral,normal,UP
2025-07-25 18:00:00,157996000.0,158854000.0,157790000.0,158824000.0,132.25094723,dead,neutral,normal,STABLE
2025-07-25 19:00:00,158824000.0,159224000.0,158690000.0,159126000.0,96.77286429,dead,neutral,normal,STABLE
2025-07-25 20:00:00,159126000.0,159693000.0,159125000.0,159451000.0,66.62431426,dead,neutral,normal,DOWN
2025-07-25 21:00:00,159451000.0,159507000.0,158800000.0,158845000.0,62.28726996,dead,neutral,normal,STABLE
2025-07-25 22:00:00,158845000.0,159408000.0,158304000.0,158901000.0,85.89982704,dead,neutral,normal,DOWN
2025-07-25 23:00:00,158986000.0,159100000.0,158000000.0,158001000.0,113.64538555,dead,neutral,normal,UP
2025-07-26 00:00:00,158000000.0,159173000.0,158000000.0,159153000.0,69.56851554,dead,neutral,normal,STABLE
2025-07-26 01:00:00,159091000.0,159439000.0,158801000.0,159439000.0,41.46181139,dead,neutral,low,STABLE
2025-07-26 02:00:00,159439000.0,159568000.0,159067000.0,159206000.0,22.31628279,dead,neutral,low,STABLE
2025-07-26 03:00:00,159206000.0,159505000.0,159084000.0,159494000.0,17.15790308,dead,neutral,low,STABLE
2025-07-26 04:00:00,159495000.0,160000000.0,159407000.0,159709000.0,34.96070405,golden,neutral,low,STABLE
2025-07-26 05:00:00,159707000.0,160300000.0,159407000.0,159873000.0,51.84664611,golden,neutral,low,STABLE
2025-07-26 06:00:00,159911000.0,160268000.0,159627000.0,159884000.0,60.67585809,golden,neutral,normal,STABLE
2025-07-26 07:00:00,159884000.0,160000000.0,159840000.0,159873000.0,26.56226758,golden,neutral,low,STABLE
2025-07-26 08:00:00,159874000.0,160244000.0,159844000.0,160217000.0,52.83534872,golden,neutral,normal,STABLE
2025-07-26 09:00:00,160225000.0,160349000.0,159873000.0,160074000.0,60.26584863,golden,neutral,normal,STABLE
2025-07-26 10:00:00,160086000.0,160280000.0,159600000.0,159675000.0,40.01789133,golden,neutral,normal,STABLE
2025-07-26 11:00:00,159675000.0,160449000.0,159602000.0,160000000.0,51.25074511,golden,neutral,normal,STABLE
2025-07-26 12:00:00,160060000.0,160309000.0,160011000.0,160280000.0,38.21762672,golden,neutral,normal,STABLE
2025-07-26 13:00:00,160280000.0,160280000.0,159927000.0,160097000.0,28.50773145,golden,neutral,low,STABLE
2025-07-26 14:00:00,160097000.0,160102000.0,159950000.0,160069000.0,20.55102237,golden,neutral,low,STABLE
2025-07-26 15:00:00,160069000.0,160071000.0,159929000.0,159929000.0,23.39152674,golden,neutral,low,STABLE
2025-07-26 16:00:00,159929000.0,160027000.0,159858000.0,159900000.0,27.94865079,golden,neutral,normal,STABLE
2025-07-26 17:00:00,159902000.0,160163000.0,159886000.0,160158000.0,27.47376472,golden,neutral,normal,STABLE
2025-07-26 18:00:00,160158000.0,160400000.0,160040000.0,160399000.0,50.44620483,golden,neutral,normal,UP
2025-07-26 19:00:00,160395000.0,161220000.0,160395000.0,160893000.0,118.97085009,golden,neutral,high,STABLE
2025-07-26 20:00:00,160893000.0,160984000.0,160568000.0,160598000.0,45.45580766,golden,neutral,normal,STABLE
2025-07-26 21:00:00,160598000.0,160900000.0,160579000.0,160894000.0,33.25574525,golden,neutral,normal,STABLE
2025-07-26 22:00:00,160833000.0,161200000.0,160833000.0,161064000.0,54.87769645,golden,neutral,normal,STABLE
2025-07-26 23:00:00,161064000.0,161196000.0,160815000.0,160911000.0,34.76080443,golden,neutral,normal,STABLE
2025-07-27 00:00:00,160911000.0,160995000.0,160600000.0,160989000.0,28.02621254,golden,neutral,normal,STABLE
2025-07-27 01:00:00,160989000.0,160999000.0,160805000.0,160956000.0,14.77806248,golden,neutral,low,STABLE
2025-07-27 02:00:00,160956000.0,160960000.0,160807000.0,160899000.0,11.35506906,golden,neutral,low,STABLE
2025-07-27 03:00:00,160899000.0,160985000.0,160834000.0,160982000.0,5.05574633,golden,neutral,low,STABLE
2025-07-27 04:00:00,160918000.0,161068000.0,160832000.0,161052000.0,14.40675828,golden,neutral,low,STABLE
2025-07-27 05:00:00,161050000.0,161068000.0,160719000.0,160777000.0,12.50486543,golden,neutral,low,STABLE
2025-07-27 06:00:00,160760000.0,160924000.0,160751000.0,160887000.0,8.66675493,golden,neutral,low,STABLE
2025-07-27 07:00:00,160836000.0,160992000.0,160810000.0,160850000.0,22.20246906,golden,neutral,normal,STABLE
2025-07-27 08:00:00,160850000.0,160992000.0,160848000.0,160900000.0,16.89002406,golden,neutral,normal,STABLE
2025-07-27 09:00:00,160900000.0,161141000.0,160858000.0,161062000.0,36.55943849,golden,neutral,normal,STABLE
2025-07-27 10:00:00,161062000.0,161147000.0,161000000.0,161136000.0,29.89463039,golden,neutral,normal,STABLE
2025-07-27 11:00:00,161136000.0,161225000.0,161037000.0,161225000.0,41.86014386,golden,neutral,normal,STABLE
2025-07-27 12:00:00,161225000.0,161250000.0,161042000.0,161185000.0,24.6638268,golden,neutral,normal,STABLE
2025-07-27 13:00:00,161185000.0,161220000.0,161049000.0,161061000.0,23.74191024,golden,neutral,normal,STABLE
2025-07-27 14:00:00,161061000.0,161219000.0,161053000.0,161215000.0,43.23891347,golden,neutral,normal,STABLE
2025-07-27 15:00:00,161202000.0,161510000.0,161181000.0,161410000.0,72.3193935,golden,neutral,high,STABLE
2025-07-27 16:00:00,161409000.0,161482000.0,161255000.0,161319000.0,30.92689041,golden,neutral,normal,STABLE
2025-07-27 17:00:00,161260000.0,161320000.0,161053000.0,161122000.0,21.18604255,golden,neutral,normal,STABLE
2025-07-27 18:00:00,161122000.0,161150000.0,161032000.0,161086000.0,21.57476596,golden,neutral,normal,STABLE
2025-07-27 19:00:00,161086000.0,161320000.0,161040000.0,161256000.0,30.50329733,golden,neutral,normal,STABLE
2025-07-27 20:00:00,161255000.0,161278000.0,161040000.0,161155000.0,31.95558688,golden,neutral,normal,STABLE
2025-07-27 21:00:00,161155000.0,161216000.0,161016000.0,161200000.0,45.40413809,golden,neutral,normal,STABLE
2025-07-27 22:00:00,161200000.0,161289000.0,161186000.0,161261000.0,37.42892406,golden,neutral,normal,STABLE
2025-07-27 23:00:00,161281000.0,161700000.0,161215000.0,161630000.0,64.06568553,golden,neutral,high,STABLE
2025-07-28 00:00:00,161650000.0,161888000.0,161502000.0,161880000.0,46.76091154,golden,neutral,normal,STABLE
2025-07-28 01:00:00,161880000.0,162695000.0,161818000.0,162262000.0,163.49684158,golden,overbought,high,STABLE
2025-07-28 02:00:00,162116000.0,162584000.0,162000000.0,162445000.0,41.08689502,golden,overbought,normal,STABLE
2025-07-28 03:00:00,162401000.0,162700000.0,161919000.0,161985000.0,36.38119898,golden,neutral,normal,STABLE
2025-07-28 04:00:00,161963000.0,162177000.0,161882000.0,162022000.0,16.89531371,golden,neutral,low,STABLE
2025-07-28 05:00:00,162070000.0,162275000.0,161715000.0,161769000.0,18.92538173,golden,neutral,low,UP
2025-07-28 06:00:00,161768000.0,162499000.0,161763000.0,162450000.0,33.67347429,golden,neutral,normal,STABLE
2025-07-28 07:00:00,162455000.0,162800000.0,162420000.0,162422000.0,82.49696994,golden,neutral,normal,STABLE
2025-07-28 08:00:00,162420000.0,162760000.0,162284000.0,162717000.0,62.78487841,golden,neutral,normal,STABLE
2025-07-28 09:00:00,162548000.0,162985000.0,162418000.0,162603000.0,139.0441954,golden,neutral,high,STABLE
2025-07-28 10:00:00,162501000.0,162699000.0,162220000.0,162245000.0,72.04370006,golden,neutral,normal,STABLE
2025-07-28 11:00:00,162244000.0,162835000.0,162217000.0,162375000.0,78.58958705,golden,neutral,normal,STABLE
2025-07-28 12:00:00,162375000.0,162560000.0,162264000.0,162271000.0,45.13503518,golden,neutral,normal,STABLE
2025-07-28 13:00:00,162274000.0,162439000.0,162150000.0,162260000.0,38.64099338,golden,neutral,normal,STABLE
2025-07-28 14:00:00,162259000.0,162420000.0,162151000.0,162320000.0,89.14870742,golden,neutral,normal,STABLE
2025-07-28 15:00:00,162321000.0,162436000.0,162301000.0,162390000.0,40.25861533,golden,neutral,normal,STABLE
2025-07-28 16:00:00,162391000.0,162391000.0,161868000.0,162133000.0,91.34738786,golden,neutral,normal,STABLE
2025-07-28 17:00:00,162138000.0,162400000.0,161941000.0,162397000.0,59.99996591,golden,neutral,normal,STABLE
2025-07-28 18:00:00,162394000.0,162438000.0,162070000.0,162194000.0,38.0691414,golden,neutral,normal,STABLE
2025-07-28 19:00:00,162246000.0,162439000.0,162080000.0,162250000.0,40.0239961,golden,neutral,normal,STABLE
2025-07-28 20:00:00,162250000.0,162398000.0,161936000.0,162294000.0,44.68028857,dead,neutral,normal,STABLE
2025-07-28 21:00:00,162294000.0,162597000.0,162288000.0,162380000.0,56.43570248,golden,neutral,normal,DOWN
2025-07-28 22:00:00,162373000.0,162500000.0,161661000.0,161862000.0,114.83970934,dead,neutral,normal,STABLE
2025-07-28 23:00:00,161889000.0,162161000.0,161500000.0,161543000.0,96.71471727,dead,neutral,normal,STABLE
2025-07-29 00:00:00,161543000.0,162215000.0,161501000.0,161987000.0,44.16798966,dead,neutral,normal,STABLE
2025-07-29 01:00:00,161869000.0,162150000.0,161693000.0,161799000.0,22.29800564,dead,neutral,low,STABLE
2025-07-29 02:00:00,161909000.0,161909000.0,161398000.0,161591000.0,32.8245723,dead,neutral,normal,STABLE
2025-07-29 03:00:00,161591000.0,161943000.0,161391000.0,161896000.0,23.20736486,dead,neutral,low,STABLE
2025-07-29 04:00:00,161896000.0,162369000.0,161676000.0,162250000.0,20.97821683,dead,neutral,low,STABLE
2025-07-29 05:00:00,162250000.0,162451000.0,161652000.0,162446000.0,36.84694779,dead,neutral,normal,STABLE
2025-07-29 06:00:00,162444000.0,162800000.0,162205000.0,162609000.0,90.44805313,dead,neutral,normal,STABLE
2025-07-29 07:00:00,162609000.0,162840000.0,162364000.0,162488000.0,87.95018189,golden,neutral,normal,STABLE
2025-07-29 08:00:00,162459000.0,162632000.0,162321000.0,162483000.0,57.90630313,golden,neutral,normal,STABLE
2025-07-29 09:00:00,162483000.0,162973000.0,162034000.0,162629000.0,107.03234184,golden,neutral,normal,STABLE
2025-07-29 10:00:00,162619000.0,162800000.0,162400000.0,162411000.0,47.89848486,golden,neutral,normal,STABLE
2025-07-29 11:00:00,162400000.0,162793000.0,162101000.0,162792000.0,52.80535325,golden,neutral,normal,UP
2025-07-29 12:00:00,162793000.0,163550000.0,162702000.0,163517000.0,179.74598521,golden,neutral,high,STABLE
2025-07-29 13:00:00,163515000.0,163712000.0,163156000.0,163239000.0,101.7860362,golden,neutral,normal,STABLE
2025-07-29 14:00:00,163239000.0,163600000.0,163210000.0,163570000.0,63.12279797,golden,neutral,normal,STABLE
2025-07-29 15:00:00,163570000.0,163799000.0,163383000.0,163432000.0,78.51043143,golden,neutral,normal,STABLE
2025-07-29 16:00:00,163432000.0,163800000.0,163321000.0,163401000.0,53.19239204,golden,neutral,normal,STABLE
2025-07-29 17:00:00,163401000.0,163800000.0,163378000.0,163660000.0,89.23948308,golden,neutral,normal,STABLE
2025-07-29 18:00:00,163660000.0,163757000.0,163224000.0,163419000.0,112.9714271,golden,neutral,normal,STABLE
2025-07-29 19:00:00,163417000.0,163480000.0,162890000.0,162960000.0,49.52938114,golden,neutral,normal,STABLE
2025-07-29 20:00:00,162891000.0,163330000.0,162866000.0,163311000.0,46.88100598,golden,neutral,normal,STABLE
2025-07-29 21:00:00,163311000.0,163790000.0,163102000.0,163572000.0,65.27977421,golden,neutral,normal,STABLE
2025-07-29 22:00:00,163509000.0,163686000.0,163195000.0,163315000.0,50.43210928,golden,neutral,normal,DOWN
2025-07-29 23:00:00,163316000.0,163395000.0,162700000.0,162727000.0,79.61605822,golden,neutral,normal,STABLE
2025-07-30 00:00:00,162710000.0,162941000.0,162250000.0,162344000.0,68.5904731,golden,neutral,normal,UP
2025-07-30 01:00:00,162344000.0,162944000.0,162095000.0,162834000.0,52.96874606,dead,neutral,normal,STABLE
2025-07-30 02:00:00,162756000.0,163110000.0,162500000.0,162695000.0,23.60905702,dead,neutral,low,STABLE
2025-07-30 03:00:00,162695000.0,162696000.0,162361000.0,162466000.0,14.95483658,dead,neutral,low,STABLE
2025-07-30 04:00:00,162361000.0,162790000.0,162280000.0,162500000.0,15.39707082,dead,neutral,low,STABLE
2025-07-30 05:00:00,162500000.0,163083000.0,162155000.0,162739000.0,34.1049663,dead,neutral,normal,STABLE
2025-07-30 06:00:00,162739000.0,163000000.0,162366000.0,162999000.0,30.53891012,dead,neutral,low,STABLE
2025-07-30 07:00:00,162989000.0,163325000.0,162826000.0,163290000.0,34.2354352,dead,neutral,normal,STABLE
2025-07-30 08:00:00,163290000.0,163337000.0,163002000.0,163158000.0,35.09176673,dead,neutral,normal,STABLE
2025-07-30 09:00:00,163248000.0,163261000.0,162306000.0,162738000.0,86.81499345,dead,neutral,normal,STABLE
2025-07-30 10:00:00,162736000.0,162878000.0,162248000.0,162663000.0,52.85157233,dead,neutral,normal,STABLE
2025-07-30 11:00:00,162661000.0,163000000.0,162560000.0,162822000.0,30.34953825,dead,neutral,normal,STABLE
2025-07-30 12:00:00,162822000.0,162998000.0,162773000.0,162839000.0,27.51596653,dead,neutral,normal,STABLE
2025-07-30 13:00:00,162839000.0,162896000.0,162607000.0,162611000.0,33.8328305,dead,neutral,normal,STABLE
2025-07-30 14:00:00,162611000.0,162800000.0,162502000.0,162798000.0,40.05519246,dead,neutral,normal,STABLE
2025-07-30 15:00:00,162765000.0,162998000.0,162671000.0,162954000.0,36.26619116,dead,neutral,normal,STABLE
2025-07-30 16:00:00,162954000.0,162996000.0,162820000.0,162885000.0,35.26107102,dead,neutral,normal,STABLE
2025-07-30 17:00:00,162885000.0,163205000.0,162730000.0,163100000.0,41.85000544,golden,neutral,normal,STABLE
2025-07-30 18:00:00,163100000.0,163428000.0,163029000.0,163428000.0,54.21376539,golden,neutral,normal,STABLE
2025-07-30 19:00:00,163428000.0,163600000.0,163291000.0,163340000.0,61.89566247,golden,neutral,normal,DOWN
2025-07-30 20:00:00,163404000.0,163497000.0,162638000.0,162699000.0,90.52495892,golden,neutral,high,STABLE
2025-07-30 21:00:00,162699000.0,163105000.0,162668000.0,163050000.0,56.67368203,golden,neutral,normal,STABLE
2025-07-30 22:00:00,163050000.0,163213000.0,162801000.0,162934000.0,44.26184251,golden,neutral,normal,UP
2025-07-30 23:00:00,162932000.0,163700000.0,162833000.0,163598000.0,65.97108277,golden,neutral,normal,DOWN
2025-07-31 00:00:00,163598000.0,163708000.0,162990000.0,163075000.0,61.14287875,golden,neutral,normal,STABLE
2025-07-31 01:00:00,163073000.0,163073000.0,162800000.0,162834000.0,24.15751616,golden,neutral,normal,STABLE
2025-07-31 02:00:00,162834000.0,163076000.0,162747000.0,162747000.0,26.40362107,golden,neutral,normal,DOWN
2025-07-31 03:00:00,162747000.0,162967000.0,162000000.0,162072000.0,114.69293188,dead,neutral,high,UP
2025-07-31 04:00:00,162072000.0,162782000.0,161800000.0,162651000.0,111.72092348,dead,neutral,high,STABLE
2025-07-31 05:00:00,162651000.0,162879000.0,162360000.0,162516000.0,18.615522,dead,neutral,low,STABLE
2025-07-31 06:00:00,162516000.0,162829000.0,162379000.0,162806000.0,22.90844599,dead,neutral,low,STABLE
2025-07-31 07:00:00,162806000.0,163118000.0,162708000.0,163062000.0,31.18186953,dead,neutral,normal,STABLE
2025-07-31 08:00:00,163062000.0,163141000.0,162798000.0,163118000.0,39.9246685,dead,neutral,normal,STABLE
2025-07-31 09:00:00,163118000.0,163627000.0,163011000.0,163428000.0,84.2813731,golden,neutral,normal,STABLE
2025-07-31 10:00:00,163428000.0,163499000.0,163025000.0,163039000.0,39.12738493,golden,neutral,normal,STABLE
2025-07-31 11:00:00,163038000.0,163508000.0,162916000.0,163453000.0,47.42470329,golden,neutral,normal,STABLE
2025-07-31 12:00:00,163452000.0,163541000.0,163408000.0,163500000.0,54.52783823,golden,neutral,normal,STABLE
2025-07-31 13:00:00,163500000.0,163550000.0,163300000.0,163399000.0,33.79838153,golden,neutral,normal,STABLE
2025-07-31 14:00:00,163399000.0,163400000.0,163058000.0,163058000.0,34.80549509,golden,neutral,normal,STABLE
2025-07-31 15:00:00,163058000.0,163487000.0,163057000.0,163454000.0,41.09354785,golden,neutral,normal,STABLE
2025-07-31 16:00:00,163455000.0,163600000.0,163274000.0,163419000.0,53.71863652,golden,neutral,normal,STABLE
2025-07-31 17:00:00,163420000.0,163550000.0,163308000.0,163384000.0,23.76016245,golden,neutral,low,STABLE
2025-07-31 18:00:00,163400000.0,163487000.0,163306000.0,163460000.0,17.29620724,golden,neutral,low,STABLE
2025-07-31 19:00:00,163473000.0,163598000.0,163364000.0,163454000.0,19.39868382,golden,neutral,low,STABLE
2025-07-31 20:00:00,163454000.0,163545000.0,163251000.0,163378000.0,29.50484927,golden,neutral,normal,STABLE
2025-07-31 21:00:00,163321000.0,163600000.0,163313000.0,163600000.0,55.09243886,golden,neutral,normal,STABLE
2025-07-31 22:00:00,163600000.0,163990000.0,163000000.0,163990000.0,167.30011467,golden,neutral,high,STABLE
2025-07-31 23:00:00,163963000.0,163993000.0,163381000.0,163525000.0,74.05517075,golden,neutral,normal,STABLE
2025-08-01 00:00:00,163525000.0,163997000.0,163500000.0,163996000.0,62.15460479,golden,neutral,normal,STABLE
2025-08-01 01:00:00,163996000.0,164300000.0,163850000.0,163997000.0,70.05899765,golden,neutral,normal,DOWN
2025-08-01 02:00:00,163996000.0,164068000.0,163400000.0,163415000.0,24.94255207,golden,neutral,low,STABLE
2025-08-01 03:00:00,163415000.0,163903000.0,163260000.0,163560000.0,26.42704509,golden,neutral,normal,DOWN
2025-08-01 04:00:00,163460000.0,163560000.0,162950000.0,162955000.0,54.66905219,golden,neutral,normal,STABLE
2025-08-01 05:00:00,162955000.0,163301000.0,162750000.0,162755000.0,65.12064327,dead,neutral,normal,STABLE
2025-08-01 06:00:00,162755000.0,163100000.0,162500000.0,162799000.0,77.21904773,dead,neutral,normal,DOWN
2025-08-01 07:00:00,162799000.0,162800000.0,162101000.0,162101000.0,111.03519033,dead,neutral,high,DOWN
2025-08-01 08:00:00,162101000.0,162550000.0,161138000.0,161398000.0,194.17534807,dead,oversold,high,DOWN
2025-08-01 09:00:00,161400000.0,161470000.0,158825000.0,160265000.0,585.2348488,dead,oversold,high,STABLE
2025-08-01 10:00:00,160265000.0,160550000.0,159500000.0,160493000.0,265.99315694,dead,oversold,high,UP
2025-08-01 11:00:00,160499000.0,161700000.0,160492000.0,161700000.0,127.79905117,dead,neutral,normal,DOWN
2025-08-01 12:00:00,161700000.0,161770000.0,160899000.0,160913000.0,85.17911986,dead,neutral,normal,STABLE
2025-08-01 13:00:00,160951000.0,161162000.0,160300000.0,161118000.0,84.06886367,dead,neutral,normal,STABLE
2025-08-01 14:00:00,161117000.0,161369000.0,160799000.0,160900000.0,50.63463966,dead,neutral,low,STABLE
2025-08-01 15:00:00,160899000.0,161000000.0,160280000.0,160429000.0,64.65828819,dead,neutral,normal,STABLE
2025-08-01 16:00:00,160609000.0,160692000.0,159961000.0,160308000.0,94.03240374,dead,neutral,normal,STABLE
2025-08-01 17:00:00,160307000.0,160485000.0,159523000.0,160004000.0,124.20801003,dead,neutral,normal,STABLE
2025-08-01 18:00:00,160004000.0,160840000.0,159981000.0,160391000.0,69.87693973,dead,neutral,normal,DOWN
2025-08-01 19:00:00,160390000.0,160400000.0,159900000.0,159902000.0,54.96746761,dead,neutral,low,STABLE
2025-08-01 20:00:00,159901000.0,160480000.0,159787000.0,160360000.0,61.72201968,dead,neutral,normal,STABLE
2025-08-01 21:00:00,160361000.0,161012000.0,160261000.0,160776000.0,70.39478824,dead,neutral,normal,DOWN
2025-08-01 22:00:00,160797000.0,160954000.0,159205000.0,159399000.0,154.88654615,dead,neutral,normal,UP
2025-08-01 23:00:00,159399000.0,160400000.0,159001000.0,160153000.0,134.19858052,dead,neutral,normal,STABLE
2025-08-02 00:00:00,160153000.0,160256000.0,159250000.0,160055000.0,73.60887919,dead,neutral,normal,STABLE
2025-08-02 01:00:00,160054000.0,160302000.0,159445000.0,159639000.0,37.9547178,dead,neutral,low,STABLE
2025-08-02 02:00:00,159640000.0,159833000.0,159200000.0,159205000.0,32.98529208,dead,neutral,low,STABLE
2025-08-02 03:00:00,159205000.0,159755000.0,158700000.0,158739000.0,121.6496992,dead,neutral,normal,DOWN
2025-08-02 04:00:00,158739000.0,159027000.0,158139000.0,158260000.0,140.05608228,dead,neutral,normal,UP
2025-08-02 05:00:00,158273000.0,159051000.0,158139000.0,159047000.0,89.83406421,dead,neutral,normal,STABLE
2025-08-02 06:00:00,159047000.0,159294000.0,158809000.0,159020000.0,61.23334614,dead,neutral,normal,DOWN
2025-08-02 07:00:00,159020000.0,159020000.0,158111000.0,158360000.0,170.36086762,dead,neutral,normal,STABLE
2025-08-02 08:00:00,158360000.0,158588000.0,158100000.0,158102000.0,108.9620453,dead,neutral,normal,UP
2025-08-02 09:00:00,158101000.0,159269000.0,158000000.0,159200000.0,167.65919592,dead,neutral,normal,STABLE
2025-08-02 10:00:00,159200000.0,159286000.0,158711000.0,158902000.0,81.01145709,dead,neutral,normal,STABLE
2025-08-02 11:00:00,158965000.0,159286000.0,158900000.0,159053000.0,37.08800697,dead,neutral,low,STABLE
2025-08-02 12:00:00,159054000.0,159362000.0,158991000.0,159095000.0,39.05169693,dead,neutral,low,STABLE
2025-08-02 13:00:00,159095000.0,159298000.0,158977000.0,159165000.0,37.75875614,dead,neutral,low,STABLE
2025-08-02 14:00:00,159134000.0,159167000.0,158792000.0,158869000.0,37.82839414,dead,neutral,low,STABLE
2025-08-02 15:00:00,158869000.0,158975000.0,158200000.0,158751000.0,87.58723143,dead,neutral,normal,STABLE
2025-08-02 16:00:00,158871000.0,159100000.0,158649000.0,159086000.0,51.66851806,dead,neutral,normal,STABLE
2025-08-02 17:00:00,159086000.0,159097000.0,158695000.0,158744000.0,28.07241252,dead,neutral,low,STABLE
2025-08-02 18:00:00,158743000.0,159000000.0,158584000.0,158690000.0,23.47915656,dead,neutral,low,STABLE
2025-08-02 19:00:00,158690000.0,158849000.0,158567000.0,158731000.0,25.12788096,dead,neutral,low,STABLE
2025-08-02 20:00:00,158731000.0,159066000.0,158650000.0,158869000.0,31.4853078,dead,neutral,low,STABLE
2025-08-02 21:00:00,158945000.0,159099000.0,158869000.0,159000000.0,35.68759515,dead,neutral,normal,STABLE
2025-08-02 22:00:00,158944000.0,159000000.0,158600000.0,158770000.0,31.49670358,dead,neutral,low,STABLE
2025-08-02 23:00:00,158770000.0,158904000.0,158603000.0,158785000.0,47.16139875,golden,neutral,normal,STABLE
2025-08-03 00:00:00,158785000.0,159080000.0,158425000.0,158425000.0,54.69969559,dead,neutral,normal,STABLE
2025-08-03 01:00:00,158425000.0,158859000.0,158300000.0,158714000.0,54.48652956,dead,neutral,normal,STABLE
2025-08-03 02:00:00,158846000.0,159071000.0,158300000.0,158366000.0,20.24922491,dead,neutral,low,STABLE
2025-08-03 03:00:00,158400000.0,158684000.0,158110000.0,158161000.0,53.57804124,dead,neutral,normal,STABLE
2025-08-03 04:00:00,158331000.0,158674000.0,158000000.0,158000000.0,64.98399705,dead,neutral,normal,UP
2025-08-03 05:00:00,158001000.0,158500000.0,158000000.0,158500000.0,56.77728954,dead,neutral,normal,STABLE
2025-08-03 06:00:00,158500000.0,158671000.0,158130000.0,158330000.0,23.60347281,dead,neutral,normal,STABLE
2025-08-03 07:00:00,158332000.0,158587000.0,158150000.0,158160000.0,35.09807162,dead,neutral,normal,DOWN
2025-08-03 08:00:00,158159000.0,158160000.0,157115000.0,157376000.0,196.60033989,dead,neutral,high,STABLE
2025-08-03 09:00:00,157376000.0,157808000.0,156715000.0,157745000.0,210.36425127,dead,neutral,high,STABLE
2025-08-03 10:00:00,157741000.0,158270000.0,157741000.0,158151000.0,82.55054111,dead,neutral,normal,UP
2025-08-03 11:00:00,158153000.0,159000000.0,158100000.0,159000000.0,56.42468809,dead,neutral,normal,STABLE
2025-08-03 12:00:00,158999000.0,159507000.0,158931000.0,159375000.0,70.43704594,dead,neutral,normal,DOWN
2025-08-03 13:00:00,159375000.0,159382000.0,158625000.0,158799000.0,60.45441773,golden,neutral,normal,STABLE
2025-08-03 14:00:00,158799000.0,159100000.0,158700000.0,158815000.0,38.50370387,golden,neutral,normal,STABLE
2025-08-03 15:00:00,158815000.0,158843000.0,158511000.0,158566000.0,30.48460568,golden,neutral,low,UP
2025-08-03 16:00:00,158566000.0,159075000.0,158555000.0,159045000.0,34.68771009,golden,neutral,normal,STABLE
2025-08-03 17:00:00,159047000.0,159350000.0,159000000.0,159200000.0,32.50966173,golden,neutral,normal,STABLE
2025-08-03 18:00:00,159200000.0,159250000.0,159061000.0,159195000.0,19.34889899,golden,neutral,low,STABLE
2025-08-03 19:00:00,159196000.0,159670000.0,159195000.0,159668000.0,58.39911709,golden,neutral,normal,STABLE
2025-08-03 20:00:00,159668000.0,160185000.0,159667000.0,159745000.0,92.34594092,golden,neutral,normal,STABLE
2025-08-03 21:00:00,159745000.0,159932000.0,159194000.0,159775000.0,41.49462427,golden,neutral,normal,STABLE
2025-08-03 22:00:00,159775000.0,159793000.0,159413000.0,159457000.0,33.17144533,golden,neutral,normal,STABLE
2025-08-03 23:00:00,159489000.0,159764000.0,159100000.0,159326000.0,32.62601007,golden,neutral,normal,STABLE
2025-08-04 00:00:00,159326000.0,159352000.0,159090000.0,159348000.0,22.52490796,golden,neutral,low,STABLE
2025-08-04 01:00:00,159348000.0,159446000.0,159126000.0,159409000.0,11.93256976,golden,neutral,low,STABLE
2025-08-04 02:00:00,159426000.0,159600000.0,159315000.0,159596000.0,9.8764669,golden,neutral,low,STABLE
2025-08-04 03:00:00,159528000.0,159950000.0,159495000.0,159904000.0,11.15976361,golden,neutral,low,STABLE
2025-08-04 04:00:00,159904000.0,160217000.0,159546000.0,159803000.0,37.30152931,golden,neutral,normal,STABLE
2025-08-04 05:00:00,159667000.0,160106000.0,159655000.0,160106000.0,10.77560599,golden,neutral,low,STABLE
2025-08-04 06:00:00,160030000.0,160208000.0,159998000.0,160108000.0,23.17528884,golden,neutral,normal,STABLE
2025-08-04 07:00:00,160106000.0,160248000.0,159750000.0,160145000.0,29.58212874,golden,neutral,normal,STABLE
2025-08-04 08:00:00,160145000.0,160324000.0,160096000.0,160227000.0,53.9703733,golden,neutral,normal,UP
2025-08-04 09:00:00,160208000.0,161400000.0,159900000.0,161287000.0,121.47991323,golden,overbought,high,DOWN
2025-08-04 10:00:00,161287000.0,161298000.0,160351000.0,160351000.0,75.70938791,golden,neutral,normal,STABLE
2025-08-04 11:00:00,160352000.0,160721000.0,160088000.0,160601000.0,59.69967056,golden,neutral,normal,STABLE
2025-08-04 12:00:00,160601000.0,160697000.0,160210000.0,160228000.0,29.78906389,golden,neutral,normal,STABLE
2025-08-04 13:00:00,160224000.0,160464000.0,160090000.0,160099000.0,31.8963981,golden,neutral,normal,STABLE
2025-08-04 14:00:00,160099000.0,160100000.0,159610000.0,159888000.0,59.45362709,golden,neutral,normal,STABLE
2025-08-04 15:00:00,159888000.0,160000000.0,159590000.0,159915000.0,31.11921235,golden,neutral,normal,STABLE
2025-08-04 16:00:00,159914000.0,160467000.0,159890000.0,160332000.0,45.11966105,golden,neutral,normal,STABLE
2025-08-04 17:00:00,160303000.0,160332000.0,159700000.0,159922000.0,33.3190618,golden,neutral,normal,STABLE
2025-08-04 18:00:00,159963000.0,160158000.0,159703000.0,159704000.0,25.55416427,dead,neutral,normal,STABLE
2025-08-04 19:00:00,159704000.0,159960000.0,159700000.0,159707000.0,24.57612988,dead,neutral,normal,STABLE
2025-08-04 20:00:00,159707000.0,159912000.0,159630000.0,159907000.0,18.03507428,dead,neutral,low,STABLE
2025-08-04 21:00:00,159907000.0,159907000.0,159700000.0,159741000.0,21.00810382,dead,neutral,normal,UP
2025-08-04 22:00:00,159741000.0,160410000.0,159500000.0,160353000.0,85.33463495,dead,neutral,high,STABLE
2025-08-04 23:00:00,160354000.0,160998000.0,160048000.0,160065000.0,124.56102991,dead,neutral,high,STABLE
2025-08-05 00:00:00,160107000.0,160546000.0,160065000.0,160410000.0,26.35038802,dead,neutral,normal,STABLE
2025-08-05 01:00:00,160410000.0,160900000.0,160359000.0,160736000.0,36.86502853,golden,neutral,normal,STABLE
2025-08-05 02:00:00,160783000.0,161100000.0,160467000.0,160496000.0,39.12791566,golden,neutral,normal,STABLE
2025-08-05 03:00:00,160467000.0,160688000.0,160392000.0,160408000.0,11.25414364,golden,neutral,low,STABLE
2025-08-05 04:00:00,160408000.0,160700000.0,160204000.0,160298000.0,11.61500655,golden,neutral,low,STABLE
2025-08-05 05:00:00,160298000.0,160660000.0,160094000.0,160321000.0,23.55867158,golden,neutral,normal,STABLE
2025-08-05 06:00:00,160321000.0,160833000.0,160270000.0,160719000.0,35.70157237,golden,neutral,normal,STABLE
2025-08-05 07:00:00,160706000.0,160802000.0,160606000.0,160703000.0,40.56267411,golden,neutral,normal,STABLE
2025-08-05 08:00:00,160703000.0,160745000.0,160326000.0,160332000.0,37.98668679,golden,neutral,normal,STABLE
2025-08-05 09:00:00,160333000.0,160571000.0,160208000.0,160281000.0,56.37731292,golden,neutral,normal,STABLE
2025-08-05 10:00:00,160359000.0,160477000.0,159900000.0,159906000.0,50.60836984,golden,neutral,normal,STABLE
2025-08-05 11:00:00,159906000.0,160015000.0,159599000.0,159967000.0,67.11470164,golden,neutral,normal,DOWN
2025-08-05 12:00:00,159967000.0,160014000.0,159384000.0,159407000.0,66.48471972,dead,neutral,normal,STABLE
2025-08-05 13:00:00,159407000.0,159756000.0,159387000.0,159740000.0,50.65747498,dead,neutral,normal,STABLE
2025-08-05 14:00:00,159739000.0,159972000.0,159576000.0,159972000.0,30.11539555,dead,neutral,normal,STABLE
2025-08-05 15:00:00,159972000.0,160000000.0,159600000.0,159625000.0,29.92419983,dead,neutral,normal,STABLE
2025-08-05 16:00:00,159625000.0,159846000.0,159375000.0,159488000.0,47.94161978,dead,neutral,normal,STABLE
2025-08-05 17:00:00,159488000.0,159861000.0,159312000.0,159683000.0,39.00953001,dead,neutral,normal,STABLE
2025-08-05 18:00:00,159684000.0,160100000.0,159602000.0,159995000.0,30.14464248,dead,neutral,normal,STABLE
2025-08-05 19:00:00,159995000.0,160420000.0,159910000.0,160060000.0,40.60410724,dead,neutral,normal,STABLE
2025-08-05 20:00:00,160060000.0,160168000.0,159910000.0,160000000.0,24.07869594,dead,neutral,normal,DOWN
2025-08-05 21:00:00,160000000.0,160029000.0,158987000.0,159287000.0,102.67599686,dead,neutral,high,UP
2025-08-05 22:00:00,159366000.0,160015000.0,159265000.0,159872000.0,45.14905034,dead,neutral,normal,DOWN
2025-08-05 23:00:00,159873000.0,159888000.0,158220000.0,158697000.0,178.26646698,dead,neutral,high,STABLE
2025-08-06 00:00:00,158695000.0,158911000.0,158206000.0,158446000.0,77.49653257,dead,neutral,normal,STABLE
2025-08-06 01:00:00,158446000.0,158852000.0,158231000.0,158667000.0,25.76135623,dead,neutral,low,STABLE
2025-08-06 02:00:00,158667000.0,159004000.0,158645000.0,159004000.0,20.90535748,dead,neutral,low,STABLE
2025-08-06 03:00:00,159003000.0,159280000.0,158888000.0,159280000.0,11.49434036,dead,neutral,low,STABLE
2025-08-06 04:00:00,159281000.0,159554000.0,159062000.0,159398000.0,17.33667557,dead,neutral,low,STABLE
2025-08-06 05:00:00,159398000.0,159890000.0,159320000.0,159537000.0,25.79141068,dead,neutral,normal,STABLE
2025-08-06 06:00:00,159537000.0,159704000.0,159300000.0,159450000.0,25.01353491,dead,neutral,normal,STABLE
2025-08-06 07:00:00,159450000.0,159795000.0,159100000.0,159791000.0,36.09413127,golden,neutral,normal,STABLE
2025-08-06 08:00:00,159791000.0,160135000.0,159787000.0,159999000.0,65.11820199,golden,neutral,normal,DOWN
2025-08-06 09:00:00,159999000.0,160115000.0,159373000.0,159425000.0,57.41143733,golden,neutral,normal,STABLE
2025-08-06 10:00:00,159439000.0,159513000.0,159100000.0,159295000.0,33.57665578,golden,neutral,normal,STABLE
2025-08-06 11:00:00,159295000.0,159297000.0,159016000.0,159079000.0,29.3808901,golden,neutral,normal,STABLE
2025-08-06 12:00:00,159079000.0,159147000.0,158900000.0,159054000.0,35.93403455,dead,neutral,normal,STABLE
2025-08-06 13:00:00,159053000.0,159136000.0,158605000.0,158731000.0,50.58654266,dead,neutral,normal,UP
2025-08-06 14:00:00,158731000.0,160000000.0,158729000.0,159749000.0,79.70926552,dead,neutral,normal,STABLE
2025-08-06 15:00:00,159749000.0,159750000.0,159463000.0,159715000.0,31.12029016,dead,neutral,normal,STABLE
2025-08-06 16:00:00,159715000.0,159930000.0,159594000.0,159665000.0,21.74225648,golden,neutral,low,STABLE
2025-08-06 17:00:00,159665000.0,159860000.0,159205000.0,159511000.0,23.80294803,golden,neutral,normal,STABLE
2025-08-06 18:00:00,159511000.0,159929000.0,159421000.0,159639000.0,19.21049243,golden,neutral,low,STABLE
2025-08-06 19:00:00,159640000.0,159741000.0,159370000.0,159520000.0,19.48027513,golden,neutral,normal,STABLE
2025-08-06 20:00:00,159538000.0,159842000.0,159510000.0,159681000.0,20.06764815,golden,neutral,normal,DOWN
2025-08-06 21:00:00,159680000.0,159860000.0,159150000.0,159199000.0,32.87616274,golden,neutral,normal,STABLE
2025-08-06 22:00:00,159199000.0,159800000.0,159010000.0,159576000.0,45.05704135,golden,neutral,normal,UP
2025-08-06 23:00:00,159694000.0,160530000.0,159216000.0,160529000.0,88.49136757,golden,neutral,high,STABLE
2025-08-07 00:00:00,160529000.0,160864000.0,160267000.0,160848000.0,111.88523704,golden,neutral,high,STABLE
2025-08-07 01:00:00,160781000.0,160900000.0,160304000.0,160508000.0,45.71777046,golden,neutral,normal,STABLE
2025-08-07 02:00:00,160507000.0,160850000.0,160427000.0,160721000.0,22.94416842,golden,neutral,normal,STABLE
2025-08-07 03:00:00,160724000.0,160955000.0,160356000.0,160551000.0,28.27687716,golden,neutral,normal,STABLE
2025-08-07 04:00:00,160677000.0,160677000.0,160073000.0,160373000.0,8.9715347,golden,neutral,low,STABLE
2025-08-07 05:00:00,160373000.0,160532000.0,160010000.0,160133000.0,11.74910189,golden,neutral,low,STABLE
2025-08-07 06:00:00,160133000.0,160398000.0,160010000.0,160107000.0,23.82700332,golden,neutral,normal,STABLE
2025-08-07 07:00:00,160107000.0,160323000.0,160036000.0,160263000.0,21.05776108,golden,neutral,normal,STABLE
2025-08-07 08:00:00,160263000.0,160326000.0,160000000.0,160000000.0,26.02615057,golden,neutral,normal,STABLE
2025-08-07 09:00:00,160000000.0,160233000.0,159950000.0,160189000.0,31.02271631,golden,neutral,normal,STABLE
2025-08-07 10:00:00,160188000.0,160500000.0,159786000.0,159981000.0,40.43435042,golden,neutral,normal,STABLE
2025-08-07 11:00:00,159981000.0,160061000.0,159649000.0,159740000.0,22.09823154,dead,neutral,normal,STABLE
2025-08-07 12:00:00,159717000.0,159923000.0,159693000.0,159799000.0,18.4363983,dead,neutral,normal,STABLE
2025-08-07 13:00:00,159800000.0,159954000.0,159524000.0,159627000.0,31.50119804,dead,neutral,normal,STABLE
2025-08-07 14:00:00,159627000.0,159766000.0,159567000.0,159719000.0,29.32790091,dead,neutral,normal,STABLE
2025-08-07 15:00:00,159719000.0,159828000.0,159540000.0,159610000.0,45.68565566,dead,neutral,normal,STABLE
2025-08-07 16:00:00,159636000.0,159779000.0,159609000.0,159741000.0,29.24480742,dead,neutral,normal,STABLE
2025-08-07 17:00:00,159741000.0,160002000.0,159691000.0,159776000.0,35.07222875,dead,neutral,normal,STABLE
2025-08-07 18:00:00,159800000.0,160000000.0,159776000.0,159954000.0,20.67274816,dead,neutral,normal,UP
2025-08-07 19:00:00,159955000.0,161700000.0,159954000.0,161338000.0,266.70777423,dead,neutral,high,STABLE
2025-08-07 20:00:00,161337000.0,161579000.0,161230000.0,161290000.0,165.54489449,golden,neutral,high,STABLE
2025-08-07 21:00:00,161290000.0,161341000.0,160870000.0,161036000.0,104.24064925,golden,neutral,high,STABLE
2025-08-07 22:00:00,161035000.0,161450000.0,160901000.0,161413000.0,76.5064204,golden,neutral,normal,STABLE
2025-08-07 23:00:00,161411000.0,161413000.0,160891000.0,161043000.0,59.82289552,golden,neutral,normal,STABLE
2025-08-08 00:00:00,161005000.0,161455000.0,161001000.0,161450000.0,39.88236899,golden,neutral,normal,STABLE
2025-08-08 01:00:00,161453000.0,161460000.0,160500000.0,161115000.0,39.60724001,golden,neutral,normal,STABLE
2025-08-08 02:00:00,161095000.0,161400000.0,160945000.0,161225000.0,21.159112,golden,neutral,low,STABLE
2025-08-08 03:00:00,161277000.0,161300000.0,160872000.0,161250000.0,11.69632079,golden,neutral,low,UP
2025-08-08 04:00:00,161251000.0,162000000.0,161209000.0,161957000.0,90.6879744,golden,neutral,normal,DOWN
2025-08-08 05:00:00,161914000.0,161991000.0,161426000.0,161469000.0,34.37788246,golden,neutral,normal,STABLE
2025-08-08 06:00:00,161458000.0,161713000.0,161066000.0,161155000.0,68.84410468,golden,neutral,normal,UP
2025-08-08 07:00:00,161160000.0,161967000.0,161100000.0,161959000.0,101.02428761,golden,neutral,normal,STABLE
2025-08-08 08:00:00,161959000.0,161991000.0,161639000.0,161853000.0,90.01304626,golden,neutral,normal,STABLE
2025-08-08 09:00:00,161853000.0,161994000.0,161400000.0,161480000.0,125.48664626,golden,neutral,normal,DOWN
2025-08-08 10:00:00,161501000.0,161501000.0,160899000.0,160990000.0,113.91344315,golden,neutral,normal,STABLE
2025-08-08 11:00:00,160904000.0,161000000.0,160624000.0,160624000.0,75.15037188,golden,neutral,normal,STABLE
2025-08-08 12:00:00,160622000.0,161024000.0,160589000.0,160880000.0,95.23105331,golden,neutral,normal,STABLE
2025-08-08 13:00:00,160880000.0,161200000.0,160746000.0,161001000.0,63.63892648,dead,neutral,normal,DOWN
2025-08-08 14:00:00,161001000.0,161007000.0,160366000.0,160454000.0,78.31644772,dead,neutral,normal,STABLE
2025-08-08 15:00:00,160454000.0,160782000.0,160380000.0,160666000.0,47.13080374,dead,neutral,normal,STABLE
2025-08-08 16:00:00,160666000.0,160948000.0,160600000.0,160891000.0,41.93196648,dead,neutral,normal,STABLE
2025-08-08 17:00:00,160839000.0,160890000.0,160444000.0,160635000.0,51.98947514,dead,neutral,normal,STABLE
2025-08-08 18:00:00,160635000.0,160837000.0,160548000.0,160766000.0,26.23694375,dead,neutral,low,STABLE
2025-08-08 19:00:00,160768000.0,160775000.0,160500000.0,160632000.0,41.64814422,dead,neutral,normal,STABLE
2025-08-08 20:00:00,160630000.0,160937000.0,160598000.0,160904000.0,29.93685444,dead,neutral,low,STABLE
2025-08-08 21:00:00,160904000.0,160990000.0,160650000.0,160691000.0,24.41836862,dead,neutral,low,STABLE
2025-08-08 22:00:00,160698000.0,160994000.0,160629000.0,160762000.0,64.41626118,dead,neutral,normal,STABLE
2025-08-08 23:00:00,160820000.0,161084000.0,160600000.0,160601000.0,83.31788762,dead,neutral,normal,STABLE
2025-08-09 00:00:00,160601000.0,160832000.0,160147000.0,160474000.0,86.78721564,dead,neutral,normal,STABLE
2025-08-09 01:00:00,160480000.0,160542000.0,160010000.0,160166000.0,44.57849445,dead,neutral,normal,STABLE
2025-08-09 02:00:00,160166000.0,160488000.0,160135000.0,160261000.0,32.00550368,dead,neutral,low,STABLE
2025-08-09 03:00:00,160261000.0,160543000.0,160010000.0,160103000.0,49.78333444,dead,neutral,normal,STABLE
2025-08-09 04:00:00,160160000.0,160398000.0,160011000.0,160167000.0,36.8118764,dead,neutral,normal,STABLE
2025-08-09 05:00:00,160165000.0,160653000.0,160008000.0,160602000.0,37.27032134,dead,neutral,normal,STABLE
2025-08-09 06:00:00,160646000.0,160711000.0,160467000.0,160700000.0,30.46018514,dead,neutral,normal,STABLE
2025-08-09 07:00:00,160701000.0,160703000.0,160461000.0,160507000.0,30.30173031,dead,neutral,normal,STABLE
2025-08-09 08:00:00,160504000.0,160539000.0,160099000.0,160099000.0,48.10477896,dead,neutral,normal,STABLE
2025-08-09 09:00:00,160099000.0,160600000.0,160007000.0,160400000.0,66.43820356,dead,neutral,normal,STABLE
2025-08-09 10:00:00,160400000.0,160494000.0,160300000.0,160300000.0,36.24675244,dead,neutral,normal,STABLE
2025-08-09 11:00:00,160300000.0,160300000.0,160200000.0,160247000.0,39.88585448,dead,neutral,normal,STABLE
2025-08-09 12:00:00,160247000.0,160370000.0,160240000.0,160296000.0,31.18258652,dead,neutral,normal,STABLE
2025-08-09 13:00:00,160295000.0,160500000.0,160256000.0,160259000.0,44.94232596,dead,neutral,normal,STABLE
2025-08-09 14:00:00,160260000.0,160749000.0,160100000.0,160524000.0,136.81711173,dead,neutral,high,STABLE
2025-08-09 15:00:00,160524000.0,160531000.0,160317000.0,160435000.0,52.09159225,dead,neutral,normal,STABLE
2025-08-09 16:00:00,160435000.0,160722000.0,160413000.0,160571000.0,42.89851384,golden,neutral,normal,STABLE
2025-08-09 17:00:00,160571000.0,160800000.0,160462000.0,160752000.0,56.48680072,golden,neutral,normal,STABLE
2025-08-09 18:00:00,160752000.0,161017000.0,160752000.0,160999000.0,87.02363972,golden,neutral,normal,STABLE
2025-08-09 19:00:00,160999000.0,161547000.0,160950000.0,160960000.0,123.42794993,golden,neutral,high,STABLE
2025-08-09 20:00:00,160960000.0,161092000.0,160631000.0,160631000.0,56.38887984,golden,neutral,normal,STABLE
2025-08-09 21:00:00,160631000.0,160923000.0,160549000.0,160599000.0,58.35463762,golden,neutral,normal,STABLE
2025-08-09 22:00:00,160599000.0,160633000.0,160331000.0,160380000.0,61.00484899,golden,neutral,normal,STABLE
2025-08-09 23:00:00,160375000.0,160630000.0,160168000.0,160499000.0,51.82327063,golden,neutral,normal,STABLE
2025-08-10 00:00:00,160457000.0,160804000.0,160442000.0,160569000.0,40.77064455,golden,neutral,normal,STABLE
2025-08-10 01:00:00,160569000.0,160700000.0,160360000.0,160361000.0,31.42347802,dead,neutral,normal,STABLE
2025-08-10 02:00:00,160359000.0,160385000.0,160204000.0,160219000.0,28.43807365,dead,neutral,normal,STABLE
2025-08-10 03:00:00,160219000.0,160349000.0,160150000.0,160175000.0,33.10430589,dead,neutral,normal,STABLE
2025-08-10 04:00:00,160175000.0,160296000.0,160098000.0,160099000.0,46.42047176,dead,neutral,normal,STABLE
2025-08-10 05:00:00,160098000.0,160483000.0,160007000.0,160288000.0,51.93097793,dead,neutral,normal,STABLE
2025-08-10 06:00:00,160288000.0,160335000.0,160007000.0,160082000.0,54.98343071,dead,neutral,normal,STABLE
2025-08-10 07:00:00,160082000.0,160272000.0,160050000.0,160191000.0,69.76021721,dead,neutral,normal,STABLE
2025-08-10 08:00:00,160191000.0,160250000.0,160144000.0,160180000.0,97.39399365,dead,neutral,normal,UP
2025-08-10 09:00:00,160180000.0,160800000.0,160132000.0,160792000.0,116.88731619,dead,neutral,normal,STABLE
2025-08-10 10:00:00,160792000.0,160906000.0,160534000.0,160671000.0,121.16837218,dead,neutral,normal,UP
2025-08-10 11:00:00,160671000.0,161297000.0,160647000.0,161262000.0,145.02938817,golden,neutral,high,UP
2025-08-10 12:00:00,161261000.0,162658000.0,161260000.0,162449000.0,410.72312017,golden,overbought,high,STABLE
2025-08-10 13:00:00,162404000.0,162870000.0,162200000.0,162400000.0,210.80102293,golden,overbought,high,STABLE
2025-08-10 14:00:00,162338000.0,162448000.0,161801000.0,162098000.0,86.71468205,golden,neutral,normal,STABLE
2025-08-10 15:00:00,162060000.0,162317000.0,161649000.0,162133000.0,78.98724711,golden,neutral,normal,DOWN
2025-08-10 16:00:00,162130000.0,162182000.0,161170000.0,161419000.0,124.35814125,golden,neutral,normal,UP
2025-08-10 17:00:00,161418000.0,162202000.0,161055000.0,162107000.0,129.64059505,golden,neutral,normal,STABLE
2025-08-10 18:00:00,162107000.0,162247000.0,161890000.0,162184000.0,59.63608369,golden,neutral,normal,STABLE
2025-08-10 19:00:00,162184000.0,162213000.0,161800000.0,161984000.0,57.8414606,golden,neutral,normal,STABLE
2025-08-10 20:00:00,161841000.0,162500000.0,161698000.0,162330000.0,80.91688756,golden,neutral,normal,STABLE
2025-08-10 21:00:00,162328000.0,162683000.0,162103000.0,162366000.0,113.88230471,golden,neutral,normal,STABLE
2025-08-10 22:00:00,162301000.0,162607000.0,162100000.0,162408000.0,66.5907692,golden,neutral,normal,STABLE
2025-08-10 23:00:00,162402000.0,162683000.0,162153000.0,162571000.0,73.70062714,golden,neutral,normal,STABLE
2025-08-11 00:00:00,162566000.0,162990000.0,162508000.0,162800000.0,79.5351237,golden,neutral,normal,STABLE
2025-08-11 01:00:00,162799000.0,162936000.0,162630000.0,162630000.0,38.49379995,golden,neutral,low,STABLE
2025-08-11 02:00:00,162630000.0,162670000.0,162501000.0,162501000.0,13.0779719,golden,neutral,low,STABLE
2025-08-11 03:00:00,162501000.0,162599000.0,162352000.0,162498000.0,10.91383855,golden,neutral,low,STABLE
2025-08-11 04:00:00,162498000.0,162662000.0,162400000.0,162646000.0,12.47270155,golden,neutral,low,STABLE
2025-08-11 05:00:00,162645000.0,162824000.0,162172000.0,162493000.0,30.15689655,golden,neutral,low,STABLE
2025-08-11 06:00:00,162474000.0,162886000.0,162194000.0,162864000.0,30.37506511,golden,neutral,low,STABLE
2025-08-11 07:00:00,162863000.0,163270000.0,162860000.0,163270000.0,115.11870963,golden,neutral,normal,UP
2025-08-11 08:00:00,163271000.0,163877000.0,163230000.0,163859000.0,136.20539363,golden,overbought,normal,STABLE
2025-08-11 09:00:00,163860000.0,163987000.0,163400000.0,163543000.0,205.66135905,golden,neutral,high,UP
2025-08-11 10:00:00,163543000.0,164481000.0,163350000.0,164469000.0,163.53848366,golden,overbought,high,UP
2025-08-11 11:00:00,164456000.0,166800000.0,164456000.0,166797000.0,567.26150434,golden,overbought,high,STABLE
2025-08-11 12:00:00,166797000.0,166839000.0,165752000.0,166345000.0,300.50969616,golden,overbought,high,STABLE
2025-08-11 13:00:00,166292000.0,166811000.0,166000000.0,166810000.0,161.69241768,golden,overbought,normal,STABLE
2025-08-11 14:00:00,166810000.0,167000000.0,166300000.0,166735000.0,166.55059494,golden,overbought,normal,STABLE
2025-08-11 15:00:00,166734000.0,166989000.0,166692000.0,166975000.0,102.44358479,golden,overbought,normal,DOWN
2025-08-11 16:00:00,166975000.0,166985000.0,166000000.0,166000000.0,140.10480095,golden,neutral,normal,STABLE
2025-08-11 17:00:00,166000000.0,166358000.0,165365000.0,166099000.0,165.89998285,golden,neutral,normal,STABLE
2025-08-11 18:00:00,166081000.0,166150000.0,165651000.0,165869000.0,81.18555096,golden,neutral,normal,STABLE
2025-08-11 19:00:00,165742000.0,165874000.0,165333000.0,165539000.0,104.69005594,golden,neutral,normal,STABLE
2025-08-11 20:00:00,165538000.0,165699000.0,164782000.0,165499000.0,161.84043991,golden,neutral,normal,DOWN
2025-08-11 21:00:00,165499000.0,165639000.0,164336000.0,164371000.0,166.59774739,golden,neutral,normal,UP
2025-08-11 22:00:00,164355000.0,165429000.0,164300000.0,165001000.0,132.51514384,golden,neutral,normal,STABLE
2025-08-11 23:00:00,165000000.0,165523000.0,164892000.0,165457000.0,81.56045207,golden,neutral,normal,STABLE
2025-08-12 00:00:00,165343000.0,165600000.0,165027000.0,165357000.0,55.74771104,dead,neutral,low,STABLE
2025-08-12 01:00:00,165357000.0,165559000.0,164859000.0,164908000.0,43.37488137,dead,neutral,low,STABLE
2025-08-12 02:00:00,164908000.0,165053000.0,164503000.0,164509000.0,21.8872685,dead,neutral,low,STABLE
2025-08-12 03:00:00,164509000.0,164970000.0,164320000.0,164775000.0,25.45404056,dead,neutral,low,STABLE
2025-08-12 04:00:00,164776000.0,164857000.0,163761000.0,164356000.0,71.37539821,dead,neutral,low,STABLE
2025-08-12 05:00:00,164356000.0,164458000.0,163688000.0,164117000.0,43.84483173,dead,neutral,low,STABLE
2025-08-12 06:00:00,164050000.0,164332000.0,163355000.0,164018000.0,103.41688648,dead,neutral,normal,STABLE
2025-08-12 07:00:00,164010000.0,164441000.0,163503000.0,164440000.0,87.71382028,dead,neutral,normal,STABLE
2025-08-12 08:00:00,164439000.0,164441000.0,164091000.0,164210000.0,63.75097798,dead,neutral,normal,STABLE
2025-08-12 09:00:00,164210000.0,164616000.0,164002000.0,164611000.0,84.69226643,dead,neutral,normal,STABLE
2025-08-12 10:00:00,164610000.0,164863000.0,164378000.0,164380000.0,67.81105963,dead,neutral,normal,STABLE
2025-08-12 11:00:00,164378000.0,164496000.0,164115000.0,164140000.0,49.72972102,dead,neutral,normal,STABLE
2025-08-12 12:00:00,164139000.0,164142000.0,163826000.0,163857000.0,60.44796345,dead,neutral,normal,STABLE
2025-08-12 13:00:00,163888000.0,164060000.0,163826000.0,163891000.0,56.32154034,dead,neutral,normal,STABLE
2025-08-12 14:00:00,163959000.0,163973000.0,163150000.0,163615000.0,112.68644473,dead,neutral,normal,STABLE
2025-08-12 15:00:00,163615000.0,163990000.0,163599000.0,163750000.0,42.15343501,dead,neutral,normal,STABLE
2025-08-12 16:00:00,163750000.0,164397000.0,163700000.0,163791000.0,163.38822914,dead,neutral,high,STABLE
2025-08-12 17:00:00,163792000.0,163874000.0,163412000.0,163472000.0,88.11540786,dead,neutral,normal,STABLE
2025-08-12 18:00:00,163412000.0,163555000.0,163174000.0,163200000.0,65.30251545,dead,neutral,normal,STABLE
2025-08-12 19:00:00,163200000.0,163550000.0,163000000.0,163355000.0,63.86037031,dead,neutral,normal,STABLE
2025-08-12 20:00:00,163349000.0,163698000.0,163001000.0,163420000.0,54.69047834,dead,neutral,normal,UP
2025-08-12 21:00:00,163420000.0,164499000.0,163050000.0,164497000.0,300.21216793,dead,neutral,high,DOWN
2025-08-12 22:00:00,164497000.0,164858000.0,163822000.0,164000000.0,197.92339864,dead,neutral,high,STABLE
2025-08-12 23:00:00,163999000.0,164500000.0,163910000.0,164296000.0,68.91778058,dead,neutral,normal,STABLE
2025-08-13 00:00:00,164295000.0,164820000.0,164295000.0,164657000.0,85.17033944,golden,neutral,normal,STABLE
2025-08-13 01:00:00,164657000.0,164990000.0,164161000.0,164185000.0,72.09474853,golden,neutral,normal,DOWN
2025-08-13 02:00:00,164185000.0,164446000.0,163600000.0,163606000.0,73.28997937,golden,neutral,normal,STABLE
2025-08-13 03:00:00,163609000.0,164480000.0,163606000.0,163646000.0,49.05297715,golden,neutral,normal,STABLE
2025-08-13 04:00:00,163646000.0,164205000.0,163645000.0,163751000.0,51.8652237,golden,neutral,normal,UP
2025-08-13 05:00:00,163804000.0,164316000.0,163595000.0,164245000.0,110.99191641,dead,neutral,normal,STABLE
2025-08-13 06:00:00,164241000.0,164241000.0,163744000.0,163791000.0,108.6337225,dead,neutral,normal,STABLE
2025-08-13 07:00:00,163791000.0,164000000.0,163500000.0,164000000.0,108.60892291,golden,neutral,normal,STABLE
2025-08-13 08:00:00,164000000.0,164500000.0,163999000.0,164298000.0,102.790863,golden,neutral,normal,STABLE
2025-08-13 09:00:00,164298000.0,164640000.0,164205000.0,164323000.0,114.6681571,golden,neutral,normal,DOWN
2025-08-13 10:00:00,164323000.0,164327000.0,163488000.0,163760000.0,121.6233333,golden,neutral,normal,STABLE
2025-08-13 11:00:00,163761000.0,164250000.0,163598000.0,164072000.0,71.34769573,golden,neutral,normal,STABLE
2025-08-13 12:00:00,164072000.0,164079000.0,163769000.0,163798000.0,76.52302515,golden,neutral,normal,STABLE
2025-08-13 13:00:00,163798000.0,164160000.0,163677000.0,163721000.0,83.78287471,golden,neutral,normal,STABLE
2025-08-13 14:00:00,163721000.0,163999000.0,163353000.0,163421000.0,96.47734299,dead,neutral,normal,STABLE
2025-08-13 15:00:00,163417000.0,163803000.0,163417000.0,163802000.0,47.90095998,dead,neutral,low,STABLE
2025-08-13 16:00:00,163802000.0,163950000.0,163675000.0,163911000.0,33.65084758,dead,neutral,low,STABLE
2025-08-13 17:00:00,163922000.0,164100000.0,163770000.0,163950000.0,56.6598166,dead,neutral,normal,STABLE
2025-08-13 18:00:00,163949000.0,164098000.0,163685000.0,163870000.0,67.69250212,dead,neutral,normal,STABLE
2025-08-13 19:00:00,163870000.0,164263000.0,163870000.0,164210000.0,66.66349156,dead,neutral,normal,STABLE
2025-08-13 20:00:00,164205000.0,164519000.0,164195000.0,164455000.0,84.03998236,golden,neutral,normal,STABLE
2025-08-13 21:00:00,164443000.0,164455000.0,164091000.0,164201000.0,81.76369887,golden,neutral,normal,UP
2025-08-13 22:00:00,164201000.0,166248000.0,164106000.0,165954000.0,283.43322572,golden,neutral,high,DOWN
2025-08-13 23:00:00,165954000.0,166412000.0,164868000.0,165055000.0,280.66327981,golden,neutral,high,STABLE
2025-08-14 00:00:00,165055000.0,165813000.0,164595000.0,165375000.0,90.90707374,golden,neutral,normal,STABLE
2025-08-14 01:00:00,165307000.0,166000000.0,165281000.0,165700000.0,52.12437152,golden,neutral,normal,STABLE
2025-08-14 02:00:00,165663000.0,165990000.0,165659000.0,165972000.0,20.6627256,golden,neutral,low,STABLE
2025-08-14 03:00:00,165972000.0,166048000.0,165663000.0,165918000.0,41.88233631,golden,neutral,low,UP
2025-08-14 04:00:00,165807000.0,166985000.0,165805000.0,166980000.0,125.15920743,golden,overbought,normal,STABLE
2025-08-14 05:00:00,166980000.0,167282000.0,166501000.0,167282000.0,148.97043314,golden,overbought,normal,STABLE
2025-08-14 06:00:00,167280000.0,167328000.0,166743000.0,167133000.0,106.34633663,golden,neutral,normal,STABLE
2025-08-14 07:00:00,167101000.0,168207000.0,167092000.0,167390000.0,247.23372991,golden,overbought,high,UP
2025-08-14 08:00:00,167389000.0,168262000.0,167389000.0,168051000.0,170.12560981,golden,overbought,normal,UP
2025-08-14 09:00:00,168051000.0,169900000.0,168051000.0,169332000.0,518.00570323,golden,overbought,high,DOWN
2025-08-14 10:00:00,169332000.0,169399000.0,168105000.0,168110000.0,197.71107759,golden,neutral,normal,STABLE
2025-08-14 11:00:00,168109000.0,168602000.0,168090000.0,168500000.0,118.01684496,golden,neutral,normal,STABLE
2025-08-14 12:00:00,168495000.0,168828000.0,168130000.0,168130000.0,109.3374793,golden,neutral,normal,STABLE
2025-08-14 13:00:00,168130000.0,168200000.0,167770000.0,167806000.0,131.77672373,golden,neutral,normal,DOWN
2025-08-14 14:00:00,167806000.0,167809000.0,166800000.0,166803000.0,167.46526711,golden,neutral,normal,STABLE
2025-08-14 15:00:00,166801000.0,167024000.0,166000000.0,166687000.0,264.5679251,golden,neutral,normal,STABLE
2025-08-14 16:00:00,166684000.0,167389000.0,166630000.0,167153000.0,90.68046365,golden,neutral,normal,STABLE
2025-08-14 17:00:00,167153000.0,167489000.0,166900000.0,166900000.0,81.98596625,golden,neutral,normal,STABLE
2025-08-14 18:00:00,166918000.0,167426000.0,166851000.0,167027000.0,50.04875912,dead,neutral,low,DOWN
2025-08-14 19:00:00,167012000.0,167294000.0,166300000.0,166503000.0,98.61661074,dead,neutral,normal,STABLE
2025-08-14 20:00:00,166469000.0,166718000.0,166309000.0,166592000.0,60.56776794,dead,neutral,low,DOWN
2025-08-14 21:00:00,166594000.0,166950000.0,163400000.0,163900000.0,704.1285327,dead,neutral,high,STABLE
2025-08-14 22:00:00,163900000.0,164659000.0,162550000.0,163932000.0,743.41470579,dead,neutral,high,UP
2025-08-14 23:00:00,163931000.0,165349000.0,163596000.0,164598000.0,253.54083845,dead,neutral,normal,DOWN
2025-08-15 00:00:00,164422000.0,164738000.0,163500000.0,163935000.0,133.16054087,dead,neutral,normal,STABLE
2025-08-15 01:00:00,163935000.0,163937000.0,163040000.0,163549000.0,125.12058337,dead,neutral,normal,STABLE
2025-08-15 02:00:00,163545000.0,163935000.0,163205000.0,163735000.0,43.39454425,dead,neutral,low,STABLE
2025-08-15 03:00:00,163669000.0,164376000.0,163000000.0,164191000.0,65.89341218,dead,neutral,low,STABLE
2025-08-15 04:00:00,164200000.0,164615000.0,164094000.0,164100000.0,32.68613958,dead,neutral,low,STABLE
2025-08-15 05:00:00,164184000.0,164415000.0,163851000.0,164146000.0,37.33825139,dead,neutral,low,STABLE
2025-08-15 06:00:00,164146000.0,164465000.0,163440000.0,164091000.0,67.13259741,dead,neutral,low,UP
2025-08-15 07:00:00,164091000.0,164700000.0,163791000.0,164698000.0,68.95731164,dead,neutral,low,STABLE
2025-08-15 08:00:00,164697000.0,165167000.0,164671000.0,164723000.0,71.44553142,dead,neutral,low,STABLE
2025-08-15 09:00:00,164723000.0,165086000.0,164325000.0,164734000.0,97.78378678,dead,neutral,normal,UP
2025-08-15 10:00:00,164734000.0,165629000.0,164550000.0,165604000.0,78.35985751,dead,neutral,low,STABLE
2025-08-15 11:00:00,165622000.0,165698000.0,165240000.0,165484000.0,71.32254077,golden,neutral,low,STABLE
2025-08-15 12:00:00,165481000.0,165709000.0,165357000.0,165552000.0,57.19642397,golden,neutral,low,STABLE
2025-08-15 13:00:00,165552000.0,165885000.0,165138000.0,165197000.0,58.04352145,golden,neutral,low,STABLE
2025-08-15 14:00:00,165193000.0,165332000.0,164690000.0,165100000.0,54.59614483,golden,neutral,low,STABLE
2025-08-15 15:00:00,165100000.0,165299000.0,164883000.0,165058000.0,43.67184989,golden,neutral,low,STABLE
2025-08-15 16:00:00,165059000.0,165166000.0,164876000.0,164969000.0,37.8177335,golden,neutral,low,STABLE
2025-08-15 17:00:00,164969000.0,165104000.0,164920000.0,164922000.0,29.85525046,golden,neutral,low,STABLE
2025-08-15 18:00:00,164922000.0,164979000.0,164546000.0,164549000.0,46.14538027,golden,neutral,normal,STABLE
2025-08-15 19:00:00,164549000.0,165000000.0,164547000.0,164794000.0,27.18007993,golden,neutral,low,STABLE
2025-08-15 20:00:00,164792000.0,165000000.0,164765000.0,164948000.0,31.39644157,golden,neutral,normal,STABLE
2025-08-15 21:00:00,164892000.0,165166000.0,164550000.0,164621000.0,65.96068963,golden,neutral,normal,DOWN
2025-08-15 22:00:00,164682000.0,164762000.0,163500000.0,163533000.0,129.7543909,dead,neutral,high,STABLE
2025-08-15 23:00:00,163527000.0,164385000.0,163336000.0,163399000.0,117.94382974,dead,neutral,normal,STABLE
2025-08-16 00:00:00,163394000.0,163767000.0,163030000.0,163515000.0,136.65770619,dead,neutral,high,UP
2025-08-16 01:00:00,163515000.0,164077000.0,163010000.0,164065000.0,73.78538916,dead,neutral,normal,STABLE
2025-08-16 02:00:00,164065000.0,164382000.0,163628000.0,164154000.0,43.42575202,dead,neutral,normal,DOWN
2025-08-16 03:00:00,164226000.0,164226000.0,163445000.0,163581000.0,20.82232138,dead,neutral,low,STABLE
2025-08-16 04:00:00,163581000.0,163998000.0,163494000.0,163560000.0,19.61888389,dead,neutral,low,STABLE
2025-08-16 05:00:00,163560000.0,164004000.0,163485000.0,163922000.0,12.37610496,dead,neutral,low,STABLE
2025-08-16 06:00:00,164000000.0,164100000.0,163751000.0,164015000.0,25.3797433,dead,neutral,low,UP
2025-08-16 07:00:00,164095000.0,164743000.0,163985000.0,164630000.0,48.3528826,dead,neutral,normal,DOWN
2025-08-16 08:00:00,164631000.0,164717000.0,163499000.0,164122000.0,54.54505314,dead,neutral,normal,STABLE
2025-08-16 09:00:00,164122000.0,164374000.0,163755000.0,164190000.0,49.4386861,dead,neutral,normal,STABLE
2025-08-16 10:00:00,164200000.0,164272000.0,163863000.0,164120000.0,33.90882796,dead,neutral,normal,DOWN
2025-08-16 11:00:00,164120000.0,164192000.0,163583000.0,163626000.0,39.61657038,dead,neutral,normal,STABLE
2025-08-16 12:00:00,163626000.0,163756000.0,163500000.0,163500000.0,40.77253602,dead,neutral,normal,STABLE
2025-08-16 13:00:00,163504000.0,163849000.0,163461000.0,163809000.0,31.0840964,dead,neutral,normal,STABLE
2025-08-16 14:00:00,163809000.0,163809000.0,163500000.0,163559000.0,19.89040543,dead,neutral,low,STABLE
2025-08-16 15:00:00,163559000.0,163688000.0,163214000.0,163348000.0,44.57852839,dead,neutral,normal,STABLE
2025-08-16 16:00:00,163347000.0,163507000.0,163225000.0,163310000.0,45.05932484,dead,neutral,normal,STABLE
2025-08-16 17:00:00,163310000.0,163399000.0,163098000.0,163203000.0,75.54420063,dead,neutral,normal,STABLE
2025-08-16 18:00:00,163203000.0,163300000.0,163011000.0,163011000.0,45.4095259,dead,neutral,normal,STABLE
2025-08-16 19:00:00,163011000.0,163240000.0,162697000.0,162890000.0,119.85341151,dead,neutral,high,STABLE
2025-08-16 20:00:00,162889000.0,163177000.0,162807000.0,162809000.0,32.57489602,dead,neutral,normal,UP
2025-08-16 21:00:00,162804000.0,163395000.0,162685000.0,163306000.0,54.48038707,dead,neutral,normal,STABLE
2025-08-16 22:00:00,163307000.0,163420000.0,163100000.0,163140000.0,23.8838421,dead,neutral,normal,STABLE
2025-08-16 23:00:00,163140000.0,163287000.0,163050000.0,163278000.0,30.69583724,dead,neutral,normal,STABLE
2025-08-17 00:00:00,163280000.0,163281000.0,162998000.0,163216000.0,29.71725044,dead,neutral,normal,STABLE
2025-08-17 01:00:00,163216000.0,163303000.0,163069000.0,163302000.0,15.82540408,dead,neutral,low,STABLE
2025-08-17 02:00:00,163302000.0,163302000.0,163133000.0,163289000.0,8.2324355,dead,neutral,low,STABLE
2025-08-17 03:00:00,163256000.0,163303000.0,163102000.0,163274000.0,5.66510213,dead,neutral,low,STABLE
2025-08-17 04:00:00,163274000.0,163303000.0,163118000.0,163162000.0,2.69088716,dead,neutral,low,STABLE
2025-08-17 05:00:00,163161000.0,163267000.0,163158000.0,163255000.0,8.12542447,dead,neutral,low,STABLE
2025-08-17 06:00:00,163250000.0,163333000.0,163201000.0,163263000.0,10.08928953,dead,neutral,low,STABLE
2025-08-17 07:00:00,163272000.0,163301000.0,163000000.0,163109000.0,26.80576758,dead,neutral,normal,STABLE
2025-08-17 08:00:00,163110000.0,163182000.0,163046000.0,163058000.0,19.50876588,dead,neutral,normal,STABLE
2025-08-17 09:00:00,163058000.0,163300000.0,163035000.0,163152000.0,29.28194429,dead,neutral,normal,STABLE
2025-08-17 10:00:00,163149000.0,163252000.0,163042000.0,163155000.0,23.85655876,dead,neutral,normal,STABLE
2025-08-17 11:00:00,163155000.0,163244000.0,163080000.0,163100000.0,25.91527921,dead,neutral,normal,STABLE
2025-08-17 12:00:00,163085000.0,163495000.0,163062000.0,163464000.0,37.34881844,golden,neutral,normal,STABLE
2025-08-17 13:00:00,163465000.0,163999000.0,163414000.0,163890000.0,56.39212546,golden,neutral,normal,STABLE
2025-08-17 14:00:00,163891000.0,163999000.0,163670000.0,163673000.0,29.44268178,golden,neutral,normal,STABLE
2025-08-17 15:00:00,163673000.0,163787000.0,163322000.0,163332000.0,31.02039662,golden,neutral,normal,STABLE
2025-08-17 16:00:00,163332000.0,163649000.0,163327000.0,163605000.0,21.557226,golden,neutral,normal,STABLE
2025-08-17 17:00:00,163605000.0,163950000.0,163450000.0,163949000.0,35.55660447,golden,neutral,normal,STABLE
2025-08-17 18:00:00,163950000.0,164194000.0,163809000.0,164001000.0,65.50289549,golden,neutral,high,STABLE
2025-08-17 19:00:00,164000000.0,164010000.0,163730000.0,164010000.0,44.85920547,golden,neutral,normal,STABLE
2025-08-17 20:00:00,164010000.0,164048000.0,163822000.0,163898000.0,26.71180139,golden,neutral,normal,STABLE
2025-08-17 21:00:00,163894000.0,163899000.0,163714000.0,163717000.0,29.5712019,golden,neutral,normal,STABLE
2025-08-17 22:00:00,163718000.0,164016000.0,163600000.0,163886000.0,38.98177082,golden,neutral,normal,STABLE
2025-08-17 23:00:00,163886000.0,164005000.0,163500000.0,163505000.0,39.60493098,golden,neutral,normal,STABLE
2025-08-18 00:00:00,163505000.0,163707000.0,163445000.0,163480000.0,31.37743282,golden,neutral,normal,STABLE
2025-08-18 01:00:00,163480000.0,163603000.0,163060000.0,163148000.0,37.07204995,golden,neutral,normal,STABLE
2025-08-18 02:00:00,163144000.0,163384000.0,163035000.0,163242000.0,17.3128685,dead,neutral,normal,STABLE
2025-08-18 03:00:00,163240000.0,163421000.0,163053000.0,163238000.0,14.21834027,dead,neutral,low,STABLE
2025-08-18 04:00:00,163090000.0,163440000.0,163090000.0,163323000.0,7.6622706,dead,neutral,low,STABLE
2025-08-18 05:00:00,163310000.0,163582000.0,163300000.0,163539000.0,9.69667658,dead,neutral,low,STABLE
2025-08-18 06:00:00,163537000.0,163610000.0,163310000.0,163500000.0,15.08885975,dead,neutral,low,STABLE
2025-08-18 07:00:00,163499000.0,163650000.0,163483000.0,163556000.0,20.9342087,dead,neutral,normal,STABLE
2025-08-18 08:00:00,163549000.0,163557000.0,163100000.0,163111000.0,32.91769704,dead,neutral,normal,STABLE
2025-08-18 09:00:00,163110000.0,163456000.0,162833000.0,162969000.0,84.67113707,dead,neutral,high,DOWN
2025-08-18 10:00:00,162967000.0,163126000.0,161739000.0,161903000.0,249.84933181,dead,oversold,high,DOWN
2025-08-18 11:00:00,161902000.0,161903000.0,160658000.0,160798000.0,270.73667451,dead,oversold,high,STABLE
2025-08-18 12:00:00,160793000.0,160793000.0,160000000.0,160580000.0,308.01285608,dead,oversold,high,UP
2025-08-18 13:00:00,160580000.0,161148000.0,160330000.0,161122000.0,134.7247192,dead,oversold,normal,STABLE
2025-08-18 14:00:00,161122000.0,161280000.0,160400000.0,161227000.0,84.73153357,dead,neutral,normal,DOWN
2025-08-18 15:00:00,161229000.0,161246000.0,160318000.0,160603000.0,108.18979298,dead,oversold,normal,STABLE
2025-08-18 16:00:00,160658000.0,160980000.0,160604000.0,160630000.0,62.28728477,dead,oversold,normal,STABLE
2025-08-18 17:00:00,160630000.0,160973000.0,160594000.0,160698000.0,44.98341373,dead,oversold,normal,STABLE
2025-08-18 18:00:00,160698000.0,160700000.0,160071000.0,160542000.0,99.43132643,dead,oversold,normal,STABLE
2025-08-18 19:00:00,160538000.0,160699000.0,160437000.0,160520000.0,50.41547521,dead,oversold,normal,STABLE
2025-08-18 20:00:00,160520000.0,160571000.0,160088000.0,160099000.0,50.23159129,dead,oversold,normal,UP
2025-08-18 21:00:00,160099000.0,160857000.0,160081000.0,160857000.0,65.08971984,dead,neutral,normal,DOWN
2025-08-18 22:00:00,160856000.0,161320000.0,160203000.0,160203000.0,81.48755115,dead,neutral,normal,UP
2025-08-18 23:00:00,160203000.0,160989000.0,160102000.0,160912000.0,45.30964789,dead,neutral,low,UP
2025-08-19 00:00:00,160912000.0,161682000.0,160771000.0,161682000.0,53.09458098,dead,neutral,normal,STABLE
2025-08-19 01:00:00,161663000.0,161862000.0,161378000.0,161522000.0,32.23334003,dead,neutral,low,STABLE
2025-08-19 02:00:00,161522000.0,162300000.0,161521000.0,161936000.0,34.3481728,dead,neutral,low,STABLE
2025-08-19 03:00:00,161863000.0,162200000.0,161751000.0,162137000.0,8.17693691,golden,neutral,low,STABLE
2025-08-19 04:00:00,162103000.0,162275000.0,161561000.0,161700000.0,13.92340445,golden,neutral,low,STABLE
2025-08-19 05:00:00,161789000.0,162021000.0,161489000.0,161926000.0,16.23686463,golden,neutral,low,STABLE
2025-08-19 06:00:00,161921000.0,162237000.0,161867000.0,162225000.0,31.21060841,golden,neutral,low,STABLE
2025-08-19 07:00:00,162226000.0,162500000.0,161967000.0,161967000.0,53.36290411,golden,neutral,normal,STABLE
2025-08-19 08:00:00,161964000.0,162024000.0,161350000.0,161513000.0,43.81412296,golden,neutral,normal,UP
2025-08-19 09:00:00,161513000.0,162062000.0,161000000.0,162035000.0,73.18929426,golden,neutral,normal,DOWN
2025-08-19 10:00:00,162062000.0,162388000.0,161100000.0,161237000.0,69.25538719,golden,neutral,normal,STABLE
2025-08-19 11:00:00,161237000.0,161647000.0,161003000.0,161327000.0,28.98743686,golden,neutral,normal,DOWN
2025-08-19 12:00:00,161327000.0,161350000.0,160100000.0,160115000.0,97.2935051,dead,neutral,normal,UP
2025-08-19 13:00:00,160115000.0,160840000.0,159880000.0,160810000.0,174.31531511,dead,neutral,high,DOWN
2025-08-19 14:00:00,160810000.0,160852000.0,160300000.0,160301000.0,51.72312784,dead,neutral,normal,STABLE
2025-08-19 15:00:00,160300000.0,160511000.0,160260000.0,160268000.0,43.23018852,dead,neutral,normal,STABLE
2025-08-19 16:00:00,160267000.0,160292000.0,159900000.0,160286000.0,146.08281609,dead,neutral,high,STABLE
2025-08-19 17:00:00,160286000.0,160496000.0,159960000.0,160489000.0,74.66529645,dead,neutral,normal,STABLE
2025-08-19 18:00:00,160489000.0,160752000.0,160410000.0,160524000.0,35.0617224,dead,neutral,normal,STABLE
2025-08-19 19:00:00,160523000.0,160700000.0,160301000.0,160471000.0,24.40972497,dead,neutral,low,STABLE
2025-08-19 20:00:00,160471000.0,160682000.0,160471000.0,160550000.0,22.73428704,dead,neutral,low,STABLE
2025-08-19 21:00:00,160550000.0,160600000.0,160335000.0,160510000.0,29.13138403,dead,neutral,normal,STABLE
2025-08-19 22:00:00,160544000.0,160990000.0,159954000.0,160151000.0,89.7499696,dead,neutral,normal,DOWN
2025-08-19 23:00:00,160151000.0,160350000.0,159000000.0,159059000.0,243.85309929,dead,neutral,high,STABLE
2025-08-20 00:00:00,159059000.0,159279000.0,158836000.0,158959000.0,130.20378397,dead,neutral,normal,STABLE
2025-08-20 01:00:00,158959000.0,159059000.0,158694000.0,158717000.0,69.29170873,dead,oversold,normal,STABLE
2025-08-20 02:00:00,158717000.0,158791000.0,158500000.0,158582000.0,79.45445912,dead,oversold,normal,STABLE
2025-08-20 03:00:00,158582000.0,158582000.0,158111000.0,158421000.0,62.00829743,dead,oversold,normal,STABLE
2025-08-20 04:00:00,158421000.0,158761000.0,158030000.0,158388000.0,65.14647761,dead,oversold,normal,UP
2025-08-20 05:00:00,158389000.0,158965000.0,158144000.0,158936000.0,45.88909823,dead,neutral,normal,STABLE
2025-08-20 06:00:00,158936000.0,159114000.0,158740000.0,158741000.0,54.83720445,dead,neutral,normal,DOWN
2025-08-20 07:00:00,158740000.0,158741000.0,158000000.0,158001000.0,144.59319555,dead,oversold,normal,DOWN
2025-08-20 08:00:00,158001000.0,158019000.0,157044000.0,157172000.0,328.45265327,dead,oversold,high,UP
2025-08-20 09:00:00,157180000.0,158880000.0,157100000.0,158837000.0,263.32972784,dead,neutral,high,DOWN
2025-08-20 10:00:00,158837000.0,159162000.0,158000000.0,158347000.0,152.65845671,dead,neutral,normal,STABLE
2025-08-20 11:00:00,158347000.0,158933000.0,158341000.0,158810000.0,75.78981585,dead,neutral,normal,STABLE
2025-08-20 12:00:00,158812000.0,159212000.0,158810000.0,159199000.0,59.05429501,dead,neutral,normal,STABLE
2025-08-20 13:00:00,159198000.0,159565000.0,159195000.0,159336000.0,76.49515213,dead,neutral,normal,STABLE
2025-08-20 14:00:00,159335000.0,159536000.0,159135000.0,159420000.0,38.90754249,dead,neutral,low,STABLE
2025-08-20 15:00:00,159419000.0,159420000.0,159200000.0,159342000.0,42.85575953,golden,neutral,low,DOWN
2025-08-20 16:00:00,159342000.0,159525000.0,158794000.0,158801000.0,49.09167264,golden,neutral,low,UP
2025-08-20 17:00:00,158801000.0,159477000.0,158782000.0,159477000.0,46.74826507,golden,neutral,low,STABLE
2025-08-20 18:00:00,159477000.0,159498000.0,159050000.0,159187000.0,32.92451774,golden,neutral,low,STABLE
2025-08-20 19:00:00,159116000.0,159263000.0,158889000.0,159114000.0,35.51796117,golden,neutral,low,STABLE
2025-08-20 20:00:00,159115000.0,159190000.0,158227000.0,158900000.0,74.94675973,golden,neutral,normal,STABLE
2025-08-20 21:00:00,158900000.0,159225000.0,158796000.0,158910000.0,35.29394327,golden,neutral,low,DOWN
2025-08-20 22:00:00,158920000.0,158950000.0,157996000.0,158099000.0,111.45783768,golden,neutral,normal,STABLE
2025-08-20 23:00:00,158099000.0,158990000.0,157800000.0,158536000.0,111.33598769,dead,neutral,normal,STABLE
2025-08-21 00:00:00,158529000.0,159565000.0,158205000.0,158324000.0,117.49347985,dead,neutral,normal,STABLE
2025-08-21 01:00:00,158324000.0,159434000.0,158228000.0,158751000.0,47.87487905,dead,neutral,normal,STABLE
2025-08-21 02:00:00,158779000.0,159450000.0,158735000.0,159146000.0,35.91068942,dead,neutral,low,DOWN
2025-08-21 03:00:00,159079000.0,159350000.0,158002000.0,158300000.0,33.15034109,dead,neutral,low,UP
2025-08-21 04:00:00,158300000.0,159233000.0,158266000.0,158937000.0,40.80319787,dead,neutral,normal,STABLE
2025-08-21 05:00:00,158871000.0,159205000.0,158664000.0,159141000.0,30.24676313,dead,neutral,low,STABLE
2025-08-21 06:00:00,159198000.0,159299000.0,158750000.0,159252000.0,53.38384318,golden,neutral,normal,STABLE
2025-08-21 07:00:00,159252000.0,159565000.0,159183000.0,159530000.0,66.8955881,golden,neutral,normal,STABLE
2025-08-21 08:00:00,159526000.0,159530000.0,159142000.0,159149000.0,55.36937139,golden,neutral,normal,STABLE
2025-08-21 09:00:00,159237000.0,159648000.0,159000000.0,159478000.0,67.021944,golden,neutral,normal,STABLE
2025-08-21 10:00:00,159478000.0,159831000.0,159001000.0,159810000.0,58.46868376,golden,neutral,normal,DOWN
2025-08-21 11:00:00,159831000.0,159900000.0,158960000.0,159099000.0,63.33166932,golden,neutral,normal,STABLE
2025-08-21 12:00:00,159099000.0,159672000.0,158989000.0,159000000.0,49.95650561,golden,neutral,normal,STABLE
2025-08-21 13:00:00,158989000.0,159081000.0,158624000.0,158759000.0,54.90763579,golden,neutral,normal,STABLE
2025-08-21 14:00:00,158706000.0,158978000.0,158500000.0,158901000.0,46.50751328,golden,neutral,normal,STABLE
2025-08-21 15:00:00,158901000.0,158959000.0,158566000.0,158838000.0,38.94652095,dead,neutral,normal,STABLE
2025-08-21 16:00:00,158813000.0,158924000.0,158600000.0,158882000.0,29.29178497,dead,neutral,normal,STABLE
2025-08-21 17:00:00,158881000.0,158947000.0,158610000.0,158619000.0,26.6411894,dead,neutral,low,STABLE
2025-08-21 18:00:00,158619000.0,158619000.0,158180000.0,158282000.0,60.6082484,dead,neutral,normal,STABLE
2025-08-21 19:00:00,158282000.0,158302000.0,158058000.0,158234000.0,41.18892839,dead,neutral,normal,STABLE
2025-08-21 20:00:00,158239000.0,158500000.0,158025000.0,158095000.0,50.00845818,dead,neutral,normal,STABLE
2025-08-21 21:00:00,158095000.0,158435000.0,158001000.0,158065000.0,45.77039269,dead,neutral,normal,UP
2025-08-21 22:00:00,158064000.0,158816000.0,158057000.0,158644000.0,49.96135272,dead,neutral,normal,STABLE
2025-08-21 23:00:00,158644000.0,159000000.0,158011000.0,158572000.0,60.00084396,dead,neutral,normal,STABLE
2025-08-22 00:00:00,158550000.0,158598000.0,157977000.0,158101000.0,58.01665257,dead,neutral,normal,STABLE
2025-08-22 01:00:00,158101000.0,158210000.0,157700000.0,157701000.0,56.34585845,dead,neutral,normal,STABLE
2025-08-22 02:00:00,157701000.0,157938000.0,157514000.0,157652000.0,36.53500176,dead,neutral,normal,STABLE
2025-08-22 03:00:00,157771000.0,157846000.0,157500000.0,157843000.0,28.6494565,dead,neutral,normal,STABLE
2025-08-22 04:00:00,157840000.0,157999000.0,157280000.0,157457000.0,44.77419282,dead,neutral,normal,STABLE
2025-08-22 05:00:00,157545000.0,158194000.0,157434000.0,157800000.0,27.03088169,dead,neutral,normal,STABLE
2025-08-22 06:00:00,157800000.0,157999000.0,157424000.0,157988000.0,32.19937248,dead,neutral,normal,STABLE
2025-08-22 07:00:00,157988000.0,157992000.0,157810000.0,157899000.0,28.33789329,dead,neutral,normal,STABLE
2025-08-22 08:00:00,157884000.0,157988000.0,157612000.0,157737000.0,47.46389526,dead,neutral,normal,STABLE
2025-08-22 09:00:00,157737000.0,158248000.0,157732000.0,158159000.0,61.49641148,dead,neutral,normal,STABLE
2025-08-22 10:00:00,158160000.0,158300000.0,157821000.0,158215000.0,48.95791403,dead,neutral,normal,STABLE
2025-08-22 11:00:00,158215000.0,158777000.0,158175000.0,158531000.0,69.27097273,dead,neutral,normal,STABLE
2025-08-22 12:00:00,158531000.0,158727000.0,158064000.0,158092000.0,48.3764027,golden,neutral,normal,STABLE
2025-08-22 13:00:00,158103000.0,158336000.0,157800000.0,157900000.0,47.53520819,golden,neutral,normal,STABLE
2025-08-22 14:00:00,157900000.0,158299000.0,157849000.0,158299000.0,29.13263673,golden,neutral,normal,STABLE
2025-08-22 15:00:00,158299000.0,158349000.0,157956000.0,158143000.0,31.41273359,golden,neutral,normal,STABLE
2025-08-22 16:00:00,158143000.0,158233000.0,157977000.0,158131000.0,38.14522368,golden,neutral,normal,STABLE
2025-08-22 17:00:00,158131000.0,158344000.0,158012000.0,158012000.0,39.98111706,golden,neutral,normal,STABLE
2025-08-22 18:00:00,158012000.0,158025000.0,157800000.0,157998000.0,43.89808083,golden,neutral,normal,STABLE
2025-08-22 19:00:00,157998000.0,158000000.0,157559000.0,157651000.0,57.15472103,golden,neutral,normal,STABLE
2025-08-22 20:00:00,157647000.0,157751000.0,157150000.0,157300000.0,108.69663256,dead,neutral,high,STABLE
2025-08-22 21:00:00,157300000.0,158272000.0,156647000.0,157599000.0,293.73009483,dead,neutral,high,STABLE
2025-08-22 22:00:00,157616000.0,158205000.0,157254000.0,157832000.0,109.52268204,dead,neutral,normal,UP
2025-08-22 23:00:00,157832000.0,162200000.0,157832000.0,161198000.0,1135.8126536,golden,overbought,high,STABLE
2025-08-23 00:00:00,161198000.0,162688000.0,161176000.0,161600000.0,329.39804081,golden,overbought,high,STABLE
2025-08-23 01:00:00,161601000.0,161911000.0,161022000.0,161120000.0,183.61116111,golden,overbought,normal,UP
2025-08-23 02:00:00,161120000.0,161898000.0,161100000.0,161800000.0,129.18924354,golden,overbought,normal,STABLE
2025-08-23 03:00:00,161800000.0,162396000.0,161300000.0,161368000.0,64.54828452,golden,neutral,low,STABLE
2025-08-23 04:00:00,161332000.0,161615000.0,161000000.0,161196000.0,71.66730933,golden,neutral,low,STABLE
2025-08-23 05:00:00,161196000.0,161749000.0,161052000.0,161569000.0,66.75169912,golden,neutral,low,STABLE
2025-08-23 06:00:00,161569000.0,161685000.0,161188000.0,161502000.0,86.18956265,golden,neutral,normal,DOWN
2025-08-23 07:00:00,161501000.0,161680000.0,160600000.0,160830000.0,125.55873962,golden,neutral,normal,STABLE
2025-08-23 08:00:00,160830000.0,161300000.0,160694000.0,161176000.0,83.03307614,golden,neutral,normal,STABLE
2025-08-23 09:00:00,161176000.0,161505000.0,160836000.0,161280000.0,126.90549703,golden,neutral,normal,DOWN
2025-08-23 10:00:00,161278000.0,161280000.0,159807000.0,160261000.0,182.94596744,golden,neutral,normal,STABLE
2025-08-23 11:00:00,160260000.0,160335000.0,159318000.0,159879000.0,116.70540645,golden,neutral,normal,STABLE
2025-08-23 12:00:00,159854000.0,159932000.0,159500000.0,159642000.0,66.0562232,golden,neutral,low,UP
2025-08-23 13:00:00,159628000.0,160356000.0,159593000.0,160349000.0,56.26330735,golden,neutral,low,STABLE
2025-08-23 14:00:00,160349000.0,160357000.0,160030000.0,160333000.0,44.63266259,dead,neutral,low,STABLE
2025-08-23 15:00:00,160333000.0,160342000.0,159911000.0,159917000.0,58.36770228,dead,neutral,low,STABLE
2025-08-23 16:00:00,159916000.0,160062000.0,159659000.0,159819000.0,51.14782188,dead,neutral,low,STABLE
2025-08-23 17:00:00,159819000.0,160000000.0,159596000.0,159883000.0,41.12330867,dead,neutral,low,STABLE
2025-08-23 18:00:00,159885000.0,160033000.0,159715000.0,160006000.0,28.44236242,dead,neutral,low,STABLE
2025-08-23 19:00:00,160006000.0,160032000.0,159807000.0,159808000.0,26.38994158,dead,neutral,low,STABLE
2025-08-23 20:00:00,159808000.0,159858000.0,159500000.0,159545000.0,35.14265419,dead,neutral,low,STABLE
2025-08-23 21:00:00,159566000.0,159858000.0,159502000.0,159580000.0,38.05226928,dead,neutral,normal,STABLE
2025-08-23 22:00:00,159580000.0,159638000.0,159128000.0,159290000.0,92.00808598,dead,neutral,normal,STABLE
2025-08-23 23:00:00,159290000.0,159388000.0,159050000.0,159092000.0,68.79640307,dead,neutral,normal,STABLE
2025-08-24 00:00:00,159068000.0,159499000.0,159000000.0,159196000.0,57.47396733,dead,neutral,normal,STABLE
2025-08-24 01:00:00,159285000.0,159501000.0,159103000.0,159499000.0,16.84219798,dead,neutral,low,STABLE
2025-08-24 02:00:00,159500000.0,159580000.0,159399000.0,159459000.0,9.38200906,dead,neutral,low,STABLE
2025-08-24 03:00:00,159436000.0,159570000.0,159400000.0,159430000.0,9.5751533,dead,neutral,low,STABLE
2025-08-24 04:00:00,159467000.0,159506000.0,159317000.0,159326000.0,14.61071086,dead,neutral,low,STABLE
2025-08-24 05:00:00,159400000.0,159524000.0,159310000.0,159508000.0,9.177163,dead,neutral,low,STABLE
2025-08-24 06:00:00,159508000.0,159600000.0,159373000.0,159404000.0,26.86743726,dead,neutral,normal,STABLE
2025-08-24 07:00:00,159404000.0,159667000.0,159388000.0,159628000.0,20.08649898,dead,neutral,normal,STABLE
2025-08-24 08:00:00,159616000.0,159717000.0,159500000.0,159705000.0,34.28269978,dead,neutral,normal,STABLE
2025-08-24 09:00:00,159705000.0,160077000.0,159627000.0,159964000.0,83.10967153,golden,neutral,high,STABLE
2025-08-24 10:00:00,159962000.0,160109000.0,159865000.0,160060000.0,53.82470452,golden,neutral,normal,STABLE
2025-08-24 11:00:00,160060000.0,160272000.0,159688000.0,159700000.0,64.97403393,golden,neutral,normal,STABLE
2025-08-24 12:00:00,159688000.0,159854000.0,159646000.0,159710000.0,43.74314836,golden,neutral,normal,STABLE
2025-08-24 13:00:00,159737000.0,160000000.0,159710000.0,159711000.0,32.62034691,golden,neutral,normal,STABLE
2025-08-24 14:00:00,159712000.0,159812000.0,159500000.0,159501000.0,49.33549549,golden,neutral,normal,STABLE
2025-08-24 15:00:00,159501000.0,159655000.0,159400000.0,159402000.0,38.31324509,golden,neutral,normal,STABLE
2025-08-24 16:00:00,159400000.0,159666000.0,159383000.0,159500000.0,31.84231743,golden,neutral,normal,STABLE
2025-08-24 17:00:00,159500000.0,159620000.0,159380000.0,159401000.0,35.60378184,dead,neutral,normal,STABLE
2025-08-24 18:00:00,159401000.0,159609000.0,159365000.0,159574000.0,37.75221089,dead,neutral,normal,STABLE
2025-08-24 19:00:00,159603000.0,159604000.0,159200000.0,159449000.0,45.65547679,dead,neutral,normal,STABLE
2025-08-24 20:00:00,159449000.0,159509000.0,159170000.0,159410000.0,41.45304209,dead,neutral,normal,STABLE
2025-08-24 21:00:00,159410000.0,159509000.0,159164000.0,159289000.0,30.58809753,dead,neutral,normal,STABLE
2025-08-24 22:00:00,159289000.0,159556000.0,159200000.0,159382000.0,37.80558902,dead,neutral,normal,STABLE
2025-08-24 23:00:00,159381000.0,159382000.0,159150000.0,159254000.0,50.61556973,dead,neutral,normal,STABLE
2025-08-25 00:00:00,159253000.0,159499000.0,159003000.0,159048000.0,50.74574549,dead,neutral,normal,STABLE
2025-08-25 01:00:00,159048000.0,159243000.0,158899000.0,158900000.0,50.31599518,dead,neutral,normal,STABLE
2025-08-25 02:00:00,158899000.0,159150000.0,158450000.0,158451000.0,86.71896253,dead,oversold,normal,STABLE
2025-08-25 03:00:00,158451000.0,158899000.0,158180000.0,158291000.0,103.76921834,dead,oversold,high,DOWN
2025-08-25 04:00:00,158288000.0,158484000.0,156010000.0,156700000.0,536.24618978,dead,oversold,high,STABLE
2025-08-25 05:00:00,156700000.0,157257000.0,155870000.0,157015000.0,256.64589206,dead,oversold,high,STABLE
2025-08-25 06:00:00,157015000.0,157755000.0,156634000.0,157215000.0,160.91534916,dead,oversold,normal,UP
2025-08-25 07:00:00,157215000.0,157964000.0,156708000.0,157961000.0,150.8243236,dead,neutral,normal,STABLE
2025-08-25 08:00:00,157920000.0,158000000.0,157600000.0,157603000.0,105.59963091,dead,neutral,normal,DOWN
2025-08-25 09:00:00,157603000.0,157880000.0,156351000.0,157034000.0,198.9190291,dead,neutral,normal,STABLE
2025-08-25 10:00:00,157039000.0,157407000.0,156929000.0,157407000.0,91.69197357,dead,neutral,normal,STABLE
2025-08-25 11:00:00,157402000.0,157878000.0,157330000.0,157462000.0,91.83781492,dead,neutral,normal,DOWN
2025-08-25 12:00:00,157462000.0,157760000.0,156947000.0,156947000.0,80.53765248,dead,neutral,normal,STABLE
2025-08-25 13:00:00,156950000.0,157223000.0,156785000.0,157086000.0,84.38583968,dead,neutral,normal,STABLE
2025-08-25 14:00:00,157086000.0,157100000.0,156782000.0,156782000.0,56.42460143,dead,neutral,low,STABLE
2025-08-25 15:00:00,156782000.0,156783000.0,156162000.0,156406000.0,133.70963027,dead,neutral,normal,STABLE
2025-08-25 16:00:00,156407000.0,156700000.0,155950000.0,155952000.0,194.83685176,dead,oversold,normal,STABLE
2025-08-25 17:00:00,155951000.0,156355000.0,155541000.0,156020000.0,167.4335959,dead,oversold,normal,UP
2025-08-25 18:00:00,156020000.0,156500000.0,155670000.0,156500000.0,72.62538652,dead,neutral,normal,DOWN
2025-08-25 19:00:00,156500000.0,156524000.0,155520000.0,155521000.0,122.60759955,dead,oversold,normal,UP
2025-08-25 20:00:00,155521000.0,156154000.0,155510000.0,156000000.0,117.68812611,dead,neutral,normal,STABLE
2025-08-25 21:00:00,156058000.0,156553000.0,155982000.0,156399000.0,78.88243608,dead,neutral,normal,STABLE
2025-08-25 22:00:00,156399000.0,156524000.0,155346000.0,156200000.0,163.29968046,dead,neutral,normal,UP
2025-08-25 23:00:00,156200000.0,157200000.0,156063000.0,157160000.0,113.02172365,dead,neutral,normal,STABLE
2025-08-26 00:00:00,157159000.0,157500000.0,156605000.0,156951000.0,85.18770692,dead,neutral,normal,UP
2025-08-26 01:00:00,156951000.0,158000000.0,156945000.0,157653000.0,63.1156655,golden,neutral,normal,STABLE
2025-08-26 02:00:00,157653000.0,157990000.0,157279000.0,157573000.0,29.26745789,golden,neutral,low,STABLE
2025-08-26 03:00:00,157572000.0,157785000.0,157400000.0,157601000.0,17.57271942,golden,neutral,low,DOWN
2025-08-26 04:00:00,157601000.0,157680000.0,156255000.0,156414000.0,52.40246972,golden,neutral,normal,DOWN
2025-08-26 05:00:00,156414000.0,156856000.0,155400000.0,155739000.0,157.51970816,golden,neutral,normal,STABLE
2025-08-26 06:00:00,155763000.0,156400000.0,155456000.0,155838000.0,187.94080082,golden,neutral,normal,STABLE
2025-08-26 07:00:00,155801000.0,156550000.0,155506000.0,155980000.0,115.91978051,dead,neutral,normal,STABLE
2025-08-26 08:00:00,155979000.0,155980000.0,155500000.0,155887000.0,111.45483108,dead,neutral,normal,DOWN
2025-08-26 09:00:00,155887000.0,155940000.0,154309000.0,154314000.0,431.55456668,dead,neutral,high,UP
2025-08-26 10:00:00,154311000.0,155398000.0,153952000.0,155289000.0,231.86212141,dead,neutral,normal,STABLE
2025-08-26 11:00:00,155289000.0,155700000.0,154836000.0,155070000.0,104.25510422,dead,neutral,normal,STABLE
2025-08-26 12:00:00,155070000.0,155300000.0,154720000.0,155270000.0,63.27426771,dead,neutral,normal,STABLE
2025-08-26 13:00:00,155270000.0,155520000.0,155202000.0,155489000.0,69.56566828,dead,neutral,normal,STABLE
2025-08-26 14:00:00,155497000.0,155650000.0,155386000.0,155484000.0,80.09648392,dead,neutral,normal,STABLE
2025-08-26 15:00:00,155484000.0,155591000.0,155196000.0,155298000.0,53.14115591,dead,neutral,low,STABLE
2025-08-26 16:00:00,155298000.0,155700000.0,155000000.0,155549000.0,65.51126708,dead,neutral,normal,STABLE
2025-08-26 17:00:00,155550000.0,155653000.0,155260000.0,155448000.0,43.88375697,dead,neutral,low,STABLE
2025-08-26 18:00:00,155449000.0,155696000.0,155400000.0,155438000.0,32.14170834,dead,neutral,low,STABLE
2025-08-26 19:00:00,155438000.0,155887000.0,155438000.0,155602000.0,54.89593831,dead,neutral,normal,STABLE
2025-08-26 20:00:00,155602000.0,155602000.0,154969000.0,155140000.0,82.53361261,dead,neutral,normal,STABLE
2025-08-26 21:00:00,155140000.0,156000000.0,154899000.0,155500000.0,157.26723541,dead,neutral,normal,STABLE
2025-08-26 22:00:00,155458000.0,155499000.0,154550000.0,155215000.0,116.58770774,dead,neutral,normal,STABLE
2025-08-26 23:00:00,155216000.0,155540000.0,155000000.0,155317000.0,69.91956251,dead,neutral,normal,DOWN
2025-08-27 00:00:00,155317000.0,155530000.0,154381000.0,154461000.0,102.54838528,dead,neutral,normal,STABLE
2025-08-27 01:00:00,154461000.0,154827000.0,154314000.0,154827000.0,51.27402577,dead,neutral,low,STABLE
2025-08-27 02:00:00,154829000.0,154900000.0,154100000.0,154427000.0,46.22987374,dead,neutral,low,UP
2025-08-27 03:00:00,154560000.0,155700000.0,154429000.0,155265000.0,32.46230475,dead,neutral,low,STABLE
2025-08-27 04:00:00,155265000.0,155822000.0,154945000.0,155374000.0,59.58702537,dead,neutral,normal,STABLE
2025-08-27 05:00:00,155374000.0,155820000.0,155149000.0,155660000.0,50.2172633,dead,neutral,normal,STABLE
2025-08-27 06:00:00,155660000.0,155950000.0,155300000.0,155948000.0,64.42594483,golden,neutral,normal,UP
2025-08-27 07:00:00,155949000.0,156701000.0,155948000.0,156701000.0,131.17392583,golden,neutral,normal,STABLE
2025-08-27 08:00:00,156700000.0,157367000.0,156410000.0,156661000.0,123.73410019,golden,neutral,normal,STABLE
2025-08-27 09:00:00,156660000.0,157000000.0,156250000.0,156251000.0,112.9358972,golden,neutral,normal,STABLE
2025-08-27 10:00:00,156254000.0,156254000.0,155542000.0,155844000.0,92.87642619,golden,neutral,normal,STABLE
2025-08-27 11:00:00,155803000.0,155970000.0,155629000.0,155631000.0,53.60532735,golden,neutral,normal,STABLE
2025-08-27 12:00:00,155639000.0,156150000.0,155387000.0,155896000.0,54.33243047,golden,neutral,normal,STABLE
2025-08-27 13:00:00,155896000.0,156245000.0,155770000.0,155952000.0,80.42236675,golden,neutral,normal,STABLE
2025-08-27 14:00:00,155950000.0,155982000.0,155669000.0,155674000.0,37.1354443,golden,neutral,low,STABLE
2025-08-27 15:00:00,155674000.0,155694000.0,155271000.0,155279000.0,60.46738535,golden,neutral,normal,STABLE
2025-08-27 16:00:00,155280000.0,155441000.0,155099000.0,155178000.0,65.95879624,golden,neutral,normal,STABLE
2025-08-27 17:00:00,155164000.0,155243000.0,154800000.0,155052000.0,97.00093966,dead,neutral,normal,STABLE
2025-08-27 18:00:00,155066000.0,155355000.0,155037000.0,155045000.0,48.24319547,dead,neutral,normal,STABLE
2025-08-27 19:00:00,155045000.0,155588000.0,155038000.0,155434000.0,33.36969299,dead,neutral,low,STABLE
2025-08-27 20:00:00,155432000.0,155832000.0,155432000.0,155744000.0,48.26240513,dead,neutral,normal,STABLE
2025-08-27 21:00:00,155745000.0,155810000.0,155329000.0,155734000.0,56.44096458,dead,neutral,normal,STABLE
2025-08-27 22:00:00,155741000.0,156324000.0,155454000.0,155846000.0,85.47645986,dead,neutral,normal,STABLE
2025-08-27 23:00:00,155890000.0,157200000.0,155710000.0,156151000.0,119.75005657,golden,neutral,normal,STABLE
2025-08-28 00:00:00,156150000.0,156450000.0,156000000.0,156370000.0,50.23697384,golden,neutral,normal,STABLE
2025-08-28 01:00:00,156370000.0,156550000.0,155903000.0,156439000.0,33.60807318,golden,neutral,low,STABLE
2025-08-28 02:00:00,156439000.0,156730000.0,156100000.0,156719000.0,18.7273568,golden,neutral,low,DOWN
2025-08-28 03:00:00,156719000.0,156750000.0,156096000.0,156096000.0,29.18464816,golden,neutral,low,UP
2025-08-28 04:00:00,156096000.0,156750000.0,156041000.0,156588000.0,16.94350172,golden,neutral,low,STABLE
2025-08-28 05:00:00,156620000.0,156979000.0,155400000.0,156847000.0,58.37932528,golden,neutral,normal,DOWN
2025-08-28 06:00:00,156847000.0,156883000.0,155650000.0,155743000.0,36.41380022,golden,neutral,normal,STABLE
2025-08-28 07:00:00,155753000.0,155985000.0,155375000.0,155826000.0,44.52669552,golden,neutral,normal,STABLE
2025-08-28 08:00:00,155840000.0,155900000.0,155500000.0,155534000.0,44.1055308,golden,neutral,normal,STABLE
2025-08-28 09:00:00,155532000.0,155942000.0,155211000.0,155699000.0,76.082614,golden,neutral,normal,STABLE
2025-08-28 10:00:00,155700000.0,156001000.0,155659000.0,156001000.0,51.37400512,dead,neutral,normal,STABLE
2025-08-28 11:00:00,156001000.0,156096000.0,155748000.0,155941000.0,43.1642573,dead,neutral,normal,STABLE
2025-08-28 12:00:00,155941000.0,156500000.0,155883000.0,156406000.0,46.97432496,dead,neutral,normal,UP
2025-08-28 13:00:00,156404000.0,157639000.0,156400000.0,157309000.0,110.63478473,golden,neutral,high,STABLE
2025-08-28 14:00:00,157309000.0,157600000.0,156857000.0,157065000.0,81.11538078,golden,neutral,normal,UP
2025-08-28 15:00:00,157065000.0,157617000.0,156978000.0,157580000.0,66.61339975,golden,neutral,normal,STABLE
2025-08-28 16:00:00,157580000.0,157787000.0,157347000.0,157543000.0,74.22214869,golden,neutral,normal,STABLE
2025-08-28 17:00:00,157542000.0,157760000.0,157200000.0,157374000.0,59.38770229,golden,neutral,normal,STABLE
2025-08-28 18:00:00,157366000.0,157437000.0,157020000.0,157040000.0,36.4344959,golden,neutral,normal,STABLE
2025-08-28 19:00:00,157036000.0,157420000.0,156959000.0,157395000.0,37.70111134,golden,neutral,normal,STABLE
2025-08-28 20:00:00,157395000.0,157396000.0,157000000.0,157065000.0,31.71415586,golden,neutral,normal,STABLE
2025-08-28 21:00:00,157108000.0,157350000.0,156770000.0,157348000.0,56.2644415,golden,neutral,normal,STABLE
2025-08-28 22:00:00,157348000.0,157542000.0,156722000.0,156978000.0,66.69202506,golden,neutral,normal,STABLE
2025-08-28 23:00:00,156978000.0,157500000.0,156845000.0,157341000.0,67.98192004,golden,neutral,normal,STABLE
2025-08-29 00:00:00,157346000.0,157500000.0,156759000.0,157195000.0,65.93122971,golden,neutral,normal,STABLE
2025-08-29 01:00:00,157195000.0,157597000.0,156873000.0,156967000.0,35.34070537,golden,neutral,normal,STABLE
2025-08-29 02:00:00,156873000.0,157008000.0,156610000.0,156658000.0,32.60868744,golden,neutral,normal,STABLE
2025-08-29 03:00:00,156658000.0,157074000.0,156500000.0,156647000.0,15.13989788,golden,neutral,low,STABLE
2025-08-29 04:00:00,156609000.0,156959000.0,156322000.0,156324000.0,18.5326286,dead,neutral,low,STABLE
2025-08-29 05:00:00,156324000.0,156615000.0,156320000.0,156482000.0,21.13262619,dead,neutral,low,STABLE
2025-08-29 06:00:00,156482000.0,156632000.0,156320000.0,156551000.0,21.95442846,dead,neutral,low,STABLE
2025-08-29 07:00:00,156551000.0,157000000.0,156514000.0,156699000.0,27.64480276,dead,neutral,normal,STABLE
2025-08-29 08:00:00,156696000.0,156820000.0,156571000.0,156737000.0,35.19221408,dead,neutral,normal,STABLE
2025-08-29 09:00:00,156737000.0,157080000.0,156550000.0,156583000.0,55.48952129,dead,neutral,normal,DOWN
2025-08-29 10:00:00,156582000.0,156605000.0,155800000.0,155991000.0,87.06113738,dead,neutral,normal,STABLE
2025-08-29 11:00:00,155990000.0,156151000.0,155723000.0,155759000.0,51.75886597,dead,neutral,normal,STABLE
2025-08-29 12:00:00,155754000.0,155900000.0,155638000.0,155850000.0,51.34629237,dead,neutral,normal,DOWN
2025-08-29 13:00:00,155865000.0,155900000.0,155298000.0,155298000.0,78.44399136,dead,neutral,normal,STABLE
2025-08-29 14:00:00,155298000.0,155302000.0,154850000.0,154989000.0,129.74345837,dead,neutral,high,STABLE
2025-08-29 15:00:00,154989000.0,155096000.0,154500000.0,155007000.0,138.78489341,dead,neutral,high,DOWN
2025-08-29 16:00:00,155007000.0,155076000.0,153800000.0,153898000.0,273.04650399,dead,oversold,high,DOWN
2025-08-29 17:00:00,153832000.0,154068000.0,153170000.0,153185000.0,174.79715708,dead,oversold,high,STABLE
2025-08-29 18:00:00,153185000.0,153461000.0,153000000.0,153410000.0,186.09812346,dead,oversold,high,UP
2025-08-29 19:00:00,153410000.0,154149000.0,153389000.0,153966000.0,86.25930969,dead,neutral,normal,STABLE
2025-08-29 20:00:00,153966000.0,154000000.0,153574000.0,153650000.0,54.54730793,dead,neutral,normal,UP
2025-08-29 21:00:00,153620000.0,155816000.0,153613000.0,154695000.0,201.582781,dead,neutral,high,DOWN
2025-08-29 22:00:00,154695000.0,154695000.0,152550000.0,152611000.0,256.26166459,dead,neutral,high,DOWN
2025-08-29 23:00:00,152611000.0,153004000.0,151560000.0,151578000.0,416.11428724,dead,oversold,high,STABLE
2025-08-30 00:00:00,151560000.0,152261000.0,151556000.0,151941000.0,163.6841682,dead,neutral,normal,STABLE
2025-08-30 01:00:00,151942000.0,152364000.0,151690000.0,152325000.0,64.68895555,dead,neutral,normal,STABLE
2025-08-30 02:00:00,152325000.0,152325000.0,151800000.0,152163000.0,36.20349038,dead,neutral,low,STABLE
2025-08-30 03:00:00,152132000.0,152148000.0,151782000.0,151874000.0,36.08881252,dead,neutral,low,STABLE
2025-08-30 04:00:00,151874000.0,152338000.0,151700000.0,151834000.0,33.56930928,dead,neutral,low,STABLE
2025-08-30 05:00:00,151834000.0,151875000.0,151116000.0,151415000.0,125.65626458,dead,oversold,normal,UP
2025-08-30 06:00:00,151415000.0,152166000.0,151100000.0,152166000.0,91.90170076,dead,neutral,normal,STABLE
2025-08-30 07:00:00,152166000.0,152280000.0,152000000.0,152188000.0,62.97585736,dead,neutral,low,STABLE
2025-08-30 08:00:00,152188000.0,152479000.0,152145000.0,152262000.0,60.26364189,dead,neutral,low,DOWN
2025-08-30 09:00:00,152262000.0,152267000.0,151405000.0,151549000.0,118.00895992,dead,neutral,normal,DOWN
2025-08-30 10:00:00,151549000.0,151550000.0,149888000.0,149891000.0,476.52997362,dead,oversold,high,STABLE
2025-08-30 11:00:00,149891000.0,150469000.0,149704000.0,150257000.0,226.83084569,dead,neutral,normal,UP
2025-08-30 12:00:00,150257000.0,152000000.0,150182000.0,151424000.0,219.51066338,dead,neutral,normal,STABLE
2025-08-30 13:00:00,151423000.0,151900000.0,151406000.0,151479000.0,59.5300848,dead,neutral,low,STABLE
2025-08-30 14:00:00,151479000.0,151691000.0,151080000.0,151654000.0,64.00264811,dead,neutral,low,STABLE
2025-08-30 15:00:00,151607000.0,151850000.0,151433000.0,151452000.0,49.28248838,dead,neutral,low,STABLE
2025-08-30 16:00:00,151449000.0,151485000.0,151265000.0,151484000.0,50.47893446,dead,neutral,low,STABLE
2025-08-30 17:00:00,151478000.0,151837000.0,151439000.0,151475000.0,40.36358682,dead,neutral,low,STABLE
2025-08-30 18:00:00,151475000.0,151475000.0,151231000.0,151413000.0,31.43516782,dead,neutral,low,STABLE
2025-08-30 19:00:00,151413000.0,151770000.0,151399000.0,151400000.0,38.01102429,dead,neutral,low,STABLE
2025-08-30 20:00:00,151399000.0,151830000.0,151367000.0,151826000.0,24.26852026,dead,neutral,low,STABLE
2025-08-30 21:00:00,151829000.0,151830000.0,151229000.0,151500000.0,46.20903683,dead,neutral,low,STABLE
2025-08-30 22:00:00,151500000.0,151500000.0,150938000.0,151200000.0,68.36835856,dead,neutral,normal,STABLE
2025-08-30 23:00:00,151200000.0,151499000.0,151098000.0,151447000.0,26.23849348,golden,neutral,low,STABLE
2025-08-31 00:00:00,151447000.0,151800000.0,151163000.0,151800000.0,30.59250427,golden,neutral,low,STABLE
2025-08-31 01:00:00,151800000.0,151813000.0,151599000.0,151734000.0,14.12392497,golden,neutral,low,STABLE
2025-08-31 02:00:00,151798000.0,151798000.0,151501000.0,151624000.0,9.60405372,golden,neutral,low,STABLE
2025-08-31 03:00:00,151624000.0,151726000.0,151440000.0,151615000.0,6.60896596,golden,neutral,low,STABLE
2025-08-31 04:00:00,151615000.0,151784000.0,151450000.0,151696000.0,5.39097696,golden,neutral,low,STABLE
2025-08-31 05:00:00,151696000.0,151784000.0,151394000.0,151566000.0,10.25352828,golden,neutral,low,STABLE
2025-08-31 06:00:00,151577000.0,151586000.0,151350000.0,151472000.0,7.75407562,golden,neutral,low,STABLE
2025-08-31 07:00:00,151472000.0,151533000.0,151370000.0,151441000.0,14.4069386,golden,neutral,low,STABLE
2025-08-31 08:00:00,151440000.0,151750000.0,151440000.0,151734000.0,23.1152831,golden,neutral,normal,UP
2025-08-31 09:00:00,151734000.0,152960000.0,151716000.0,152932000.0,136.97452169,golden,neutral,high,STABLE
2025-08-31 10:00:00,152931000.0,152955000.0,152400000.0,152852000.0,94.47779343,golden,neutral,high,DOWN
2025-08-31 11:00:00,152852000.0,152872000.0,152118000.0,152298000.0,52.9766039,golden,neutral,normal,STABLE
2025-08-31 12:00:00,152298000.0,152374000.0,152166000.0,152176000.0,29.01833316,golden,neutral,normal,DOWN
2025-08-31 13:00:00,152176000.0,152295000.0,151455000.0,151620000.0,69.10144357,golden,neutral,normal,STABLE
2025-08-31 14:00:00,151620000.0,151621000.0,151200000.0,151382000.0,59.96352554,golden,neutral,normal,STABLE
2025-08-31 15:00:00,151382000.0,151481000.0,151265000.0,151306000.0,38.33543644,dead,neutral,normal,STABLE
2025-08-31 16:00:00,151306000.0,151540000.0,151280000.0,151414000.0,26.42048626,dead,neutral,normal,UP
2025-08-31 17:00:00,151410000.0,151930000.0,151377000.0,151871000.0,40.57214054,dead,neutral,normal,DOWN
2025-08-31 18:00:00,151845000.0,151970000.0,151109000.0,151139000.0,55.23321947,dead,neutral,normal,STABLE
2025-08-31 19:00:00,151121000.0,151204000.0,150777000.0,151198000.0,77.7652093,dead,neutral,normal,STABLE
2025-08-31 20:00:00,151204000.0,151263000.0,150740000.0,150846000.0,50.13973128,dead,neutral,normal,STABLE
2025-08-31 21:00:00,150846000.0,150862000.0,150565000.0,150598000.0,62.30344376,dead,neutral,normal,STABLE
2025-08-31 22:00:00,150598000.0,150629000.0,150447000.0,150578000.0,79.84851701,dead,neutral,normal,STABLE
2025-08-31 23:00:00,150578000.0,150777000.0,150470000.0,150693000.0,46.24808828,dead,neutral,normal,UP
2025-09-01 00:00:00,150693000.0,151213000.0,150623000.0,151150000.0,36.80303906,dead,neutral,normal,STABLE
2025-09-01 01:00:00,151150000.0,151218000.0,150850000.0,151212000.0,24.14105047,dead,neutral,low,STABLE
2025-09-01 02:00:00,151212000.0,151300000.0,151122000.0,151300000.0,20.08301717,dead,neutral,low,STABLE
2025-09-01 03:00:00,151300000.0,151534000.0,151206000.0,151523000.0,13.6754846,dead,neutral,low,STABLE
2025-09-01 04:00:00,151528000.0,151550000.0,151339000.0,151358000.0,15.15720827,dead,neutral,low,STABLE
2025-09-01 05:00:00,151358000.0,151559000.0,151258000.0,151550000.0,11.34356053,dead,neutral,low,STABLE
2025-09-01 06:00:00,151559000.0,151724000.0,151552000.0,151608000.0,20.72504449,golden,neutral,low,STABLE
2025-09-01 07:00:00,151608000.0,151784000.0,151312000.0,151468000.0,39.74633486,golden,neutral,normal,DOWN
2025-09-01 08:00:00,151468000.0,151500000.0,150500000.0,150700000.0,67.37121639,golden,neutral,normal,STABLE
2025-09-01 09:00:00,150700000.0,150919000.0,149722000.0,150836000.0,284.19508319,golden,neutral,high,STABLE
2025-09-01 10:00:00,150836000.0,150900000.0,150415000.0,150696000.0,55.35063087,dead,neutral,normal,DOWN
2025-09-01 11:00:00,150696000.0,150698000.0,149522000.0,149800000.0,165.98886965,dead,neutral,high,STABLE
2025-09-01 12:00:00,149797000.0,149904000.0,149540000.0,149750000.0,105.41885337,dead,neutral,normal,DOWN
2025-09-01 13:00:00,149787000.0,149804000.0,149087000.0,149282000.0,179.36172685,dead,oversold,high,UP
2025-09-01 14:00:00,149280000.0,150000000.0,149000000.0,149977000.0,145.37733985,dead,neutral,normal,STABLE
2025-09-01 15:00:00,149977000.0,150396000.0,149692000.0,150330000.0,74.02014992,dead,neutral,normal,UP
2025-09-01 16:00:00,150335000.0,152333000.0,150195000.0,152295000.0,148.62437836,dead,neutral,normal,STABLE
2025-09-01 17:00:00,152296000.0,152789000.0,152022000.0,152219000.0,148.06107477,dead,neutral,normal,STABLE
2025-09-01 18:00:00,152219000.0,152597000.0,151800000.0,151838000.0,84.44179547,golden,neutral,normal,DOWN
2025-09-01 19:00:00,151838000.0,151968000.0,150351000.0,150783000.0,116.25837855,golden,neutral,normal,STABLE
2025-09-01 20:00:00,150782000.0,151305000.0,150728000.0,151226000.0,47.53477224,golden,neutral,normal,STABLE
2025-09-01 21:00:00,151226000.0,151755000.0,151127000.0,151567000.0,48.96660815,golden,neutral,normal,STABLE
2025-09-01 22:00:00,151567000.0,152300000.0,151519000.0,151774000.0,85.39543299,golden,neutral,normal,STABLE
2025-09-01 23:00:00,151774000.0,152235000.0,151750000.0,152014000.0,56.03996506,golden,neutral,normal,STABLE
2025-09-02 00:00:00,152007000.0,152231000.0,151411000.0,151619000.0,53.04321516,golden,neutral,normal,STABLE
2025-09-02 01:00:00,151619000.0,151987000.0,151517000.0,151620000.0,23.99777892,golden,neutral,low,STABLE
2025-09-02 02:00:00,151620000.0,151877000.0,151251000.0,151877000.0,26.94294016,golden,neutral,low,STABLE
2025-09-02 03:00:00,151878000.0,152110000.0,151878000.0,152100000.0,15.36668634,golden,neutral,low,STABLE
2025-09-02 04:00:00,152100000.0,152245000.0,151896000.0,152205000.0,15.47897726,golden,neutral,low,STABLE
2025-09-02 05:00:00,152206000.0,152206000.0,151277000.0,151952000.0,26.34513617,golden,neutral,low,DOWN
2025-09-02 06:00:00,151953000.0,152056000.0,150327000.0,150700000.0,96.1203732,golden,neutral,normal,UP
2025-09-02 07:00:00,150708000.0,151630000.0,150548000.0,151630000.0,58.20408987,golden,neutral,normal,UP
2025-09-02 08:00:00,151600000.0,152585000.0,151519000.0,152419000.0,87.01842784,golden,neutral,normal,STABLE
2025-09-02 09:00:00,152419000.0,152500000.0,151973000.0,152198000.0,66.83881848,golden,neutral,normal,STABLE
2025-09-02 10:00:00,152102000.0,152697000.0,152090000.0,152453000.0,64.4183911,golden,neutral,normal,UP
2025-09-02 11:00:00,152378000.0,153373000.0,152324000.0,153373000.0,90.53251674,golden,neutral,normal,STABLE
2025-09-02 12:00:00,153373000.0,154000000.0,153100000.0,153549000.0,155.96730405,golden,neutral,high,STABLE
2025-09-02 13:00:00,153547000.0,153640000.0,153358000.0,153469000.0,55.52523509,golden,neutral,normal,STABLE
2025-09-02 14:00:00,153498000.0,153512000.0,153200000.0,153366000.0,36.90322266,golden,neutral,normal,STABLE
2025-09-02 15:00:00,153366000.0,153639000.0,153330000.0,153370000.0,50.68113254,golden,neutral,normal,STABLE
2025-09-02 16:00:00,153370000.0,153450000.0,152800000.0,153108000.0,58.06241024,golden,neutral,normal,STABLE
2025-09-02 17:00:00,153118000.0,153858000.0,153000000.0,153521000.0,44.89319094,golden,neutral,normal,STABLE
2025-09-02 18:00:00,153520000.0,153882000.0,153252000.0,153601000.0,42.4207718,golden,neutral,normal,STABLE
2025-09-02 19:00:00,153598000.0,153746000.0,153102000.0,153310000.0,38.87189516,golden,neutral,normal,DOWN
2025-09-02 20:00:00,153305000.0,153320000.0,152547000.0,152635000.0,56.9132153,golden,neutral,normal,DOWN
2025-09-02 21:00:00,152599000.0,152817000.0,150984000.0,151677000.0,160.06413326,golden,neutral,high,UP
2025-09-02 22:00:00,151677000.0,154783000.0,151600000.0,154540000.0,269.08210809,golden,neutral,high,STABLE
2025-09-02 23:00:00,154456000.0,155196000.0,153973000.0,154666000.0,262.41949428,golden,neutral,high,STABLE
2025-09-03 00:00:00,154666000.0,154807000.0,153804000.0,154256000.0,92.75013149,golden,neutral,normal,STABLE
2025-09-03 01:00:00,154256000.0,154758000.0,153988000.0,154320000.0,52.67361973,golden,neutral,normal,STABLE
2025-09-03 02:00:00,154329000.0,154617000.0,154175000.0,154403000.0,22.59738134,golden,neutral,low,STABLE
2025-09-03 03:00:00,154391000.0,154452000.0,153750000.0,154220000.0,33.48610988,golden,neutral,low,STABLE
2025-09-03 04:00:00,154090000.0,154600000.0,154028000.0,154600000.0,18.27035009,golden,neutral,low,UP
2025-09-03 05:00:00,154579000.0,155200000.0,154515000.0,155195000.0,72.84733706,golden,neutral,normal,STABLE
2025-09-03 06:00:00,155196000.0,155445000.0,154946000.0,154994000.0,57.35786571,golden,neutral,normal,STABLE
2025-09-03 07:00:00,154994000.0,155150000.0,154663000.0,155094000.0,62.67190153,golden,neutral,normal,STABLE
2025-09-03 08:00:00,155093000.0,155094000.0,154700000.0,154850000.0,54.36586192,golden,neutral,normal,STABLE
2025-09-03 09:00:00,154850000.0,156000000.0,154825000.0,155200000.0,136.36216881,golden,neutral,normal,STABLE
2025-09-03 10:00:00,155200000.0,155330000.0,154428000.0,154997000.0,67.55575011,golden,neutral,normal,STABLE
2025-09-03 11:00:00,154951000.0,155268000.0,154825000.0,155218000.0,57.38860292,golden,neutral,normal,DOWN
2025-09-03 12:00:00,155182000.0,155218000.0,154500000.0,154709000.0,38.57068792,golden,neutral,low,STABLE
2025-09-03 13:00:00,154709000.0,154858000.0,154501000.0,154695000.0,32.81541194,golden,neutral,low,STABLE
2025-09-03 14:00:00,154695000.0,154710000.0,154363000.0,154363000.0,36.24574509,golden,neutral,low,STABLE
2025-09-03 15:00:00,154363000.0,154478000.0,154032000.0,154223000.0,43.40047792,golden,neutral,normal,UP
2025-09-03 16:00:00,154222000.0,154814000.0,154086000.0,154814000.0,41.98110819,golden,neutral,normal,STABLE
2025-09-03 17:00:00,154800000.0,155003000.0,154501000.0,154574000.0,32.12559099,dead,neutral,low,STABLE
2025-09-03 18:00:00,154573000.0,155000000.0,154530000.0,154940000.0,27.03165847,dead,neutral,low,STABLE
2025-09-03 19:00:00,154937000.0,155100000.0,154833000.0,154959000.0,37.87054973,dead,neutral,normal,STABLE
2025-09-03 20:00:00,154950000.0,155266000.0,154905000.0,154997000.0,37.8848443,golden,neutral,normal,STABLE
2025-09-03 21:00:00,154997000.0,155342000.0,154450000.0,154595000.0,51.83885346,golden,neutral,normal,STABLE
2025-09-03 22:00:00,154557000.0,155229000.0,154500000.0,154793000.0,63.21205623,golden,neutral,normal,UP
2025-09-03 23:00:00,154793000.0,155896000.0,154442000.0,155692000.0,126.78508064,golden,neutral,high,STABLE
2025-09-04 00:00:00,155601000.0,155722000.0,155211000.0,155483000.0,36.32010351,golden,neutral,normal,STABLE
2025-09-04 01:00:00,155484000.0,155624000.0,154850000.0,155059000.0,25.62725331,golden,neutral,low,UP
2025-09-04 02:00:00,155059000.0,155855000.0,154970000.0,155659000.0,28.03178058,golden,neutral,normal,STABLE
2025-09-04 03:00:00,155622000.0,155856000.0,155096000.0,155349000.0,14.99485058,golden,neutral,low,STABLE
2025-09-04 04:00:00,155349000.0,155491000.0,155131000.0,155491000.0,8.6391197,golden,neutral,low,STABLE
2025-09-04 05:00:00,155499000.0,155604000.0,155300000.0,155451000.0,13.89894435,golden,neutral,low,STABLE
2025-09-04 06:00:00,155451000.0,155564000.0,155080000.0,155221000.0,25.34868418,golden,neutral,normal,STABLE
2025-09-04 07:00:00,155221000.0,155469000.0,155039000.0,155198000.0,21.00801152,golden,neutral,normal,STABLE
2025-09-04 08:00:00,155199000.0,155226000.0,154884000.0,154890000.0,35.25844135,golden,neutral,normal,UP
2025-09-04 09:00:00,154890000.0,155403000.0,154865000.0,155397000.0,48.78926447,golden,neutral,normal,STABLE
2025-09-04 10:00:00,155397000.0,155398000.0,155000000.0,155348000.0,33.82900138,golden,neutral,normal,STABLE
2025-09-04 11:00:00,155330000.0,155381000.0,154990000.0,155122000.0,41.83487968,golden,neutral,normal,STABLE
2025-09-04 12:00:00,155122000.0,155398000.0,154907000.0,154907000.0,33.13575087,dead,neutral,normal,STABLE
2025-09-04 13:00:00,154907000.0,155000000.0,154612000.0,154617000.0,37.81311367,dead,neutral,normal,STABLE
2025-09-04 14:00:00,154615000.0,154725000.0,154330000.0,154445000.0,61.86624789,dead,neutral,normal,STABLE
2025-09-04 15:00:00,154445000.0,154503000.0,154100000.0,154250000.0,48.80129678,dead,neutral,normal,STABLE
2025-09-04 16:00:00,154160000.0,154450000.0,154159000.0,154333000.0,29.60292663,dead,neutral,normal,STABLE
2025-09-04 17:00:00,154333000.0,154667000.0,154220000.0,154384000.0,25.74273449,dead,neutral,normal,STABLE
2025-09-04 18:00:00,154405000.0,154806000.0,154391000.0,154586000.0,24.33570711,dead,neutral,normal,STABLE
2025-09-04 19:00:00,154586000.0,154876000.0,154300000.0,154300000.0,32.80513617,dead,neutral,normal,STABLE
2025-09-04 20:00:00,154300000.0,154804000.0,154223000.0,154671000.0,26.14965124,dead,neutral,normal,STABLE
2025-09-04 21:00:00,154671000.0,154917000.0,154403000.0,154780000.0,41.26301908,dead,neutral,normal,STABLE
2025-09-04 22:00:00,154780000.0,154850000.0,154100000.0,154403000.0,42.14378086,dead,neutral,normal,DOWN
2025-09-04 23:00:00,154403000.0,154410000.0,153420000.0,153519000.0,119.02783257,dead,neutral,high,STABLE
2025-09-05 00:00:00,153519000.0,153682000.0,153093000.0,153455000.0,64.0587904,dead,neutral,normal,STABLE
2025-09-05 01:00:00,153454000.0,153608000.0,153260000.0,153346000.0,29.29335922,dead,neutral,normal,UP
2025-09-05 02:00:00,153474000.0,153976000.0,153348000.0,153946000.0,18.41975512,dead,neutral,low,STABLE
2025-09-05 03:00:00,153944000.0,154500000.0,153819000.0,154350000.0,25.69615326,dead,neutral,normal,STABLE
2025-09-05 04:00:00,154259000.0,154429000.0,154000000.0,154230000.0,27.95976231,dead,neutral,normal,UP
2025-09-05 05:00:00,154236000.0,154865000.0,154099000.0,154846000.0,21.08075586,dead,neutral,normal,STABLE
2025-09-05 06:00:00,154850000.0,155016000.0,154751000.0,154998000.0,38.41545609,golden,neutral,normal,UP
2025-09-05 07:00:00,154998000.0,156264000.0,154901000.0,156199000.0,102.51966312,golden,neutral,high,DOWN
2025-09-05 08:00:00,156172000.0,156515000.0,155100000.0,155410000.0,95.5608128,golden,neutral,high,STABLE
2025-09-05 09:00:00,155337000.0,155552000.0,154825000.0,155001000.0,68.57935573,golden,neutral,normal,UP
2025-09-05 10:00:00,154907000.0,155670000.0,154894000.0,155640000.0,41.44444075,golden,neutral,normal,STABLE
2025-09-05 11:00:00,155640000.0,156007000.0,155440000.0,155914000.0,60.14497447,golden,neutral,normal,STABLE
2025-09-05 12:00:00,155914000.0,155920000.0,155472000.0,155846000.0,29.67091671,golden,neutral,normal,STABLE
2025-09-05 13:00:00,155845000.0,155926000.0,155589000.0,155876000.0,29.86926322,golden,neutral,normal,STABLE
2025-09-05 14:00:00,155876000.0,156100000.0,155814000.0,155965000.0,34.13670683,golden,neutral,normal,STABLE
2025-09-05 15:00:00,155965000.0,156400000.0,155885000.0,156400000.0,48.56705804,golden,neutral,normal,UP
2025-09-05 16:00:00,156342000.0,157700000.0,156311000.0,157684000.0,220.35088192,golden,overbought,high,DOWN
2025-09-05 17:00:00,157684000.0,157720000.0,157141000.0,157193000.0,101.25967051,golden,neutral,normal,STABLE
2025-09-05 18:00:00,157192000.0,157275000.0,156675000.0,156922000.0,59.90612466,golden,neutral,normal,STABLE
2025-09-05 19:00:00,156912000.0,157094000.0,156690000.0,156930000.0,54.54288739,golden,neutral,normal,STABLE
2025-09-05 20:00:00,156870000.0,156973000.0,156696000.0,156864000.0,37.60872886,golden,neutral,normal,UP
2025-09-05 21:00:00,156855000.0,157853000.0,156616000.0,157647000.0,207.39102673,golden,neutral,high,STABLE
2025-09-05 22:00:00,157612000.0,157642000.0,157050000.0,157287000.0,93.29291503,golden,neutral,normal,DOWN
2025-09-05 23:00:00,157237000.0,157299000.0,154900000.0,154990000.0,263.30975137,golden,neutral,high,STABLE
2025-09-06 00:00:00,154990000.0,155540000.0,154698000.0,155032000.0,89.55128909,golden,neutral,normal,STABLE
2025-09-06 01:00:00,155031000.0,155500000.0,154914000.0,155361000.0,31.41016102,dead,neutral,low,STABLE
2025-09-06 02:00:00,155361000.0,155470000.0,154698000.0,155285000.0,24.51693904,dead,neutral,low,UP
2025-09-06 03:00:00,155115000.0,155833000.0,155104000.0,155763000.0,15.62587005,dead,neutral,low,STABLE
2025-09-06 04:00:00,155742000.0,155947000.0,155556000.0,155848000.0,13.65425273,dead,neutral,low,STABLE
2025-09-06 05:00:00,155855000.0,155989000.0,155500000.0,155843000.0,16.19582239,dead,neutral,low,DOWN
2025-09-06 06:00:00,155843000.0,155899000.0,154502000.0,154892000.0,53.98413436,dead,neutral,normal,STABLE
2025-09-06 07:00:00,154873000.0,155313000.0,154800000.0,155246000.0,23.26192228,dead,neutral,low,STABLE
2025-09-06 08:00:00,155190000.0,155301000.0,154918000.0,154930000.0,25.99466065,dead,neutral,low,STABLE
2025-09-06 09:00:00,154930000.0,155211000.0,154820000.0,155132000.0,31.85397693,dead,neutral,low,STABLE
2025-09-06 10:00:00,155125000.0,155254000.0,155053000.0,155181000.0,18.43817403,dead,neutral,low,STABLE
2025-09-06 11:00:00,155180000.0,155629000.0,154985000.0,155540000.0,27.27588832,dead,neutral,low,STABLE
2025-09-06 12:00:00,155540000.0,155628000.0,155242000.0,155270000.0,21.20036606,dead,neutral,low,STABLE
2025-09-06 13:00:00,155269000.0,155270000.0,154982000.0,155125000.0,21.73673673,dead,neutral,low,STABLE
2025-09-06 14:00:00,155124000.0,155208000.0,155011000.0,155064000.0,15.22928203,dead,neutral,low,STABLE
2025-09-06 15:00:00,155064000.0,155150000.0,155000000.0,155139000.0,10.62035467,dead,neutral,low,STABLE
2025-09-06 16:00:00,155139000.0,155150000.0,155074000.0,155131000.0,9.23412863,dead,neutral,low,STABLE
2025-09-06 17:00:00,155130000.0,155380000.0,155023000.0,155336000.0,15.64077617,dead,neutral,low,STABLE
2025-09-06 18:00:00,155374000.0,155416000.0,155038000.0,155200000.0,22.76697716,dead,neutral,normal,STABLE
2025-09-06 19:00:00,155110000.0,155325000.0,155064000.0,155086000.0,15.95096562,dead,neutral,normal,STABLE
2025-09-06 20:00:00,155091000.0,155327000.0,155082000.0,155142000.0,14.41207226,dead,neutral,normal,STABLE
2025-09-06 21:00:00,155107000.0,155212000.0,155094000.0,155199000.0,25.08711807,dead,neutral,normal,STABLE
2025-09-06 22:00:00,155199000.0,155500000.0,155142000.0,155499000.0,25.52824243,dead,neutral,normal,STABLE
2025-09-06 23:00:00,155499000.0,155499000.0,155295000.0,155295000.0,14.02521824,dead,neutral,normal,STABLE
2025-09-07 00:00:00,155299000.0,155325000.0,154869000.0,154938000.0,33.21280981,golden,neutral,normal,STABLE
2025-09-07 01:00:00,155000000.0,155000000.0,154500000.0,154727000.0,40.49190658,dead,neutral,normal,STABLE
2025-09-07 02:00:00,154727000.0,154752000.0,154370000.0,154660000.0,22.2015124,dead,neutral,normal,STABLE
2025-09-07 03:00:00,154660000.0,154800000.0,154410000.0,154670000.0,9.09754361,dead,neutral,low,STABLE
2025-09-07 04:00:00,154666000.0,154670000.0,154440000.0,154567000.0,9.83385891,dead,neutral,low,STABLE
2025-09-07 05:00:00,154567000.0,154667000.0,154435000.0,154537000.0,7.49640228,dead,neutral,low,STABLE
2025-09-07 06:00:00,154655000.0,154670000.0,154510000.0,154600000.0,9.21604872,dead,neutral,low,STABLE
2025-09-07 07:00:00,154600000.0,154600000.0,154240000.0,154309000.0,28.37568105,dead,neutral,normal,STABLE
2025-09-07 08:00:00,154309000.0,154510000.0,154231000.0,154325000.0,23.84996195,dead,neutral,normal,STABLE
2025-09-07 09:00:00,154325000.0,154576000.0,154200000.0,154476000.0,26.86096738,dead,neutral,normal,STABLE
2025-09-07 10:00:00,154476000.0,154778000.0,154475000.0,154727000.0,21.47381831,dead,neutral,normal,STABLE
2025-09-07 11:00:00,154727000.0,154742000.0,154534000.0,154741000.0,24.2280615,dead,neutral,normal,STABLE
2025-09-07 12:00:00,154742000.0,154780000.0,154741000.0,154741000.0,12.03194134,dead,neutral,normal,STABLE
2025-09-07 13:00:00,154740000.0,154744000.0,154510000.0,154540000.0,13.40869644,dead,neutral,normal,STABLE
2025-09-07 14:00:00,154540000.0,154776000.0,154538000.0,154614000.0,16.67082342,dead,neutral,normal,STABLE
2025-09-07 15:00:00,154614000.0,154615000.0,154442000.0,154518000.0,14.90737785,dead,neutral,normal,STABLE
2025-09-07 16:00:00,154518000.0,154943000.0,154410000.0,154775000.0,18.65231026,dead,neutral,normal,STABLE
2025-09-07 17:00:00,154884000.0,155501000.0,154779000.0,155175000.0,46.29218999,golden,neutral,high,STABLE
2025-09-07 18:00:00,155150000.0,155332000.0,155000000.0,155260000.0,26.50517706,golden,neutral,normal,STABLE
2025-09-07 19:00:00,155260000.0,155408000.0,155131000.0,155280000.0,21.82137129,golden,neutral,normal,STABLE
2025-09-07 20:00:00,155238000.0,155371000.0,155198000.0,155336000.0,18.93869442,golden,neutral,normal,STABLE
2025-09-07 21:00:00,155301000.0,155400000.0,155179000.0,155256000.0,25.85766371,golden,neutral,normal,STABLE
2025-09-07 22:00:00,155256000.0,155288000.0,155001000.0,155223000.0,17.3994734,golden,neutral,normal,STABLE
2025-09-07 23:00:00,155222000.0,155445000.0,154973000.0,155099000.0,39.2701111,golden,neutral,normal,STABLE
2025-09-08 00:00:00,155099000.0,155453000.0,155011000.0,155389000.0,21.26285303,golden,neutral,normal,STABLE
2025-09-08 01:00:00,155349000.0,155400000.0,155207000.0,155341000.0,10.44349484,golden,neutral,low,STABLE
2025-09-08 02:00:00,155341000.0,155377000.0,155158000.0,155165000.0,7.16033645,golden,neutral,low,STABLE
2025-09-08 03:00:00,155165000.0,155424000.0,155161000.0,155367000.0,6.35567709,golden,neutral,low,STABLE
2025-09-08 04:00:00,155300000.0,155700000.0,155300000.0,155700000.0,14.70527861,golden,neutral,normal,STABLE
2025-09-08 05:00:00,155695000.0,155784000.0,155576000.0,155637000.0,9.23964872,golden,neutral,low,STABLE
2025-09-08 06:00:00,155639000.0,155775000.0,155193000.0,155208000.0,15.56925738,golden,neutral,normal,STABLE
2025-09-08 07:00:00,155202000.0,155333000.0,155053000.0,155152000.0,22.40999745,golden,neutral,normal,STABLE
2025-09-08 08:00:00,155136000.0,155520000.0,155000000.0,155001000.0,35.89870199,golden,neutral,normal,STABLE
2025-09-08 09:00:00,155001000.0,155351000.0,154825000.0,154854000.0,48.09139935,golden,neutral,high,STABLE
2025-09-08 10:00:00,154854000.0,154980000.0,154700000.0,154878000.0,35.76921819,dead,neutral,normal,STABLE
2025-09-08 11:00:00,154878000.0,155362000.0,154592000.0,155127000.0,45.75107295,dead,neutral,normal,STABLE
2025-09-08 12:00:00,155127000.0,155365000.0,154975000.0,155046000.0,70.16993668,dead,neutral,high,STABLE
2025-09-08 13:00:00,155002000.0,155295000.0,154895000.0,155000000.0,30.75948446,dead,neutral,normal,STABLE
2025-09-08 14:00:00,154970000.0,155074000.0,154902000.0,155021000.0,22.05801978,dead,neutral,normal,STABLE
2025-09-08 15:00:00,155020000.0,155270000.0,154978000.0,155268000.0,14.98635111,dead,neutral,normal,STABLE
2025-09-08 16:00:00,155203000.0,155602000.0,155185000.0,155251000.0,31.61335112,dead,neutral,normal,UP
2025-09-08 17:00:00,155251000.0,155891000.0,155248000.0,155752000.0,49.98728327,golden,neutral,normal,STABLE
2025-09-08 18:00:00,155751000.0,156200000.0,155650000.0,156083000.0,47.27605726,golden,neutral,normal,STABLE
2025-09-08 19:00:00,156061000.0,156109000.0,155878000.0,155956000.0,42.49228893,golden,neutral,normal,STABLE
2025-09-08 20:00:00,155956000.0,156000000.0,155520000.0,156000000.0,48.05945238,golden,neutral,normal,STABLE
2025-09-08 21:00:00,155980000.0,156030000.0,155755000.0,155955000.0,35.51332227,golden,neutral,normal,STABLE
2025-09-08 22:00:00,155955000.0,156366000.0,155800000.0,155830000.0,72.18278925,golden,neutral,high,UP
2025-09-08 23:00:00,155800000.0,156700000.0,155732000.0,156446000.0,66.28404662,golden,overbought,normal,STABLE
2025-09-09 00:00:00,156446000.0,156838000.0,156257000.0,156362000.0,55.41816968,golden,neutral,normal,STABLE
2025-09-09 01:00:00,156339000.0,156399000.0,156004000.0,156217000.0,15.70123806,golden,neutral,low,STABLE
2025-09-09 02:00:00,156216000.0,156424000.0,155980000.0,156129000.0,11.76969761,golden,neutral,low,STABLE
2025-09-09 03:00:00,156102000.0,156419000.0,156033000.0,156323000.0,8.06300754,golden,neutral,low,STABLE
2025-09-09 04:00:00,156323000.0,156343000.0,156021000.0,156212000.0,9.86104649,golden,neutral,low,STABLE
2025-09-09 05:00:00,156086000.0,156291000.0,156000000.0,156205000.0,17.5624404,golden,neutral,low,STABLE
2025-09-09 06:00:00,156161000.0,156284000.0,156059000.0,156150000.0,15.46019776,golden,neutral,low,STABLE
2025-09-09 07:00:00,156148000.0,156400000.0,156148000.0,156270000.0,21.80929977,golden,neutral,normal,STABLE
2025-09-09 08:00:00,156270000.0,156321000.0,156048000.0,156048000.0,33.51773523,golden,neutral,normal,STABLE
2025-09-09 09:00:00,156048000.0,156208000.0,155400000.0,155581000.0,81.9441031,golden,neutral,high,STABLE
2025-09-09 10:00:00,155581000.0,155626000.0,155226000.0,155368000.0,57.86571868,dead,neutral,normal,STABLE
2025-09-09 11:00:00,155368000.0,155600000.0,155000000.0,155213000.0,147.55980656,dead,neutral,high,STABLE
2025-09-09 12:00:00,155213000.0,155627000.0,155000000.0,155606000.0,84.89726628,dead,neutral,normal,STABLE
2025-09-09 13:00:00,155505000.0,155925000.0,155445000.0,155842000.0,31.53122561,dead,neutral,normal,STABLE
2025-09-09 14:00:00,155842000.0,155959000.0,155584000.0,155957000.0,25.45719297,dead,neutral,normal,UP
2025-09-09 15:00:00,155956000.0,156999000.0,155934000.0,156903000.0,118.79248951,dead,neutral,high,STABLE
2025-09-09 16:00:00,156903000.0,157200000.0,156551000.0,156823000.0,87.03806117,golden,neutral,normal,STABLE
2025-09-09 17:00:00,156813000.0,156907000.0,156541000.0,156685000.0,92.45379065,golden,neutral,normal,STABLE
2025-09-09 18:00:00,156643000.0,156785000.0,156500000.0,156683000.0,30.73144652,golden,neutral,normal,STABLE
2025-09-09 19:00:00,156683000.0,156801000.0,156300000.0,156430000.0,38.41476052,golden,neutral,normal,STABLE
2025-09-09 20:00:00,156430000.0,156550000.0,156173000.0,156175000.0,36.10605546,golden,neutral,normal,STABLE
2025-09-09 21:00:00,156175000.0,156580000.0,156171000.0,156424000.0,46.48270826,golden,neutral,normal,STABLE
2025-09-09 22:00:00,156402000.0,156771000.0,156332000.0,156548000.0,44.94204353,golden,neutral,normal,DOWN
2025-09-09 23:00:00,156547000.0,156700000.0,155450000.0,155754000.0,127.48226519,golden,neutral,high,DOWN
2025-09-10 00:00:00,155754000.0,155779000.0,154800000.0,154999000.0,132.22990591,dead,neutral,high,STABLE
2025-09-10 01:00:00,155074000.0,155218000.0,154697000.0,154846000.0,49.18063068,dead,neutral,normal,STABLE
2025-09-10 02:00:00,154847000.0,155079000.0,154782000.0,155000000.0,33.10211046,dead,neutral,normal,STABLE
2025-09-10 03:00:00,155000000.0,155313000.0,154854000.0,155096000.0,17.06809413,dead,neutral,low,STABLE
2025-09-10 04:00:00,155171000.0,155399000.0,155095000.0,155379000.0,12.70371118,dead,neutral,low,STABLE
2025-09-10 05:00:00,155379000.0,155621000.0,155149000.0,155598000.0,21.47430374,dead,neutral,low,STABLE
2025-09-10 06:00:00,155598000.0,155867000.0,155316000.0,155323000.0,27.75824757,dead,neutral,low,STABLE
2025-09-10 07:00:00,155333000.0,155621000.0,155259000.0,155549000.0,30.05904082,dead,neutral,normal,STABLE
2025-09-10 08:00:00,155540000.0,155550000.0,155359000.0,155450000.0,23.01620213,dead,neutral,low,STABLE
2025-09-10 09:00:00,155451000.0,155480000.0,154997000.0,155000000.0,68.9413848,dead,neutral,normal,STABLE
2025-09-10 10:00:00,154999000.0,155249000.0,154950000.0,154995000.0,60.04438479,dead,neutral,normal,STABLE
2025-09-10 11:00:00,154994000.0,155499000.0,154970000.0,155354000.0,59.23306975,dead,neutral,normal,STABLE
2025-09-10 12:00:00,155275000.0,155467000.0,155252000.0,155303000.0,30.40764169,dead,neutral,normal,STABLE
2025-09-10 13:00:00,155303000.0,155510000.0,155302000.0,155428000.0,26.47967499,dead,neutral,normal,STABLE
2025-09-10 14:00:00,155424000.0,155510000.0,155324000.0,155492000.0,29.43509978,dead,neutral,normal,STABLE
2025-09-10 15:00:00,155445000.0,155995000.0,155400000.0,155701000.0,36.13683076,dead,neutral,normal,UP
2025-09-10 16:00:00,155700000.0,156500000.0,155678000.0,156458000.0,58.61429607,golden,neutral,normal,STABLE
2025-09-10 17:00:00,156459000.0,156890000.0,156270000.0,156369000.0,87.3638651,golden,neutral,normal,STABLE
2025-09-10 18:00:00,156368000.0,156520000.0,156099000.0,156285000.0,33.10324844,golden,neutral,normal,STABLE
2025-09-10 19:00:00,156285000.0,156500000.0,156284000.0,156425000.0,26.32782536,golden,neutral,normal,STABLE
2025-09-10 20:00:00,156423000.0,156427000.0,156200000.0,156308000.0,24.72402336,golden,neutral,normal,UP
2025-09-10 21:00:00,156308000.0,157750000.0,156275000.0,157575000.0,220.67753676,golden,overbought,high,UP
2025-09-10 22:00:00,157568000.0,158588000.0,157568000.0,158184000.0,234.1552701,golden,overbought,high,STABLE
2025-09-10 23:00:00,158181000.0,158553000.0,158002000.0,158003000.0,116.26047786,golden,overbought,normal,STABLE
2025-09-11 00:00:00,158002000.0,158261000.0,157849000.0,158094000.0,45.34439494,golden,overbought,normal,STABLE
2025-09-11 01:00:00,158054000.0,158194000.0,157800000.0,157998000.0,26.94690054,golden,overbought,low,STABLE
2025-09-11 02:00:00,157932000.0,158236000.0,157612000.0,158073000.0,22.81243499,golden,overbought,low,STABLE
2025-09-11 03:00:00,158041000.0,158194000.0,157610000.0,157901000.0,14.39374256,golden,neutral,low,STABLE
2025-09-11 04:00:00,157878000.0,158200000.0,157532000.0,158200000.0,19.59286627,golden,overbought,low,STABLE
2025-09-11 05:00:00,158165000.0,158500000.0,158123000.0,158272000.0,26.11816441,golden,overbought,low,STABLE
2025-09-11 06:00:00,158272000.0,158500000.0,158236000.0,158500000.0,30.43879921,golden,overbought,normal,STABLE
2025-09-11 07:00:00,158499000.0,158800000.0,158498000.0,158596000.0,83.52468745,golden,overbought,normal,STABLE
2025-09-11 08:00:00,158595000.0,158790000.0,158450000.0,158561000.0,57.26802885,golden,overbought,normal,STABLE
2025-09-11 09:00:00,158562000.0,158800000.0,158502000.0,158758000.0,84.07007545,golden,overbought,normal,STABLE
2025-09-11 10:00:00,158755000.0,158950000.0,158657000.0,158723000.0,77.32152129,golden,overbought,normal,STABLE
2025-09-11 11:00:00,158723000.0,158736000.0,158475000.0,158548000.0,58.64550231,golden,neutral,normal,UP
2025-09-11 12:00:00,158546000.0,159319000.0,158480000.0,159270000.0,64.24319069,golden,overbought,normal,STABLE
2025-09-11 13:00:00,159270000.0,159277000.0,158810000.0,158846000.0,63.51244715,golden,neutral,normal,STABLE
2025-09-11 14:00:00,158825000.0,159287000.0,158740000.0,159019000.0,49.96372691,golden,neutral,normal,STABLE
2025-09-11 15:00:00,159010000.0,159304000.0,158980000.0,159275000.0,45.43980362,golden,overbought,normal,STABLE
2025-09-11 16:00:00,159252000.0,159275000.0,158797000.0,158816000.0,50.25737499,golden,neutral,normal,STABLE
2025-09-11 17:00:00,158814000.0,159016000.0,158700000.0,158700000.0,45.95222064,golden,neutral,normal,STABLE
2025-09-11 18:00:00,158700000.0,158718000.0,158499000.0,158577000.0,52.21557182,golden,neutral,normal,STABLE
2025-09-11 19:00:00,158577000.0,158955000.0,158577000.0,158902000.0,45.47741226,golden,neutral,normal,STABLE
2025-09-11 20:00:00,158902000.0,159000000.0,158718000.0,158939000.0,38.88213546,golden,neutral,normal,STABLE
2025-09-11 21:00:00,158927000.0,159450000.0,158155000.0,158612000.0,270.6123762,golden,neutral,high,UP
2025-09-11 22:00:00,158555000.0,159450000.0,157777000.0,159447000.0,163.63090483,golden,neutral,high,STABLE
2025-09-11 23:00:00,159447000.0,159450000.0,158700000.0,159199000.0,81.58060995,golden,neutral,normal,STABLE
2025-09-12 00:00:00,159199000.0,159500000.0,158940000.0,159153000.0,49.07279788,golden,neutral,normal,STABLE
2025-09-12 01:00:00,159154000.0,159496000.0,159018000.0,159496000.0,24.09509761,golden,neutral,low,STABLE
2025-09-12 02:00:00,159497000.0,159500000.0,159340000.0,159420000.0,18.40449658,golden,neutral,low,STABLE
2025-09-12 03:00:00,159419000.0,159497000.0,159001000.0,159166000.0,9.95478213,golden,neutral,low,STABLE
2025-09-12 04:00:00,159166000.0,159300000.0,159027000.0,159265000.0,16.09836744,golden,neutral,low,STABLE
2025-09-12 05:00:00,159268000.0,159274000.0,159009000.0,159222000.0,8.53203443,golden,neutral,low,STABLE
2025-09-12 06:00:00,159222000.0,159400000.0,159017000.0,159270000.0,25.7185463,golden,neutral,low,UP
2025-09-12 07:00:00,159270000.0,160228000.0,159269000.0,160206000.0,127.87936089,golden,neutral,high,STABLE
2025-09-12 08:00:00,160206000.0,160400000.0,160200000.0,160375000.0,78.66525913,golden,overbought,normal,UP
2025-09-12 09:00:00,160395000.0,161611000.0,160357000.0,161101000.0,233.66209707,golden,overbought,high,DOWN
2025-09-12 10:00:00,161101000.0,161297000.0,160420000.0,160420000.0,115.40316242,golden,neutral,normal,STABLE
2025-09-12 11:00:00,160418000.0,160900000.0,160395000.0,160412000.0,68.22598899,golden,neutral,normal,STABLE
2025-09-12 12:00:00,160412000.0,160422000.0,160020000.0,160272000.0,83.23325325,golden,neutral,normal,STABLE
2025-09-12 13:00:00,160197000.0,160700000.0,160120000.0,160492000.0,67.57745041,golden,neutral,normal,STABLE
2025-09-12 14:00:00,160492000.0,160741000.0,160482000.0,160640000.0,64.80160887,golden,neutral,normal,STABLE
2025-09-12 15:00:00,160640000.0,160649000.0,160094000.0,160264000.0,75.08798624,golden,neutral,normal,STABLE
2025-09-12 16:00:00,160256000.0,160325000.0,160032000.0,160033000.0,46.79252399,golden,neutral,normal,STABLE
2025-09-12 17:00:00,160032000.0,160190000.0,160000000.0,160044000.0,49.41123205,golden,neutral,normal,STABLE
2025-09-12 18:00:00,160044000.0,160150000.0,160001000.0,160070000.0,32.21438231,golden,neutral,normal,STABLE
2025-09-12 19:00:00,160064000.0,160150000.0,160003000.0,160127000.0,24.29681259,golden,neutral,low,STABLE
2025-09-12 20:00:00,160126000.0,160403000.0,160050000.0,160146000.0,47.33996499,golden,neutral,normal,STABLE
2025-09-12 21:00:00,160137000.0,160550000.0,160000000.0,160385000.0,48.00846932,golden,neutral,normal,STABLE
2025-09-12 22:00:00,160466000.0,160486000.0,160100000.0,160336000.0,40.50955696,golden,neutral,normal,STABLE
2025-09-12 23:00:00,160336000.0,160562000.0,160100000.0,160368000.0,61.76120284,golden,neutral,normal,STABLE
2025-09-13 00:00:00,160364000.0,160437000.0,160126000.0,160342000.0,26.69174475,golden,neutral,low,STABLE
2025-09-13 01:00:00,160342000.0,160540000.0,160250000.0,160509000.0,23.56136023,golden,neutral,low,STABLE
2025-09-13 02:00:00,160509000.0,161000000.0,160509000.0,160802000.0,36.63363865,golden,neutral,normal,UP
2025-09-13 03:00:00,160777000.0,161523000.0,160777000.0,161512000.0,53.74177189,golden,overbought,normal,STABLE
2025-09-13 04:00:00,161465000.0,161794000.0,161242000.0,161682000.0,41.86640717,golden,overbought,normal,DOWN
2025-09-13 05:00:00,161681000.0,161697000.0,160905000.0,161083000.0,40.75471657,golden,neutral,normal,STABLE
2025-09-13 06:00:00,161083000.0,161220000.0,160776000.0,160961000.0,47.3359939,golden,neutral,normal,STABLE
2025-09-13 07:00:00,160948000.0,161241000.0,160777000.0,161010000.0,74.78317227,golden,neutral,normal,STABLE
2025-09-13 08:00:00,161000000.0,161251000.0,160855000.0,161101000.0,57.18491407,golden,neutral,normal,STABLE
2025-09-13 09:00:00,161110000.0,161352000.0,160787000.0,161335000.0,63.59784071,golden,neutral,normal,DOWN
2025-09-13 10:00:00,161338000.0,161369000.0,160685000.0,160708000.0,90.02312612,golden,neutral,normal,STABLE
2025-09-13 11:00:00,160701000.0,160948000.0,160566000.0,160796000.0,49.50412453,golden,neutral,normal,STABLE
2025-09-13 12:00:00,160796000.0,160916000.0,160791000.0,160901000.0,42.63471115,golden,neutral,normal,STABLE
2025-09-13 13:00:00,160901000.0,160915000.0,160608000.0,160625000.0,66.12409832,golden,neutral,normal,STABLE
2025-09-13 14:00:00,160625000.0,160706000.0,160591000.0,160665000.0,29.00090488,dead,neutral,normal,STABLE
2025-09-13 15:00:00,160665000.0,160669000.0,160565000.0,160572000.0,29.032856,dead,neutral,normal,STABLE
2025-09-13 16:00:00,160572000.0,160800000.0,160566000.0,160780000.0,26.30181876,dead,neutral,normal,STABLE
2025-09-13 17:00:00,160780000.0,160827000.0,160684000.0,160822000.0,26.03104138,dead,neutral,normal,STABLE
2025-09-13 18:00:00,160822000.0,160823000.0,160500000.0,160657000.0,64.56581201,dead,neutral,normal,STABLE
2025-09-13 19:00:00,160656000.0,160809000.0,160548000.0,160549000.0,46.01818931,dead,neutral,normal,STABLE
2025-09-13 20:00:00,160549000.0,160656000.0,160500000.0,160551000.0,32.23200843,dead,neutral,normal,STABLE
2025-09-13 21:00:00,160551000.0,160563000.0,160375000.0,160517000.0,44.3025793,dead,neutral,normal,STABLE
2025-09-13 22:00:00,160517000.0,160523000.0,160025000.0,160094000.0,79.45655637,dead,neutral,normal,STABLE
2025-09-13 23:00:00,160101000.0,160280000.0,160002000.0,160060000.0,75.15678151,dead,neutral,normal,STABLE
2025-09-14 00:00:00,160060000.0,160170000.0,160001000.0,160002000.0,33.71561262,dead,neutral,normal,STABLE
2025-09-14 01:00:00,160001000.0,160028000.0,159461000.0,159614000.0,98.10134722,dead,neutral,normal,STABLE
2025-09-14 02:00:00,159614000.0,160033000.0,159500000.0,160001000.0,23.14492275,dead,neutral,low,STABLE
2025-09-14 03:00:00,160001000.0,160248000.0,159920000.0,160243000.0,17.03393667,dead,neutral,low,STABLE
2025-09-14 04:00:00,160244000.0,160360000.0,160063000.0,160360000.0,9.33381251,dead,neutral,low,STABLE
2025-09-14 05:00:00,160321000.0,160526000.0,160291000.0,160504000.0,7.9929183,dead,neutral,low,STABLE
2025-09-14 06:00:00,160523000.0,160629000.0,160504000.0,160610000.0,17.48688362,dead,neutral,low,STABLE
2025-09-14 07:00:00,160610000.0,160610000.0,160389000.0,160541000.0,18.74930069,golden,neutral,low,STABLE
2025-09-14 08:00:00,160540000.0,160628000.0,160386000.0,160536000.0,21.96369575,golden,neutral,normal,STABLE
2025-09-14 09:00:00,160536000.0,160800000.0,160529000.0,160750000.0,38.34500289,golden,neutral,normal,STABLE
2025-09-14 10:00:00,160750000.0,160759000.0,160211000.0,160610000.0,41.89366649,golden,neutral,normal,STABLE
2025-09-14 11:00:00,160609000.0,160740000.0,160332000.0,160538000.0,34.1123242,golden,neutral,normal,STABLE
2025-09-14 12:00:00,160538000.0,160545000.0,160187000.0,160286000.0,33.14301835,golden,neutral,normal,STABLE
2025-09-14 13:00:00,160286000.0,160560000.0,160138000.0,160502000.0,26.98916427,golden,neutral,normal,STABLE
2025-09-14 14:00:00,160502000.0,160514000.0,160300000.0,160440000.0,15.73192054,golden,neutral,low,STABLE
2025-09-14 15:00:00,160440000.0,160469000.0,160271000.0,160398000.0,18.1270693,golden,neutral,normal,STABLE
2025-09-14 16:00:00,160393000.0,160455000.0,160349000.0,160400000.0,14.01283987,golden,neutral,low,STABLE
2025-09-14 17:00:00,160400000.0,160746000.0,160339000.0,160700000.0,29.42278043,golden,neutral,normal,STABLE
2025-09-14 18:00:00,160698000.0,160929000.0,160659000.0,160926000.0,32.84836158,golden,neutral,normal,STABLE
2025-09-14 19:00:00,160927000.0,160980000.0,160666000.0,160795000.0,23.86748019,golden,neutral,normal,STABLE
2025-09-14 20:00:00,160795000.0,160907000.0,160660000.0,160800000.0,39.26570354,golden,neutral,normal,STABLE
2025-09-14 21:00:00,160715000.0,160828000.0,160588000.0,160589000.0,31.74422481,golden,neutral,normal,STABLE
2025-09-14 22:00:00,160660000.0,160660000.0,160000000.0,160210000.0,70.30836743,golden,neutral,high,STABLE
2025-09-14 23:00:00,160210000.0,160406000.0,159899000.0,160020000.0,63.67004079,dead,neutral,high,STABLE
2025-09-15 00:00:00,160017000.0,160199000.0,160000000.0,160118000.0,29.0520837,dead,neutral,normal,STABLE
2025-09-15 01:00:00,160118000.0,160498000.0,160025000.0,160475000.0,16.7967415,dead,neutral,normal,STABLE
2025-09-15 02:00:00,160475000.0,160671000.0,160276000.0,160401000.0,11.72929253,dead,neutral,low,STABLE
2025-09-15 03:00:00,160498000.0,160507000.0,160250000.0,160282000.0,3.62796349,dead,neutral,low,STABLE
2025-09-15 04:00:00,160281000.0,160682000.0,160202000.0,160680000.0,7.08092561,dead,neutral,low,STABLE
2025-09-15 05:00:00,160678000.0,160821000.0,160570000.0,160805000.0,14.27877907,golden,neutral,normal,STABLE
2025-09-15 06:00:00,160806000.0,161080000.0,160587000.0,161036000.0,44.93229845,golden,neutral,normal,STABLE
2025-09-15 07:00:00,161050000.0,161150000.0,160894000.0,161136000.0,40.80265068,golden,neutral,normal,DOWN
2025-09-15 08:00:00,161136000.0,161200000.0,160210000.0,160338000.0,52.44363716,golden,neutral,normal,STABLE
2025-09-15 09:00:00,160338000.0,160437000.0,160000000.0,160089000.0,69.68455602,golden,neutral,high,STABLE
2025-09-15 10:00:00,160059000.0,160230000.0,159721000.0,160132000.0,72.87522561,golden,neutral,high,STABLE
2025-09-15 11:00:00,160110000.0,160468000.0,160110000.0,160392000.0,34.0123744,dead,neutral,normal,STABLE
2025-09-15 12:00:00,160392000.0,160468000.0,160300000.0,160340000.0,26.41466525,dead,neutral,normal,UP
2025-09-15 13:00:00,160338000.0,161199000.0,160276000.0,161050000.0,79.48177565,dead,neutral,high,UP
2025-09-15 14:00:00,161046000.0,161550000.0,161015000.0,161550000.0,119.61890192,golden,neutral,high,STABLE
2025-09-15 15:00:00,161544000.0,161791000.0,161162000.0,161201000.0,80.56660277,golden,neutral,normal,STABLE
2025-09-15 16:00:00,161163000.0,161695000.0,160705000.0,160887000.0,69.93348964,golden,neutral,normal,DOWN
2025-09-15 17:00:00,160886000.0,161118000.0,159750000.0,159759000.0,161.15575652,golden,neutral,high,STABLE
2025-09-15 18:00:00,159759000.0,160435000.0,159650000.0,159881000.0,101.80035225,golden,neutral,normal,STABLE
2025-09-15 19:00:00,159880000.0,160166000.0,159850000.0,159960000.0,48.77764216,dead,neutral,normal,STABLE
2025-09-15 20:00:00,159962000.0,160437000.0,159866000.0,160377000.0,45.5663978,dead,neutral,normal,DOWN
2025-09-15 21:00:00,160400000.0,160427000.0,159850000.0,159885000.0,41.54283911,dead,neutral,normal,STABLE
2025-09-15 22:00:00,159885000.0,160219000.0,159582000.0,159835000.0,80.09215295,dead,neutral,normal,STABLE
2025-09-15 23:00:00,159794000.0,160100000.0,159500000.0,159928000.0,55.60923057,dead,neutral,normal,STABLE
2025-09-16 00:00:00,159918000.0,160159000.0,159501000.0,160090000.0,52.75057937,dead,neutral,normal,STABLE
2025-09-16 01:00:00,160090000.0,160177000.0,159831000.0,159958000.0,23.04490069,dead,neutral,low,STABLE
2025-09-16 02:00:00,159958000.0,160370000.0,159958000.0,160370000.0,16.73631101,dead,neutral,low,STABLE
2025-09-16 03:00:00,160334000.0,160765000.0,160296000.0,160750000.0,17.72025305,dead,neutral,low,STABLE
2025-09-16 04:00:00,160741000.0,160980000.0,160383000.0,160710000.0,29.31883383,golden,neutral,low,STABLE
2025-09-16 05:00:00,160710000.0,160952000.0,160582000.0,160800000.0,13.43431525,golden,neutral,low,STABLE
2025-09-16 06:00:00,160800000.0,160925000.0,160700000.0,160923000.0,22.58547978,golden,neutral,low,STABLE
2025-09-16 07:00:00,160923000.0,160945000.0,160550000.0,160710000.0,33.09531476,golden,neutral,normal,STABLE
2025-09-16 08:00:00,160705000.0,160899000.0,160601000.0,160705000.0,32.44692951,golden,neutral,normal,STABLE
2025-09-16 09:00:00,160705000.0,160766000.0,160247000.0,160270000.0,40.5971202,golden,neutral,normal,STABLE
2025-09-16 10:00:00,160270000.0,160853000.0,160251000.0,160400000.0,37.65407325,golden,neutral,normal,STABLE
2025-09-16 11:00:00,160400000.0,160500000.0,160280000.0,160370000.0,26.44219612,golden,neutral,normal,STABLE
2025-09-16 12:00:00,160280000.0,160658000.0,160280000.0,160530000.0,32.5099153,golden,neutral,normal,STABLE
2025-09-16 13:00:00,160528000.0,160657000.0,160125000.0,160629000.0,36.77093015,golden,neutral,normal,STABLE
2025-09-16 14:00:00,160629000.0,160990000.0,160549000.0,160963000.0,49.26324487,golden,neutral,normal,STABLE
2025-09-16 15:00:00,160962000.0,161064000.0,160627000.0,160884000.0,53.06573121,golden,neutral,normal,STABLE
2025-09-16 16:00:00,160884000.0,160963000.0,160857000.0,160938000.0,29.03805243,golden,neutral,normal,STABLE
2025-09-16 17:00:00,160904000.0,161000000.0,160800000.0,160900000.0,48.53041516,golden,neutral,normal,STABLE
2025-09-16 18:00:00,160900000.0,160925000.0,160650000.0,160691000.0,26.6099325,golden,neutral,normal,STABLE
2025-09-16 19:00:00,160691000.0,160801000.0,160600000.0,160672000.0,19.86789252,golden,neutral,normal,STABLE
2025-09-16 20:00:00,160672000.0,160729000.0,160500000.0,160551000.0,23.56204015,golden,neutral,normal,STABLE
2025-09-16 21:00:00,160553000.0,160800000.0,160520000.0,160800000.0,22.80943986,golden,neutral,normal,STABLE
2025-09-16 22:00:00,160800000.0,160817000.0,160173000.0,160565000.0,54.6014045,dead,neutral,normal,STABLE
2025-09-16 23:00:00,160565000.0,160800000.0,160277000.0,160800000.0,61.13024907,dead,neutral,normal,UP
2025-09-17 00:00:00,160799000.0,161346000.0,160463000.0,161346000.0,49.91782899,golden,neutral,normal,STABLE
2025-09-17 01:00:00,161346000.0,161500000.0,161100000.0,161438000.0,36.29601441,golden,neutral,normal,STABLE
2025-09-17 02:00:00,161475000.0,162201000.0,161437000.0,161736000.0,107.75239325,golden,neutral,high,STABLE
2025-09-17 03:00:00,161668000.0,162081000.0,161500000.0,161780000.0,18.50118602,golden,neutral,low,STABLE
2025-09-17 04:00:00,161650000.0,162201000.0,161635000.0,162198000.0,26.71119862,golden,overbought,normal,STABLE
2025-09-17 05:00:00,162109000.0,162314000.0,162052000.0,162229000.0,40.55953104,golden,overbought,normal,STABLE
2025-09-17 06:00:00,162228000.0,162300000.0,161875000.0,162120000.0,59.86096293,golden,neutral,normal,STABLE
2025-09-17 07:00:00,162115000.0,162334000.0,162000000.0,162248000.0,51.80816643,golden,overbought,normal,STABLE
2025-09-17 08:00:00,162248000.0,162299000.0,162113000.0,162167000.0,59.27505781,golden,neutral,normal,STABLE
2025-09-17 09:00:00,162200000.0,162299000.0,161886000.0,161886000.0,74.30350359,golden,neutral,normal,STABLE
2025-09-17 10:00:00,161900000.0,162000000.0,161783000.0,161987000.0,38.97538284,golden,neutral,normal,STABLE
2025-09-17 11:00:00,161986000.0,162309000.0,161901000.0,162071000.0,62.00641233,golden,neutral,normal,STABLE
2025-09-17 12:00:00,162070000.0,162080000.0,161774000.0,161774000.0,32.3263884,golden,neutral,normal,STABLE
2025-09-17 13:00:00,161773000.0,161872000.0,161720000.0,161810000.0,38.91352509,golden,neutral,normal,UP
2025-09-17 14:00:00,161802000.0,162856000.0,161802000.0,162856000.0,97.50739503,golden,overbought,normal,STABLE
2025-09-17 15:00:00,162848000.0,162999000.0,162600000.0,162953000.0,73.94990185,golden,overbought,normal,STABLE
2025-09-17 16:00:00,162952000.0,163000000.0,162843000.0,162988000.0,63.34577106,golden,overbought,normal,STABLE
2025-09-17 17:00:00,162988000.0,162990000.0,162319000.0,162610000.0,51.35300055,golden,neutral,normal,STABLE
2025-09-17 18:00:00,162608000.0,162624000.0,162344000.0,162381000.0,32.40492513,golden,neutral,normal,STABLE
2025-09-17 19:00:00,162346000.0,162381000.0,161957000.0,161973000.0,51.8964655,golden,neutral,normal,STABLE
2025-09-17 20:00:00,161973000.0,162167000.0,161900000.0,162095000.0,35.85027171,golden,neutral,normal,STABLE
2025-09-17 21:00:00,162065000.0,162536000.0,161930000.0,161980000.0,54.7621824,golden,neutral,normal,STABLE
2025-09-17 22:00:00,161979000.0,162190000.0,161723000.0,161978000.0,66.9726902,dead,neutral,normal,DOWN
2025-09-17 23:00:00,161920000.0,161979000.0,161088000.0,161413000.0,102.03496717,dead,neutral,normal,STABLE
2025-09-18 00:00:00,161407000.0,161580000.0,161213000.0,161499000.0,32.38399249,dead,neutral,normal,STABLE
2025-09-18 01:00:00,161439000.0,161537000.0,161000000.0,161200000.0,36.17029041,dead,neutral,normal,STABLE
2025-09-18 02:00:00,161200000.0,161899000.0,161096000.0,161271000.0,48.09566145,dead,neutral,normal,DOWN
2025-09-18 03:00:00,161114000.0,162127000.0,160210000.0,160711000.0,222.31271205,dead,neutral,high,STABLE
2025-09-18 04:00:00,160711000.0,161523000.0,160600000.0,161109000.0,64.75852856,dead,neutral,normal,STABLE
2025-09-18 05:00:00,161109000.0,161750000.0,160800000.0,160973000.0,57.37032676,dead,neutral,normal,STABLE
2025-09-18 06:00:00,160973000.0,161513000.0,160550000.0,161445000.0,42.2834709,dead,neutral,normal,UP
2025-09-18 07:00:00,161446000.0,162144000.0,161426000.0,161955000.0,112.3460231,dead,neutral,normal,DOWN
2025-09-18 08:00:00,161955000.0,162400000.0,161383000.0,161468000.0,138.41697849,dead,neutral,normal,STABLE
2025-09-18 09:00:00,161468000.0,161704000.0,161372000.0,161502000.0,97.17907897,dead,neutral,normal,STABLE
2025-09-18 10:00:00,161502000.0,162108000.0,161502000.0,161958000.0,61.52433705,dead,neutral,normal,STABLE
2025-09-18 11:00:00,161955000.0,162221000.0,161717000.0,162219000.0,48.48382953,golden,neutral,normal,UP
2025-09-18 12:00:00,162219000.0,163300000.0,162204000.0,162920000.0,214.98498326,golden,neutral,high,STABLE
2025-09-18 13:00:00,162912000.0,163172000.0,162666000.0,163050000.0,84.9435518,golden,neutral,normal,STABLE
2025-09-18 14:00:00,163050000.0,163132000.0,162721000.0,162801000.0,60.13813662,golden,neutral,normal,STABLE
2025-09-18 15:00:00,162819000.0,162896000.0,162265000.0,162609000.0,59.33219732,golden,neutral,normal,STABLE
2025-09-18 16:00:00,162610000.0,162816000.0,162530000.0,162531000.0,31.61735617,golden,neutral,low,STABLE
2025-09-18 17:00:00,162530000.0,162820000.0,162521000.0,162620000.0,35.29014931,golden,neutral,low,STABLE
2025-09-18 18:00:00,162657000.0,162812000.0,162616000.0,162766000.0,46.72663663,golden,neutral,normal,STABLE
2025-09-18 19:00:00,162784000.0,163000000.0,162500000.0,162701000.0,182.29339149,golden,neutral,high,STABLE
2025-09-18 20:00:00,162701000.0,162856000.0,162529000.0,162541000.0,64.18776183,golden,neutral,normal,STABLE
2025-09-18 21:00:00,162541000.0,162721000.0,162350000.0,162606000.0,61.97066007,golden,neutral,normal,STABLE
2025-09-18 22:00:00,162634000.0,163210000.0,162519000.0,162966000.0,153.11428981,golden,neutral,normal,STABLE
2025-09-18 23:00:00,162964000.0,163333000.0,162964000.0,163205000.0,148.99461297,golden,neutral,normal,STABLE
2025-09-19 00:00:00,163205000.0,163302000.0,162825000.0,163001000.0,94.81503518,golden,neutral,normal,STABLE
2025-09-19 01:00:00,163000000.0,163198000.0,162891000.0,163067000.0,48.81299118,golden,neutral,normal,STABLE
2025-09-19 02:00:00,162999000.0,163143000.0,162862000.0,162952000.0,30.13622847,golden,neutral,low,STABLE
2025-09-19 03:00:00,162952000.0,163276000.0,162877000.0,163246000.0,22.56658893,golden,neutral,low,STABLE
2025-09-19 04:00:00,163170000.0,163261000.0,162730000.0,162950000.0,19.34943327,golden,neutral,low,STABLE
2025-09-19 05:00:00,162929000.0,163195000.0,162832000.0,163099000.0,15.98969374,golden,neutral,low,STABLE
2025-09-19 06:00:00,163099000.0,163122000.0,162804000.0,162812000.0,23.29248406,golden,neutral,low,STABLE
2025-09-19 07:00:00,162812000.0,162840000.0,162539000.0,162545000.0,47.69213518,golden,neutral,normal,STABLE
2025-09-19 08:00:00,162544000.0,162549000.0,162050000.0,162478000.0,85.34789454,dead,neutral,normal,STABLE
2025-09-19 09:00:00,162478000.0,162929000.0,162452000.0,162906000.0,74.43352915,dead,neutral,normal,STABLE
2025-09-19 10:00:00,162905000.0,163000000.0,162724000.0,162863000.0,89.52269892,dead,neutral,normal,STABLE
2025-09-19 11:00:00,162870000.0,162912000.0,162750000.0,162881000.0,65.40061449,dead,neutral,normal,STABLE
2025-09-19 12:00:00,162881000.0,163030000.0,162660000.0,162847000.0,83.8890041,dead,neutral,normal,STABLE
2025-09-19 13:00:00,162847000.0,162970000.0,162500000.0,162885000.0,97.55427309,golden,neutral,normal,STABLE
2025-09-19 14:00:00,162885000.0,162885000.0,162689000.0,162849000.0,60.56347134,dead,neutral,normal,STABLE
2025-09-19 15:00:00,162833000.0,162850000.0,162535000.0,162669000.0,60.36216028,dead,neutral,normal,STABLE
2025-09-19 16:00:00,162608000.0,162907000.0,162608000.0,162787000.0,42.12383234,dead,neutral,normal,STABLE
2025-09-19 17:00:00,162759000.0,163080000.0,162755000.0,162939000.0,56.20264755,dead,neutral,normal,STABLE
2025-09-19 18:00:00,162939000.0,162949000.0,162535000.0,162536000.0,47.34495724,dead,neutral,normal,STABLE
2025-09-19 19:00:00,162536000.0,162542000.0,162310000.0,162342000.0,63.35067521,dead,neutral,normal,STABLE
2025-09-19 20:00:00,162342000.0,162395000.0,162084000.0,162274000.0,65.07486263,dead,neutral,normal,STABLE
2025-09-19 21:00:00,162271000.0,162666000.0,162100000.0,162116000.0,76.01138166,dead,neutral,normal,STABLE
2025-09-19 22:00:00,162115000.0,162496000.0,162069000.0,162315000.0,77.85944338,dead,neutral,normal,STABLE
2025-09-19 23:00:00,162315000.0,162492000.0,161844000.0,161972000.0,101.15198583,dead,neutral,normal,STABLE
2025-09-20 00:00:00,161924000.0,162233000.0,161510000.0,162221000.0,90.51455348,dead,neutral,normal,STABLE
2025-09-20 01:00:00,162221000.0,162269000.0,161980000.0,162251000.0,44.23093274,dead,neutral,normal,DOWN
2025-09-20 02:00:00,162251000.0,162269000.0,161639000.0,161737000.0,32.5622488,dead,neutral,low,STABLE
2025-09-20 03:00:00,161737000.0,162000000.0,161639000.0,161760000.0,17.5626183,dead,neutral,low,STABLE
2025-09-20 04:00:00,161760000.0,161873000.0,161500000.0,161501000.0,34.02870619,dead,neutral,normal,STABLE
2025-09-20 05:00:00,161501000.0,161904000.0,161500000.0,161787000.0,23.84118254,dead,neutral,low,STABLE
2025-09-20 06:00:00,161786000.0,162087000.0,161725000.0,161847000.0,23.59117926,dead,neutral,low,STABLE
2025-09-20 07:00:00,161847000.0,162120000.0,161845000.0,162106000.0,16.32638253,dead,neutral,low,STABLE
2025-09-20 08:00:00,162103000.0,162162000.0,161976000.0,162138000.0,45.74293924,dead,neutral,normal,STABLE
2025-09-20 09:00:00,162162000.0,162359000.0,162017000.0,162352000.0,48.49485848,dead,neutral,normal,STABLE
2025-09-20 10:00:00,162354000.0,162406000.0,162275000.0,162403000.0,36.30912072,dead,neutral,normal,STABLE
2025-09-20 11:00:00,162402000.0,162408000.0,162128000.0,162309000.0,45.60714578,golden,neutral,normal,STABLE
2025-09-20 12:00:00,162273000.0,162344000.0,162123000.0,162199000.0,30.9898299,golden,neutral,normal,STABLE
2025-09-20 13:00:00,162169000.0,162265000.0,162000000.0,162260000.0,27.1086566,golden,neutral,normal,STABLE
2025-09-20 14:00:00,162250000.0,162260000.0,162138000.0,162222000.0,30.30517371,golden,neutral,normal,STABLE
2025-09-20 15:00:00,162221000.0,162258000.0,162187000.0,162197000.0,20.6946309,golden,neutral,low,STABLE
2025-09-20 16:00:00,162189000.0,162435000.0,162150000.0,162420000.0,38.89001818,golden,neutral,normal,STABLE
2025-09-20 17:00:00,162420000.0,162486000.0,162307000.0,162353000.0,32.67627831,golden,neutral,normal,STABLE
2025-09-20 18:00:00,162342000.0,162410000.0,162254000.0,162287000.0,22.61594857,golden,neutral,normal,STABLE
2025-09-20 19:00:00,162287000.0,162436000.0,162250000.0,162309000.0,37.76768675,golden,neutral,normal,STABLE
2025-09-20 20:00:00,162301000.0,162459000.0,162278000.0,162403000.0,43.1063253,golden,neutral,normal,STABLE
2025-09-20 21:00:00,162403000.0,162485000.0,162300000.0,162317000.0,55.90233539,golden,neutral,normal,STABLE
2025-09-20 22:00:00,162317000.0,162390000.0,162308000.0,162385000.0,29.49786176,golden,neutral,normal,STABLE
2025-09-20 23:00:00,162385000.0,162433000.0,162317000.0,162357000.0,35.99438125,golden,neutral,normal,STABLE
2025-09-21 00:00:00,162350000.0,162432000.0,162281000.0,162285000.0,32.90513515,golden,neutral,normal,STABLE
2025-09-21 01:00:00,162289000.0,162344000.0,162150000.0,162299000.0,35.61648202,golden,neutral,normal,STABLE
2025-09-21 02:00:00,162289000.0,162321000.0,162100000.0,162129000.0,22.61174408,golden,neutral,normal,STABLE
2025-09-21 03:00:00,162126000.0,162129000.0,162030000.0,162040000.0,12.80945328,dead,neutral,low,STABLE
2025-09-21 04:00:00,162038000.0,162129000.0,162038000.0,162089000.0,6.17025515,dead,neutral,low,STABLE
2025-09-21 05:00:00,162052000.0,162261000.0,162050000.0,162211000.0,9.76458564,dead,neutral,low,STABLE
2025-09-21 06:00:00,162180000.0,162372000.0,162150000.0,162300000.0,7.82866919,dead,neutral,low,STABLE
2025-09-21 07:00:00,162300000.0,162383000.0,162250000.0,162306000.0,11.43960224,dead,neutral,low,STABLE
2025-09-21 08:00:00,162306000.0,162390000.0,162210000.0,162236000.0,19.25924214,dead,neutral,normal,STABLE
2025-09-21 09:00:00,162236000.0,162239000.0,162000000.0,162059000.0,43.44883615,dead,neutral,normal,STABLE
2025-09-21 10:00:00,162059000.0,162062000.0,161871000.0,161880000.0,57.39775738,dead,neutral,normal,STABLE
2025-09-21 11:00:00,161880000.0,162035000.0,161810000.0,161956000.0,43.84524963,dead,neutral,normal,STABLE
2025-09-21 12:00:00,161948000.0,161959000.0,161859000.0,161883000.0,21.12747724,dead,neutral,normal,STABLE
2025-09-21 13:00:00,161886000.0,161902000.0,161675000.0,161675000.0,51.23249621,dead,neutral,normal,STABLE
2025-09-21 14:00:00,161676000.0,161758000.0,161664000.0,161670000.0,48.67678836,dead,neutral,normal,STABLE
2025-09-21 15:00:00,161670000.0,161811000.0,161667000.0,161710000.0,48.48341626,dead,neutral,normal,STABLE
2025-09-21 16:00:00,161708000.0,161985000.0,161701000.0,161981000.0,41.98308722,dead,neutral,normal,STABLE
2025-09-21 17:00:00,161983000.0,161995000.0,161678000.0,161776000.0,52.32498478,dead,neutral,normal,STABLE
2025-09-21 18:00:00,161757000.0,162190000.0,161732000.0,162188000.0,53.07664683,dead,neutral,normal,STABLE
2025-09-21 19:00:00,162187000.0,162190000.0,161983000.0,162021000.0,37.11616189,dead,neutral,normal,STABLE
2025-09-21 20:00:00,162020000.0,162110000.0,161960000.0,162077000.0,37.42489263,dead,neutral,normal,STABLE
2025-09-21 21:00:00,162077000.0,162110000.0,162055000.0,162096000.0,50.27421279,golden,neutral,normal,STABLE
2025-09-21 22:00:00,162096000.0,162099000.0,161800000.0,161824000.0,47.44067375,golden,neutral,normal,STABLE
2025-09-21 23:00:00,161824000.0,161859000.0,161599000.0,161600000.0,48.9012025,dead,neutral,normal,STABLE
2025-09-22 00:00:00,161600000.0,161600000.0,161500000.0,161567000.0,59.32037118,dead,neutral,normal,STABLE
2025-09-22 01:00:00,161569000.0,161602000.0,161501000.0,161517000.0,36.13567405,dead,neutral,normal,STABLE
2025-09-22 02:00:00,161520000.0,161900000.0,161510000.0,161898000.0,17.79906674,dead,neutral,low,STABLE
2025-09-22 03:00:00,161900000.0,161900000.0,161746000.0,161789000.0,6.89908418,dead,neutral,low,STABLE
2025-09-22 04:00:00,161793000.0,161801000.0,161500000.0,161710000.0,9.99602298,dead,neutral,low,STABLE
2025-09-22 05:00:00,161720000.0,161768000.0,161550000.0,161591000.0,13.40423494,dead,neutral,low,STABLE
2025-09-22 06:00:00,161599000.0,161642000.0,161500000.0,161524000.0,46.84416604,dead,neutral,normal,STABLE
2025-09-22 07:00:00,161525000.0,161730000.0,161500000.0,161695000.0,38.71843473,dead,neutral,normal,STABLE
2025-09-22 08:00:00,161695000.0,161696000.0,161372000.0,161412000.0,44.52692975,dead,neutral,normal,DOWN
2025-09-22 09:00:00,161410000.0,161631000.0,160750000.0,160924000.0,203.40596766,dead,neutral,high,DOWN
2025-09-22 10:00:00,160875000.0,160999000.0,160200000.0,160200000.0,164.19478177,dead,oversold,high,STABLE
2025-09-22 11:00:00,160200000.0,160832000.0,160176000.0,160248000.0,209.42466185,dead,oversold,high,UP
2025-09-22 12:00:00,160248000.0,160985000.0,160195000.0,160982000.0,103.36500288,dead,neutral,normal,STABLE
2025-09-22 13:00:00,160910000.0,161000000.0,160611000.0,160669000.0,61.26665106,dead,neutral,normal,STABLE
2025-09-22 14:00:00,160667000.0,160900000.0,160200000.0,160294000.0,73.05992988,dead,neutral,normal,DOWN
2025-09-22 15:00:00,160294000.0,160451000.0,159367000.0,159368000.0,617.46825237,dead,oversold,high,STABLE
2025-09-22 16:00:00,159368000.0,159841000.0,159000000.0,159082000.0,231.05800408,dead,oversold,high,UP
2025-09-22 17:00:00,159104000.0,159713000.0,159081000.0,159631000.0,125.99212776,dead,neutral,normal,STABLE
2025-09-22 18:00:00,159632000.0,159632000.0,159170000.0,159341000.0,110.1691522,dead,neutral,normal,STABLE
2025-09-22 19:00:00,159342000.0,159729000.0,159275000.0,159720000.0,90.1014396,dead,neutral,normal,STABLE
2025-09-22 20:00:00,159720000.0,159970000.0,159553000.0,159902000.0,120.39847448,dead,neutral,normal,STABLE
2025-09-22 21:00:00,159904000.0,159949000.0,159150000.0,159751000.0,190.52191563,dead,neutral,normal,UP
2025-09-22 22:00:00,159755000.0,160349000.0,159510000.0,160254000.0,256.02872362,dead,neutral,normal,STABLE
2025-09-22 23:00:00,160254000.0,160600000.0,160116000.0,160399000.0,207.23618613,dead,neutral,normal,STABLE
2025-09-23 00:00:00,160399000.0,160601000.0,160221000.0,160559000.0,41.02090177,dead,neutral,low,STABLE
2025-09-23 01:00:00,160559000.0,160604000.0,160284000.0,160334000.0,24.65425283,dead,neutral,low,STABLE
2025-09-23 02:00:00,160334000.0,160334000.0,159939000.0,159939000.0,29.10231791,golden,neutral,low,STABLE
2025-09-23 03:00:00,159939000.0,160500000.0,159851000.0,160108000.0,14.12990224,golden,neutral,low,STABLE
2025-09-23 04:00:00,160107000.0,160339000.0,159870000.0,160041000.0,19.55323231,golden,neutral,low,UP
2025-09-23 05:00:00,160001000.0,160692000.0,159780000.0,160573000.0,37.07570478,golden,neutral,low,STABLE
2025-09-23 06:00:00,160573000.0,161000000.0,160351000.0,161000000.0,37.18309248,golden,neutral,low,STABLE
2025-09-23 07:00:00,161000000.0,161010000.0,160519000.0,160590000.0,43.58863054,golden,neutral,low,STABLE
2025-09-23 08:00:00,160590000.0,160740000.0,160554000.0,160730000.0,48.73353914,golden,neutral,low,STABLE
2025-09-23 09:00:00,160731000.0,161101000.0,160419000.0,160522000.0,74.8801395,golden,neutral,normal,DOWN
2025-09-23 10:00:00,160522000.0,160522000.0,159551000.0,159551000.0,69.60576647,golden,neutral,normal,STABLE
2025-09-23 11:00:00,159560000.0,159888000.0,159079000.0,159269000.0,97.58361037,golden,neutral,normal,UP
2025-09-23 12:00:00,159269000.0,160058000.0,158668000.0,159878000.0,165.98152544,dead,neutral,normal,STABLE
2025-09-23 13:00:00,159879000.0,160076000.0,159200000.0,159800000.0,51.03742027,dead,neutral,normal,STABLE
2025-09-23 14:00:00,159777000.0,160411000.0,159777000.0,160100000.0,35.47013528,dead,neutral,low,STABLE
2025-09-23 15:00:00,160100000.0,160500000.0,160001000.0,160450000.0,40.3880121,dead,neutral,normal,STABLE
2025-09-23 16:00:00,160450000.0,160660000.0,160430000.0,160660000.0,37.37768998,dead,neutral,low,STABLE
2025-09-23 17:00:00,160654000.0,160980000.0,160637000.0,160980000.0,61.6568496,golden,neutral,normal,STABLE
2025-09-23 18:00:00,160980000.0,161350000.0,160822000.0,160869000.0,64.59520832,golden,neutral,normal,STABLE
2025-09-23 19:00:00,160869000.0,160870000.0,160550000.0,160663000.0,26.92464723,golden,neutral,normal,STABLE
2025-09-23 20:00:00,160664000.0,160819000.0,160274000.0,160754000.0,37.57527456,golden,neutral,normal,STABLE
2025-09-23 21:00:00,160734000.0,160754000.0,160499000.0,160665000.0,30.49811312,golden,neutral,normal,STABLE
2025-09-23 22:00:00,160665000.0,160685000.0,160311000.0,160499000.0,35.54722839,golden,neutral,normal,STABLE
2025-09-23 23:00:00,160499000.0,160887000.0,160171000.0,160308000.0,35.68929496,golden,neutral,normal,STABLE
2025-09-24 00:00:00,160305000.0,160628000.0,160102000.0,160442000.0,19.89325861,golden,neutral,low,STABLE
2025-09-24 01:00:00,160442000.0,160583000.0,160055000.0,160323000.0,23.24166954,golden,neutral,low,DOWN
2025-09-24 02:00:00,160323000.0,160405000.0,159520000.0,159544000.0,43.81459972,dead,neutral,normal,STABLE
2025-09-24 03:00:00,159544000.0,159883000.0,159285000.0,159400000.0,26.83460402,dead,neutral,normal,STABLE
2025-09-24 04:00:00,159400000.0,159664000.0,159200000.0,159388000.0,27.98522989,dead,neutral,normal,STABLE
2025-09-24 05:00:00,159239000.0,159849000.0,159209000.0,159849000.0,21.18264114,dead,neutral,low,STABLE
2025-09-24 06:00:00,159848000.0,160145000.0,159800000.0,160096000.0,23.33413208,dead,neutral,normal,STABLE
2025-09-24 07:00:00,160097000.0,160133000.0,159863000.0,160000000.0,18.60946181,dead,neutral,low,STABLE
2025-09-24 08:00:00,160000000.0,160042000.0,159572000.0,159679000.0,36.27702633,dead,neutral,normal,STABLE
2025-09-24 09:00:00,159680000.0,160187000.0,159569000.0,160090000.0,57.36858296,dead,neutral,normal,STABLE
2025-09-24 10:00:00,160081000.0,160224000.0,160007000.0,160135000.0,27.17635796,dead,neutral,normal,STABLE
2025-09-24 11:00:00,160125000.0,160201000.0,159678000.0,159963000.0,45.863954,dead,neutral,normal,DOWN
2025-09-24 12:00:00,159963000.0,159988000.0,159400000.0,159400000.0,53.51735166,dead,neutral,normal,STABLE
2025-09-24 13:00:00,159400000.0,160207000.0,159001000.0,159769000.0,113.30065046,dead,neutral,high,STABLE
2025-09-24 14:00:00,159759000.0,160190000.0,159754000.0,160059000.0,27.94317661,dead,neutral,normal,STABLE
2025-09-24 15:00:00,160059000.0,160200000.0,159999000.0,160000000.0,34.51258705,dead,neutral,normal,STABLE
2025-09-24 16:00:00,160000000.0,160177000.0,159870000.0,159898000.0,22.94104059,dead,neutral,normal,STABLE
2025-09-24 17:00:00,159891000.0,160018000.0,159700000.0,160001000.0,36.45472811,golden,neutral,normal,STABLE
2025-09-24 18:00:00,160001000.0,160196000.0,159847000.0,160074000.0,25.08374326,golden,neutral,normal,STABLE
2025-09-24 19:00:00,160074000.0,160500000.0,160000000.0,160499000.0,39.59246753,golden,neutral,normal,STABLE
2025-09-24 20:00:00,160497000.0,160729000.0,160201000.0,160450000.0,64.08048,golden,neutral,normal,STABLE
2025-09-24 21:00:00,160382000.0,160500000.0,160347000.0,160454000.0,38.51353432,golden,neutral,normal,STABLE
2025-09-24 22:00:00,160454000.0,160524000.0,160102000.0,160129000.0,42.57560236,golden,neutral,normal,UP
2025-09-24 23:00:00,160103000.0,161170000.0,160102000.0,161049000.0,93.67152502,golden,neutral,high,DOWN
2025-09-25 00:00:00,160962000.0,161198000.0,160505000.0,160558000.0,42.96238306,golden,neutral,normal,STABLE
2025-09-25 01:00:00,160638000.0,160978000.0,160350000.0,160963000.0,29.42715797,golden,neutral,normal,STABLE
2025-09-25 02:00:00,160963000.0,161200000.0,160810000.0,160965000.0,29.4360475,golden,neutral,normal,STABLE
2025-09-25 03:00:00,160967000.0,161100000.0,160633000.0,160739000.0,16.85570255,golden,neutral,low,STABLE
2025-09-25 04:00:00,160738000.0,160870000.0,160351000.0,160407000.0,16.24565915,golden,neutral,low,STABLE
2025-09-25 05:00:00,160407000.0,160865000.0,160402000.0,160819000.0,17.95555249,golden,neutral,low,STABLE
2025-09-25 06:00:00,160759000.0,160875000.0,160651000.0,160651000.0,23.91070573,golden,neutral,normal,STABLE
2025-09-25 07:00:00,160651000.0,161079000.0,160538000.0,160591000.0,41.15388886,golden,neutral,normal,STABLE
2025-09-25 08:00:00,160634000.0,160741000.0,160452000.0,160700000.0,49.09331735,golden,neutral,normal,STABLE
2025-09-25 09:00:00,160700000.0,161037000.0,160413000.0,160440000.0,98.85967264,golden,neutral,high,STABLE
2025-09-25 10:00:00,160579000.0,160948000.0,160223000.0,160459000.0,85.71029191,golden,neutral,high,STABLE
2025-09-25 11:00:00,160422000.0,160950000.0,160320000.0,160582000.0,53.41759813,golden,neutral,normal,STABLE
2025-09-25 12:00:00,160582000.0,160582000.0,160100000.0,160325000.0,67.65217655,dead,neutral,normal,STABLE
2025-09-25 13:00:00,160320000.0,160399000.0,159521000.0,159859000.0,129.27293634,dead,neutral,high,STABLE
2025-09-25 14:00:00,159792000.0,159999000.0,159563000.0,159629000.0,52.58989394,dead,neutral,normal,STABLE
2025-09-25 15:00:00,159629000.0,159800000.0,159600000.0,159651000.0,38.1761701,dead,neutral,normal,STABLE
2025-09-25 16:00:00,159651000.0,160000000.0,159578000.0,159959000.0,46.93715984,dead,neutral,normal,STABLE
2025-09-25 17:00:00,159929000.0,160150000.0,159926000.0,160001000.0,34.34418579,dead,neutral,normal,STABLE
2025-09-25 18:00:00,160000000.0,160400000.0,159880000.0,159891000.0,47.03176233,dead,neutral,normal,STABLE
2025-09-25 19:00:00,159880000.0,160127000.0,159815000.0,159945000.0,46.13768298,dead,neutral,normal,STABLE
2025-09-25 20:00:00,159944000.0,159985000.0,159500000.0,159505000.0,106.89371398,dead,neutral,high,STABLE
2025-09-25 21:00:00,159536000.0,160166000.0,159480000.0,159557000.0,214.38463183,dead,neutral,high,STABLE
2025-09-25 22:00:00,159557000.0,160224000.0,159231000.0,159607000.0,136.42277403,dead,neutral,high,STABLE
2025-09-25 23:00:00,159572000.0,160097000.0,159559000.0,159913000.0,61.39628674,dead,neutral,normal,STABLE
2025-09-26 00:00:00,159913000.0,159959000.0,159200000.0,159959000.0,65.06426684,dead,neutral,normal,STABLE
2025-09-26 01:00:00,159959000.0,160082000.0,159601000.0,159797000.0,29.17732981,dead,neutral,low,DOWN
2025-09-26 02:00:00,159773000.0,159800000.0,158500000.0,158616000.0,193.4921451,dead,neutral,high,STABLE
2025-09-26 03:00:00,158569000.0,158735000.0,158150000.0,158410000.0,105.09889872,dead,oversold,normal,STABLE
2025-09-26 04:00:00,158412000.0,158579000.0,158000000.0,158178000.0,96.19347579,dead,oversold,normal,STABLE
2025-09-26 05:00:00,158178000.0,158570000.0,158150000.0,158333000.0,53.38551518,dead,neutral,normal,STABLE
2025-09-26 06:00:00,158333000.0,158916000.0,158330000.0,158626000.0,78.21533329,dead,neutral,normal,STABLE
2025-09-26 07:00:00,158618000.0,158667000.0,158426000.0,158445000.0,74.14988693,dead,neutral,normal,STABLE
2025-09-26 08:00:00,158445000.0,158800000.0,158000000.0,158200000.0,158.65382657,dead,neutral,normal,UP
2025-09-26 09:00:00,158219000.0,158959000.0,158100000.0,158854000.0,104.2509752,dead,neutral,normal,STABLE
2025-09-26 10:00:00,158854000.0,159083000.0,158734000.0,159069000.0,63.75696018,dead,neutral,normal,STABLE
2025-09-26 11:00:00,159069000.0,159278000.0,159060000.0,159197000.0,61.14720673,dead,neutral,normal,STABLE
2025-09-26 12:00:00,159193000.0,159200000.0,158730000.0,159000000.0,44.9455953,dead,neutral,normal,DOWN
2025-09-26 13:00:00,159000000.0,159093000.0,158339000.0,158353000.0,57.79213944,dead,neutral,normal,STABLE
2025-09-26 14:00:00,158353000.0,158466000.0,157800000.0,157991000.0,101.9156096,dead,neutral,normal,STABLE
2025-09-26 15:00:00,157998000.0,158500000.0,157800000.0,157990000.0,72.6684345,dead,neutral,normal,STABLE
2025-09-26 16:00:00,157994000.0,158165000.0,157588000.0,157979000.0,80.07560859,dead,neutral,normal,STABLE
2025-09-26 17:00:00,157960000.0,158297000.0,157960000.0,158290000.0,39.91910974,dead,neutral,low,STABLE
2025-09-26 18:00:00,158290000.0,158478000.0,158210000.0,158476000.0,41.16313045,dead,neutral,normal,STABLE
2025-09-26 19:00:00,158476000.0,158479000.0,157922000.0,158220000.0,73.9791237,dead,neutral,normal,STABLE
2025-09-26 20:00:00,158220000.0,158399000.0,157946000.0,158307000.0,72.59999344,dead,neutral,normal,STABLE
2025-09-26 21:00:00,158314000.0,159039000.0,158119000.0,158542000.0,91.55444858,dead,neutral,normal,UP
2025-09-26 22:00:00,158556000.0,159305000.0,158406000.0,159300000.0,77.56444932,golden,neutral,normal,DOWN
2025-09-26 23:00:00,159300000.0,159307000.0,158441000.0,158467000.0,58.08260129,golden,neutral,normal,STABLE
2025-09-27 00:00:00,158451000.0,158982000.0,158400000.0,158500000.0,46.47495489,golden,neutral,normal,STABLE
2025-09-27 01:00:00,158500000.0,158929000.0,158000000.0,158031000.0,44.56682645,golden,neutral,normal,STABLE
2025-09-27 02:00:00,158060000.0,158486000.0,158000000.0,158020000.0,87.12544791,golden,neutral,normal,STABLE
2025-09-27 03:00:00,158020000.0,158480000.0,157753000.0,157775000.0,89.93668901,dead,neutral,normal,DOWN
2025-09-27 04:00:00,157775000.0,157798000.0,157100000.0,157170000.0,114.24024044,dead,neutral,normal,STABLE
2025-09-27 05:00:00,157203000.0,157513000.0,157120000.0,157475000.0,44.85459035,dead,neutral,normal,STABLE
2025-09-27 06:00:00,157471000.0,157760000.0,157353000.0,157537000.0,45.79824479,dead,neutral,normal,UP
2025-09-27 07:00:00,157562000.0,158099000.0,157391000.0,158046000.0,71.30277018,dead,neutral,normal,STABLE
2025-09-27 08:00:00,158047000.0,158287000.0,157833000.0,158128000.0,50.52636783,dead,neutral,normal,STABLE
2025-09-27 09:00:00,158129000.0,158250000.0,157912000.0,158174000.0,42.30635049,dead,neutral,normal,STABLE
2025-09-27 10:00:00,158203000.0,158250000.0,157740000.0,157787000.0,43.79676788,dead,neutral,normal,STABLE
2025-09-27 11:00:00,157787000.0,157836000.0,157581000.0,157650000.0,32.73350432,dead,neutral,normal,STABLE
2025-09-27 12:00:00,157650000.0,157917000.0,157589000.0,157603000.0,28.53701395,dead,neutral,low,STABLE
2025-09-27 13:00:00,157603000.0,157838000.0,157602000.0,157723000.0,15.61431924,dead,neutral,low,STABLE
2025-09-27 14:00:00,157722000.0,157760000.0,157549000.0,157550000.0,28.70174738,dead,neutral,low,STABLE
2025-09-27 15:00:00,157549000.0,157550000.0,157437000.0,157438000.0,24.07765169,dead,neutral,low,STABLE
2025-09-27 16:00:00,157438000.0,157438000.0,157238000.0,157252000.0,34.28598844,dead,neutral,normal,STABLE
2025-09-27 17:00:00,157245000.0,157253000.0,157156000.0,157240000.0,36.92179675,dead,neutral,normal,STABLE
2025-09-27 18:00:00,157240000.0,157334000.0,157126000.0,157275000.0,26.08708177,dead,neutral,normal,STABLE
2025-09-27 19:00:00,157284000.0,157463000.0,157150000.0,157459000.0,22.55460979,dead,neutral,low,STABLE
2025-09-27 20:00:00,157398000.0,157459000.0,157162000.0,157267000.0,22.39986646,dead,neutral,low,STABLE
2025-09-27 21:00:00,157267000.0,157337000.0,157166000.0,157318000.0,23.99937163,dead,neutral,normal,STABLE
2025-09-27 22:00:00,157318000.0,157379000.0,157301000.0,157351000.0,19.91516495,dead,neutral,low,STABLE
2025-09-27 23:00:00,157355000.0,157380000.0,157300000.0,157307000.0,55.56500817,dead,neutral,normal,STABLE
2025-09-28 00:00:00,157308000.0,157405000.0,157266000.0,157383000.0,28.44932735,dead,neutral,normal,STABLE
2025-09-28 01:00:00,157384000.0,157504000.0,157357000.0,157488000.0,16.8940174,dead,neutral,normal,STABLE
2025-09-28 02:00:00,157488000.0,157603000.0,157422000.0,157597000.0,12.69635672,dead,neutral,low,STABLE
2025-09-28 03:00:00,157597000.0,157603000.0,157458000.0,157534000.0,6.40855855,dead,neutral,low,STABLE
2025-09-28 04:00:00,157534000.0,157549000.0,157450000.0,157470000.0,6.84456736,golden,neutral,low,STABLE
2025-09-28 05:00:00,157470000.0,157581000.0,157401000.0,157458000.0,13.4935936,golden,neutral,normal,STABLE
2025-09-28 06:00:00,157458000.0,157582000.0,157400000.0,157531000.0,13.99579236,golden,neutral,normal,STABLE
2025-09-28 07:00:00,157548000.0,157900000.0,157531000.0,157628000.0,22.8325875,golden,neutral,normal,STABLE
2025-09-28 08:00:00,157604000.0,157899000.0,157604000.0,157895000.0,20.12903337,golden,neutral,normal,STABLE
2025-09-28 09:00:00,157892000.0,158060000.0,157750000.0,158008000.0,44.37069028,golden,neutral,normal,STABLE
2025-09-28 10:00:00,158009000.0,158077000.0,157750000.0,157753000.0,37.54334043,golden,neutral,normal,STABLE
2025-09-28 11:00:00,157750000.0,157900000.0,157700000.0,157788000.0,21.86401014,golden,neutral,normal,STABLE
2025-09-28 12:00:00,157789000.0,157879000.0,157735000.0,157772000.0,22.1806899,golden,neutral,normal,STABLE
2025-09-28 13:00:00,157772000.0,157878000.0,157687000.0,157688000.0,28.58153523,golden,neutral,normal,STABLE
2025-09-28 14:00:00,157692000.0,157732000.0,157559000.0,157657000.0,31.36193867,golden,neutral,normal,STABLE
2025-09-28 15:00:00,157657000.0,157831000.0,157610000.0,157742000.0,29.70727274,golden,neutral,normal,STABLE
2025-09-28 16:00:00,157741000.0,157839000.0,157660000.0,157778000.0,26.20028303,golden,neutral,normal,STABLE
2025-09-28 17:00:00,157778000.0,158037000.0,157759000.0,157984000.0,41.4257679,golden,neutral,normal,STABLE
2025-09-28 18:00:00,157985000.0,158087000.0,157850000.0,158069000.0,25.98982371,golden,neutral,normal,STABLE
2025-09-28 19:00:00,158069000.0,158087000.0,157673000.0,157785000.0,46.62463167,golden,neutral,normal,STABLE
2025-09-28 20:00:00,157724000.0,157800000.0,157615000.0,157754000.0,85.71323438,golden,neutral,high,STABLE
2025-09-28 21:00:00,157752000.0,158000000.0,157601000.0,157686000.0,270.97932359,golden,neutral,high,STABLE
2025-09-28 22:00:00,157689000.0,158010000.0,157689000.0,157951000.0,18.27474296,golden,neutral,low,STABLE
2025-09-28 23:00:00,157950000.0,158087000.0,157791000.0,158085000.0,21.62740941,golden,neutral,normal,STABLE
2025-09-29 00:00:00,158084000.0,158125000.0,157915000.0,158125000.0,22.79541284,golden,neutral,normal,STABLE
2025-09-29 01:00:00,158125000.0,158499000.0,158124000.0,158270000.0,25.27759891,golden,neutral,normal,STABLE
2025-09-29 02:00:00,158327000.0,158477000.0,158181000.0,158237000.0,12.41969338,golden,neutral,low,STABLE
2025-09-29 03:00:00,158312000.0,158318000.0,158125000.0,158300000.0,5.28556579,golden,neutral,low,STABLE
2025-09-29 04:00:00,158299000.0,158459000.0,158204000.0,158446000.0,5.0815615,golden,neutral,low,STABLE
2025-09-29 05:00:00,158446000.0,159139000.0,158446000.0,158888000.0,31.59110291,golden,overbought,normal,STABLE
2025-09-29 06:00:00,158891000.0,159081000.0,158528000.0,158898000.0,27.15028154,golden,overbought,normal,UP
2025-09-29 07:00:00,158932000.0,160300000.0,158915000.0,160199000.0,123.23265719,golden,overbought,high,STABLE
2025-09-29 08:00:00,160199000.0,160800000.0,160199000.0,160579000.0,109.86798096,golden,overbought,high,STABLE
2025-09-29 09:00:00,160579000.0,160825000.0,160106000.0,160517000.0,86.73379794,golden,overbought,normal,DOWN
2025-09-29 10:00:00,160403000.0,160517000.0,159561000.0,159719000.0,73.76846509,golden,neutral,normal,STABLE
2025-09-29 11:00:00,159719000.0,160042000.0,159587000.0,159626000.0,50.5186938,golden,neutral,normal,STABLE
2025-09-29 12:00:00,159626000.0,159959000.0,159500000.0,159958000.0,32.69063423,golden,neutral,normal,STABLE
2025-09-29 13:00:00,159958000.0,160010000.0,159751000.0,159889000.0,26.19362406,golden,neutral,low,STABLE
2025-09-29 14:00:00,159889000.0,159904000.0,159511000.0,159513000.0,30.9018219,golden,neutral,normal,STABLE
2025-09-29 15:00:00,159512000.0,159796000.0,159480000.0,159490000.0,27.11144789,golden,neutral,low,STABLE
2025-09-29 16:00:00,159490000.0,159508000.0,159300000.0,159508000.0,31.07490798,golden,neutral,normal,UP
2025-09-29 17:00:00,159506000.0,160287000.0,159505000.0,160001000.0,45.17246122,golden,neutral,normal,STABLE
2025-09-29 18:00:00,160001000.0,160500000.0,159977000.0,160300000.0,39.82190552,golden,neutral,normal,STABLE
2025-09-29 19:00:00,160269000.0,160384000.0,160110000.0,160175000.0,31.74026318,golden,neutral,normal,STABLE
2025-09-29 20:00:00,160175000.0,160520000.0,160110000.0,160519000.0,56.5449865,golden,neutral,normal,STABLE
2025-09-29 21:00:00,160518000.0,160988000.0,160393000.0,160548000.0,79.5444425,golden,neutral,normal,UP
2025-09-29 22:00:00,160513000.0,162643000.0,160499000.0,162299000.0,292.88844028,golden,overbought,high,UP
2025-09-29 23:00:00,162299000.0,163200000.0,161996000.0,162980000.0,259.26781404,golden,overbought,high,DOWN
2025-09-30 00:00:00,162980000.0,163030000.0,162187000.0,162303000.0,86.77791877,golden,overbought,normal,STABLE
2025-09-30 01:00:00,162304000.0,162700000.0,162283000.0,162303000.0,30.49774309,golden,overbought,low,UP
2025-09-30 02:00:00,162362000.0,162967000.0,162267000.0,162865000.0,37.75703087,golden,overbought,low,STABLE
2025-09-30 03:00:00,162865000.0,162999000.0,162653000.0,162913000.0,19.3195269,golden,overbought,low,STABLE
2025-09-30 04:00:00,162913000.0,163053000.0,162609000.0,162887000.0,41.89739031,golden,overbought,normal,STABLE
2025-09-30 05:00:00,162887000.0,163080000.0,162887000.0,163015000.0,28.76786662,golden,overbought,low,STABLE
2025-09-30 06:00:00,162942000.0,163050000.0,162631000.0,162819000.0,38.77476942,golden,overbought,normal,STABLE
2025-09-30 07:00:00,162734000.0,162829000.0,162235000.0,162458000.0,53.83847929,golden,neutral,normal,UP
2025-09-30 08:00:00,162458000.0,163000000.0,162450000.0,162976000.0,60.17212812,golden,overbought,normal,STABLE
2025-09-30 09:00:00,162976000.0,163500000.0,162558000.0,163437000.0,162.10179556,golden,overbought,high,STABLE
2025-09-30 10:00:00,163437000.0,163655000.0,163152000.0,163400000.0,114.76715574,golden,overbought,normal,STABLE
2025-09-30 11:00:00,163400000.0,163473000.0,163250000.0,163388000.0,47.28417247,golden,overbought,normal,STABLE
2025-09-30 12:00:00,163362000.0,163434000.0,163135000.0,163157000.0,58.88771998,golden,neutral,normal,STABLE
2025-09-30 13:00:00,163157000.0,163227000.0,162718000.0,162720000.0,57.91791263,golden,neutral,normal,STABLE
2025-09-30 14:00:00,162718000.0,162878000.0,162263000.0,162337000.0,68.01276404,golden,neutral,normal,STABLE
2025-09-30 15:00:00,162349000.0,162444000.0,162226000.0,162226000.0,53.86687641,golden,neutral,normal,STABLE
2025-09-30 16:00:00,162228000.0,162321000.0,162000000.0,162100000.0,50.54869349,dead,neutral,normal,STABLE
2025-09-30 17:00:00,162101000.0,162101000.0,161701000.0,161944000.0,57.70785128,dead,neutral,normal,DOWN
2025-09-30 18:00:00,161944000.0,161980000.0,161119000.0,161227000.0,81.55188447,dead,neutral,normal,STABLE
2025-09-30 19:00:00,161227000.0,161742000.0,161111000.0,161522000.0,73.8101931,dead,neutral,normal,STABLE
2025-09-30 20:00:00,161522000.0,162075000.0,161433000.0,161955000.0,43.68001845,dead,neutral,normal,STABLE
2025-09-30 21:00:00,161955000.0,162317000.0,161833000.0,161994000.0,36.96611474,dead,neutral,normal,STABLE
2025-09-30 22:00:00,161966000.0,162550000.0,161835000.0,162260000.0,53.75760116,dead,neutral,normal,STABLE
2025-09-30 23:00:00,162260000.0,162550000.0,161829000.0,162450000.0,39.25783075,dead,neutral,normal,STABLE
2025-10-01 00:00:00,162450000.0,162539000.0,162028000.0,162251000.0,29.48806578,dead,neutral,low,STABLE
2025-10-01 01:00:00,162251000.0,162499000.0,161958000.0,162000000.0,27.26587137,dead,neutral,low,UP
2025-10-01 02:00:00,162000000.0,162800000.0,161958000.0,162710000.0,20.91796925,dead,neutral,low,STABLE
2025-10-01 03:00:00,162710000.0,162882000.0,162450000.0,162882000.0,13.74405839,golden,neutral,low,STABLE
2025-10-01 04:00:00,162876000.0,163561000.0,162873000.0,163360000.0,54.08049818,golden,neutral,normal,STABLE
2025-10-01 05:00:00,163360000.0,163561000.0,163028000.0,163519000.0,44.23163653,golden,neutral,normal,DOWN
2025-10-01 06:00:00,163519000.0,163629000.0,162888000.0,162968000.0,69.46400249,golden,neutral,normal,STABLE
2025-10-01 07:00:00,162968000.0,163164000.0,162652000.0,162777000.0,51.40074727,golden,neutral,normal,STABLE
2025-10-01 08:00:00,162775000.0,162831000.0,162413000.0,162828000.0,36.97321812,golden,neutral,normal,UP
2025-10-01 09:00:00,162828000.0,163400000.0,162789000.0,163398000.0,74.10576803,golden,neutral,normal,STABLE
2025-10-01 10:00:00,163398000.0,163628000.0,163163000.0,163602000.0,77.61719615,golden,neutral,normal,STABLE
2025-10-01 11:00:00,163603000.0,163603000.0,163220000.0,163220000.0,62.13353769,golden,neutral,normal,STABLE
2025-10-01 12:00:00,163262000.0,163600000.0,163093000.0,163270000.0,80.94592195,golden,neutral,normal,STABLE
2025-10-01 13:00:00,163266000.0,164000000.0,163250000.0,163683000.0,139.10693962,golden,neutral,high,STABLE
2025-10-01 14:00:00,163570000.0,163991000.0,163565000.0,163699000.0,46.82953104,golden,neutral,normal,STABLE
2025-10-01 15:00:00,163699000.0,163760000.0,163395000.0,163397000.0,48.49363798,golden,neutral,normal,STABLE
2025-10-01 16:00:00,163397000.0,163776000.0,163381000.0,163711000.0,43.09973579,golden,neutral,normal,UP
2025-10-01 17:00:00,163711000.0,165514000.0,163679000.0,165117000.0,319.24693019,golden,overbought,high,STABLE
2025-10-01 18:00:00,165072000.0,165706000.0,164900000.0,165315000.0,163.88759691,golden,overbought,high,STABLE
2025-10-01 19:00:00,165315000.0,165451000.0,165000000.0,165174000.0,93.79826128,golden,overbought,normal,UP
2025-10-01 20:00:00,165173000.0,165780000.0,165165000.0,165727000.0,84.34103548,golden,overbought,normal,STABLE
2025-10-01 21:00:00,165724000.0,165913000.0,165252000.0,165282000.0,122.83841102,golden,neutral,normal,UP
2025-10-01 22:00:00,165253000.0,165850000.0,165236000.0,165810000.0,77.19208854,golden,overbought,normal,STABLE
2025-10-01 23:00:00,165810000.0,166512000.0,165783000.0,166295000.0,205.68017668,golden,overbought,high,STABLE
2025-10-02 00:00:00,166284000.0,166800000.0,166197000.0,166610000.0,91.22382156,golden,overbought,normal,UP
2025-10-02 01:00:00,166610000.0,167746000.0,166610000.0,167125000.0,146.69340843,golden,overbought,normal,DOWN
2025-10-02 02:00:00,167120000.0,167220000.0,165917000.0,165918000.0,63.95287948,golden,neutral,normal,UP
2025-10-02 03:00:00,165917000.0,166505000.0,165867000.0,166499000.0,33.35715815,golden,neutral,low,STABLE
2025-10-02 04:00:00,166499000.0,166800000.0,166399000.0,166671000.0,23.59139388,golden,neutral,low,STABLE
2025-10-02 05:00:00,166517000.0,166682000.0,166264000.0,166660000.0,26.18604497,golden,neutral,low,STABLE
2025-10-02 06:00:00,166617000.0,166997000.0,166617000.0,166966000.0,49.38232331,golden,neutral,normal,UP
2025-10-02 07:00:00,166954000.0,167570000.0,166950000.0,167561000.0,101.92174234,golden,overbought,normal,UP
2025-10-02 08:00:00,167561000.0,168429000.0,167450000.0,168424000.0,215.90795035,golden,overbought,high,DOWN
2025-10-02 09:00:00,168424000.0,169495000.0,167761000.0,167851000.0,423.41254478,golden,neutral,high,UP
2025-10-02 10:00:00,167851000.0,168691000.0,167709000.0,168420000.0,184.08209088,golden,overbought,normal,STABLE
2025-10-02 11:00:00,168420000.0,168783000.0,168317000.0,168783000.0,84.17245014,golden,overbought,normal,STABLE
2025-10-02 12:00:00,168780000.0,169258000.0,168780000.0,168786000.0,113.64762143,golden,overbought,normal,STABLE
2025-10-02 13:00:00,168785000.0,169180000.0,168335000.0,168649000.0,89.3627834,golden,overbought,normal,DOWN
2025-10-02 14:00:00,168642000.0,168698000.0,167944000.0,167944000.0,82.26680516,golden,neutral,normal,STABLE
2025-10-02 15:00:00,167943000.0,168250000.0,167768000.0,168200000.0,84.51839533,golden,neutral,normal,STABLE
2025-10-02 16:00:00,168196000.0,168221000.0,167950000.0,168062000.0,57.85662666,golden,neutral,normal,STABLE
2025-10-02 17:00:00,168062000.0,168670000.0,167954000.0,168519000.0,67.5327405,golden,neutral,normal,STABLE
2025-10-02 18:00:00,168519000.0,168700000.0,168280000.0,168694000.0,66.82428815,golden,neutral,normal,STABLE
2025-10-02 19:00:00,168700000.0,168854000.0,168515000.0,168515000.0,39.679698,golden,neutral,low,STABLE
2025-10-02 20:00:00,168515000.0,168520000.0,168295000.0,168511000.0,49.77314589,golden,neutral,low,UP
2025-10-02 21:00:00,168510000.0,169325000.0,168500000.0,169325000.0,102.15347197,golden,overbought,normal,UP
2025-10-02 22:00:00,169325000.0,170000000.0,169095000.0,169986000.0,233.08110273,golden,overbought,high,DOWN
2025-10-02 23:00:00,169986000.0,170000000.0,168930000.0,169087000.0,244.93832479,golden,neutral,high,UP
2025-10-03 00:00:00,169087000.0,170080000.0,168690000.0,170078000.0,192.72353006,golden,neutral,normal,STABLE
2025-10-03 01:00:00,170078000.0,170420000.0,169513000.0,169704000.0,111.19057861,golden,neutral,normal,STABLE
2025-10-03 02:00:00,169704000.0,169900000.0,169294000.0,169889000.0,33.99585628,golden,neutral,low,UP
2025-10-03 03:00:00,169851000.0,170476000.0,169851000.0,170426000.0,52.4297983,golden,neutral,low,STABLE
2025-10-03 04:00:00,170426000.0,170903000.0,170316000.0,170750000.0,70.23772425,golden,overbought,normal,STABLE
2025-10-03 05:00:00,170748000.0,170864000.0,170288000.0,170640000.0,45.86267431,golden,neutral,low,STABLE
2025-10-03 06:00:00,170633000.0,170821000.0,170128000.0,170130000.0,61.21313835,golden,neutral,normal,STABLE
2025-10-03 07:00:00,170128000.0,170500000.0,170120000.0,170244000.0,61.9603356,golden,neutral,normal,STABLE
2025-10-03 08:00:00,170243000.0,170850000.0,170242000.0,170704000.0,81.65777511,golden,neutral,normal,DOWN
2025-10-03 09:00:00,170749000.0,170839000.0,169861000.0,169862000.0,120.02775657,golden,neutral,normal,STABLE
2025-10-03 10:00:00,169862000.0,169956000.0,169350000.0,169364000.0,128.00657458,golden,neutral,normal,UP
2025-10-03 11:00:00,169364000.0,170300000.0,169350000.0,170236000.0,69.55144106,golden,neutral,normal,STABLE
2025-10-03 12:00:00,170198000.0,170354000.0,170018000.0,170275000.0,65.94641464,golden,neutral,normal,STABLE
2025-10-03 13:00:00,170274000.0,170326000.0,170050000.0,170091000.0,33.19585941,golden,neutral,low,STABLE
2025-10-03 14:00:00,170091000.0,170091000.0,169700000.0,169999000.0,47.40854755,golden,neutral,normal,STABLE
2025-10-03 15:00:00,169997000.0,170120000.0,169817000.0,169965000.0,39.13414282,golden,neutral,low,STABLE
2025-10-03 16:00:00,169965000.0,170070000.0,169600000.0,169600000.0,39.90064379,dead,neutral,low,STABLE
2025-10-03 17:00:00,169600000.0,170001000.0,169100000.0,170001000.0,107.73171028,dead,neutral,normal,STABLE
2025-10-03 18:00:00,170001000.0,170500000.0,169975000.0,170499000.0,51.48810217,dead,neutral,normal,STABLE
2025-10-03 19:00:00,170500000.0,170960000.0,170390000.0,170947000.0,65.63305153,golden,neutral,normal,STABLE
2025-10-03 20:00:00,170947000.0,170990000.0,170396000.0,170892000.0,71.66686984,golden,neutral,normal,STABLE
2025-10-03 21:00:00,170893000.0,170897000.0,170545000.0,170860000.0,42.68208408,golden,neutral,normal,STABLE
2025-10-03 22:00:00,170860000.0,171086000.0,170597000.0,171044000.0,113.38723749,golden,neutral,normal,UP
2025-10-03 23:00:00,171044000.0,171641000.0,170373000.0,171614000.0,127.70861083,golden,neutral,normal,UP
2025-10-04 00:00:00,171614000.0,173000000.0,171380000.0,172999000.0,216.57051225,golden,overbought,high,STABLE
2025-10-04 01:00:00,172999000.0,174995000.0,172999000.0,173197000.0,387.42693274,golden,overbought,high,STABLE
2025-10-04 02:00:00,173197000.0,174396000.0,172357000.0,173120000.0,180.10574962,golden,overbought,normal,STABLE
2025-10-04 03:00:00,173120000.0,173742000.0,172396000.0,173397000.0,55.61693347,golden,overbought,normal,STABLE
2025-10-04 04:00:00,173397000.0,174000000.0,173332000.0,173875000.0,43.41530884,golden,overbought,low,STABLE
2025-10-04 05:00:00,173838000.0,173982000.0,173010000.0,173626000.0,40.89377517,golden,overbought,low,STABLE
2025-10-04 06:00:00,173600000.0,173629000.0,172788000.0,173303000.0,60.33516122,golden,overbought,normal,STABLE
2025-10-04 07:00:00,173240000.0,173974000.0,173201000.0,173728000.0,65.17976775,golden,overbought,normal,STABLE
2025-10-04 08:00:00,173721000.0,173728000.0,173390000.0,173460000.0,68.06788036,golden,neutral,normal,STABLE
2025-10-04 09:00:00,173460000.0,173674000.0,173000000.0,173207000.0,114.15516716,golden,neutral,normal,STABLE
2025-10-04 10:00:00,173207000.0,173300000.0,172673000.0,172851000.0,97.17529608,golden,neutral,normal,STABLE
2025-10-04 11:00:00,172851000.0,173145000.0,172723000.0,173049000.0,88.09744485,golden,neutral,normal,UP
2025-10-04 12:00:00,173011000.0,174000000.0,173010000.0,173987000.0,101.97236351,golden,neutral,normal,UP
2025-10-04 13:00:00,173987000.0,174565000.0,173896000.0,174553000.0,150.87876874,golden,overbought,normal,STABLE
2025-10-04 14:00:00,174554000.0,174774000.0,174138000.0,174310000.0,159.11575624,golden,neutral,normal,STABLE
2025-10-04 15:00:00,174306000.0,174391000.0,174015000.0,174089000.0,86.78790471,golden,neutral,normal,STABLE
2025-10-04 16:00:00,174089000.0,174098000.0,173766000.0,173959000.0,83.5502727,golden,neutral,normal,STABLE
2025-10-04 17:00:00,173948000.0,174454000.0,173870000.0,174317000.0,104.82522606,golden,neutral,normal,STABLE
2025-10-04 18:00:00,174312000.0,174521000.0,174240000.0,174324000.0,95.95175141,golden,neutral,normal,STABLE
2025-10-04 19:00:00,174304000.0,174522000.0,174302000.0,174336000.0,97.51515809,golden,neutral,normal,STABLE
2025-10-04 20:00:00,174332000.0,174496000.0,174240000.0,174295000.0,84.53431877,golden,neutral,normal,STABLE
2025-10-04 21:00:00,174290000.0,174450000.0,174155000.0,174175000.0,97.21980409,golden,neutral,normal,UP
2025-10-04 22:00:00,174165000.0,174745000.0,174164000.0,174729000.0,119.51135059,golden,neutral,normal,STABLE
2025-10-04 23:00:00,174729000.0,174769000.0,174436000.0,174521000.0,108.9334444,golden,neutral,normal,STABLE
2025-10-05 00:00:00,174521000.0,174658000.0,173990000.0,174259000.0,175.24206599,golden,neutral,normal,STABLE
2025-10-05 01:00:00,174266000.0,174549000.0,174043000.0,174114000.0,74.29475884,golden,neutral,normal,STABLE
2025-10-05 02:00:00,174152000.0,174310000.0,174067000.0,174190000.0,29.22658379,golden,neutral,low,STABLE
2025-10-05 03:00:00,174140000.0,174280000.0,173969000.0,174064000.0,40.81384795,golden,neutral,low,STABLE
2025-10-05 04:00:00,173978000.0,174556000.0,173977000.0,174471000.0,38.54480849,golden,neutral,low,STABLE
2025-10-05 05:00:00,174544000.0,174596000.0,174330000.0,174521000.0,27.94724307,golden,neutral,low,STABLE
2025-10-05 06:00:00,174521000.0,174990000.0,174464000.0,174942000.0,174.82227176,golden,neutral,normal,STABLE
2025-10-05 07:00:00,174827000.0,174980000.0,174769000.0,174868000.0,101.92182354,golden,neutral,normal,STABLE
2025-10-05 08:00:00,174868000.0,174987000.0,174819000.0,174964000.0,210.13309745,golden,neutral,high,STABLE
2025-10-05 09:00:00,174986000.0,174990000.0,174550000.0,174554000.0,94.8379679,golden,neutral,normal,STABLE
2025-10-05 10:00:00,174550000.0,174737000.0,174405000.0,174717000.0,64.61356414,golden,neutral,normal,UP
2025-10-05 11:00:00,174723000.0,176989000.0,174673000.0,176866000.0,403.92010255,golden,overbought,high,STABLE
2025-10-05 12:00:00,176866000.0,176947000.0,175700000.0,176341000.0,218.66494618,golden,neutral,normal,UP
2025-10-05 13:00:00,176348000.0,178499000.0,176335000.0,178015000.0,320.90283574,golden,overbought,high,STABLE
2025-10-05 14:00:00,178015000.0,178651000.0,177770000.0,178200000.0,331.24955974,golden,overbought,high,STABLE
2025-10-05 15:00:00,178150000.0,178364000.0,177793000.0,178068000.0,164.65415343,golden,overbought,normal,DOWN
2025-10-05 16:00:00,178068000.0,178095000.0,177200000.0,177391000.0,214.39294701,golden,neutral,normal,DOWN
2025-10-05 17:00:00,177391000.0,177391000.0,176839000.0,176839000.0,171.34761312,golden,neutral,normal,DOWN
2025-10-05 18:00:00,176839000.0,176900000.0,174297000.0,175004000.0,456.01476997,golden,neutral,high,STABLE
2025-10-05 19:00:00,175004000.0,175130000.0,174270000.0,175100000.0,203.32486292,golden,neutral,normal,UP
2025-10-05 20:00:00,175100000.0,176167000.0,175014000.0,176099000.0,184.30895937,golden,neutral,normal,STABLE
2025-10-05 21:00:00,176098000.0,176160000.0,175319000.0,175640000.0,79.68306696,dead,neutral,low,STABLE
2025-10-05 22:00:00,175654000.0,175963000.0,175529000.0,175746000.0,64.19013803,dead,neutral,low,STABLE
2025-10-05 23:00:00,175746000.0,175917000.0,175154000.0,175557000.0,70.69213709,dead,neutral,low,STABLE
2025-10-06 00:00:00,175557000.0,175590000.0,175204000.0,175293000.0,41.80673283,dead,neutral,low,UP
2025-10-06 01:00:00,175292000.0,176098000.0,174991000.0,176037000.0,72.40690209,dead,neutral,low,STABLE
2025-10-06 02:00:00,176015000.0,176250000.0,175721000.0,175895000.0,51.6849206,dead,neutral,low,STABLE
2025-10-06 03:00:00,175857000.0,176168000.0,175765000.0,176000000.0,29.54038808,dead,neutral,low,STABLE
2025-10-06 04:00:00,175974000.0,176149000.0,175563000.0,175767000.0,37.77497114,dead,neutral,low,STABLE
2025-10-06 05:00:00,175766000.0,176403000.0,175697000.0,175900000.0,37.54606183,dead,neutral,low,STABLE
2025-10-06 06:00:00,175900000.0,176100000.0,175655000.0,176080000.0,40.29337188,dead,neutral,low,UP
2025-10-06 07:00:00,176072000.0,176830000.0,176072000.0,176759000.0,117.50201308,dead,neutral,normal,STABLE
2025-10-06 08:00:00,176759000.0,177229000.0,176740000.0,177024000.0,296.46811083,dead,neutral,normal,STABLE
2025-10-06 09:00:00,177002000.0,178000000.0,176748000.0,177337000.0,191.67343703,golden,neutral,normal,STABLE
2025-10-06 10:00:00,177301000.0,178009000.0,177251000.0,177795000.0,130.78203367,golden,neutral,normal,STABLE
2025-10-06 11:00:00,177795000.0,177995000.0,177378000.0,177852000.0,103.09386234,golden,neutral,normal,STABLE
2025-10-06 12:00:00,177852000.0,177910000.0,177450000.0,177507000.0,72.32083647,golden,neutral,normal,STABLE
2025-10-06 13:00:00,177507000.0,177596000.0,177100000.0,177179000.0,75.69980045,golden,neutral,normal,STABLE
2025-10-06 14:00:00,177179000.0,177470000.0,176810000.0,177288000.0,98.95220852,golden,neutral,normal,STABLE
2025-10-06 15:00:00,177289000.0,177500000.0,177020000.0,177224000.0,89.87756571,golden,neutral,normal,STABLE
2025-10-06 16:00:00,177224000.0,177299000.0,176500000.0,176753000.0,114.40999548,golden,neutral,normal,STABLE
2025-10-06 17:00:00,176754000.0,177179000.0,176749000.0,177011000.0,83.44426409,golden,neutral,normal,STABLE
2025-10-06 18:00:00,177007000.0,177180000.0,176880000.0,177060000.0,64.25211342,golden,neutral,normal,STABLE
2025-10-06 19:00:00,177023000.0,177304000.0,176920000.0,177156000.0,62.29362522,golden,neutral,normal,STABLE
2025-10-06 20:00:00,177156000.0,177626000.0,176909000.0,177379000.0,96.276693,golden,neutral,normal,STABLE
2025-10-06 21:00:00,177360000.0,177777000.0,177334000.0,177686000.0,112.91654101,golden,neutral,normal,STABLE
2025-10-06 22:00:00,177685000.0,178000000.0,177523000.0,177996000.0,196.61406016,golden,neutral,normal,DOWN
2025-10-06 23:00:00,177999000.0,178307000.0,177400000.0,177458000.0,211.89636392,golden,neutral,normal,STABLE
2025-10-07 00:00:00,177458000.0,178164000.0,177410000.0,177593000.0,106.83032601,golden,neutral,normal,UP
2025-10-07 01:00:00,177593000.0,178200000.0,177500000.0,178162000.0,66.16843827,golden,neutral,normal,STABLE
2025-10-07 02:00:00,178162000.0,178430000.0,177736000.0,177874000.0,72.46470295,golden,neutral,normal,UP
2025-10-07 03:00:00,177874000.0,178790000.0,177613000.0,178629000.0,89.76871258,golden,neutral,normal,DOWN
2025-10-07 04:00:00,178584000.0,178782000.0,177850000.0,177865000.0,56.91308945,golden,neutral,normal,STABLE
2025-10-07 05:00:00,177967000.0,178086000.0,177660000.0,177896000.0,65.87862345,golden,neutral,normal,STABLE
2025-10-07 06:00:00,177805000.0,177970000.0,177300000.0,177797000.0,87.25528213,golden,neutral,normal,STABLE
2025-10-07 07:00:00,177751000.0,178107000.0,177712000.0,177931000.0,64.61342045,golden,neutral,normal,STABLE
2025-10-07 08:00:00,177931000.0,178012000.0,177536000.0,177536000.0,297.17641474,golden,neutral,high,UP
2025-10-07 09:00:00,177562000.0,178200000.0,177530000.0,178198000.0,101.59837902,golden,neutral,normal,STABLE
2025-10-07 10:00:00,178188000.0,178400000.0,177846000.0,178156000.0,99.19076687,golden,neutral,normal,DOWN
2025-10-07 11:00:00,178156000.0,178160000.0,177553000.0,177600000.0,88.54257302,golden,neutral,normal,STABLE
2025-10-07 12:00:00,177600000.0,177748000.0,177230000.0,177333000.0,118.13844615,golden,neutral,normal,STABLE
2025-10-07 13:00:00,177364000.0,177609000.0,177150000.0,177440000.0,106.88920075,golden,neutral,normal,STABLE
2025-10-07 14:00:00,177439000.0,177488000.0,177160000.0,177254000.0,82.40272996,dead,neutral,normal,STABLE
2025-10-07 15:00:00,177317000.0,177460000.0,176772000.0,176954000.0,138.45019223,dead,neutral,normal,STABLE
2025-10-07 16:00:00,176954000.0,177007000.0,176500000.0,176744000.0,170.05494482,dead,neutral,normal,STABLE
2025-10-07 17:00:00,176745000.0,177005000.0,176000000.0,176854000.0,212.27647767,dead,neutral,normal,STABLE
2025-10-07 18:00:00,176854000.0,177374000.0,176850000.0,177288000.0,83.62031574,dead,neutral,normal,STABLE
2025-10-07 19:00:00,177288000.0,177750000.0,177180000.0,177578000.0,76.89664014,dead,neutral,normal,STABLE
2025-10-07 20:00:00,177574000.0,177879000.0,177427000.0,177861000.0,84.46628069,dead,neutral,normal,STABLE
2025-10-07 21:00:00,177861000.0,178400000.0,177790000.0,178291000.0,134.65989201,dead,neutral,normal,DOWN
2025-10-07 22:00:00,178290000.0,178400000.0,176698000.0,177670000.0,224.63950166,golden,neutral,normal,DOWN
2025-10-07 23:00:00,177670000.0,177719000.0,176179000.0,176219000.0,233.33698982,golden,neutral,normal,DOWN
2025-10-08 00:00:00,176218000.0,176424000.0,174388000.0,175320000.0,442.70315703,dead,neutral,high,STABLE
2025-10-08 01:00:00,175363000.0,175837000.0,174385000.0,175344000.0,173.56056945,dead,neutral,normal,STABLE
2025-10-08 02:00:00,175330000.0,175505000.0,174840000.0,174981000.0,52.54722226,dead,neutral,low,STABLE
2025-10-08 03:00:00,174981000.0,175184000.0,174385000.0,174965000.0,65.58287869,dead,neutral,low,UP
2025-10-08 04:00:00,175000000.0,176326000.0,174965000.0,176168000.0,70.31933416,dead,neutral,normal,STABLE
2025-10-08 05:00:00,176190000.0,177000000.0,176081000.0,176688000.0,46.39669071,dead,neutral,low,STABLE
2025-10-08 06:00:00,176688000.0,177068000.0,176338000.0,176892000.0,66.14686931,dead,neutral,low,STABLE
2025-10-08 07:00:00,176892000.0,176999000.0,176480000.0,176785000.0,136.82769772,dead,neutral,normal,DOWN
2025-10-08 08:00:00,176790000.0,176796000.0,175460000.0,175460000.0,380.55664066,dead,neutral,high,UP
2025-10-08 09:00:00,175490000.0,177000000.0,175460000.0,176936000.0,179.54031848,dead,neutral,normal,STABLE
2025-10-08 10:00:00,176936000.0,177089000.0,176680000.0,177079000.0,86.3517228,golden,neutral,normal,STABLE
2025-10-08 11:00:00,177079000.0,177378000.0,176997000.0,177346000.0,81.39816485,golden,neutral,normal,DOWN
2025-10-08 12:00:00,177339000.0,177347000.0,176726000.0,176784000.0,84.27527228,golden,neutral,normal,STABLE
2025-10-08 13:00:00,176780000.0,177095000.0,176677000.0,176908000.0,58.67505021,golden,neutral,low,DOWN
2025-10-08 14:00:00,176908000.0,176988000.0,176010000.0,176186000.0,65.79300614,golden,neutral,low,UP
2025-10-08 15:00:00,176186000.0,176907000.0,176000000.0,176813000.0,62.47509869,golden,neutral,low,STABLE
2025-10-08 16:00:00,176807000.0,176964000.0,176400000.0,176563000.0,56.51419283,golden,neutral,low,UP
2025-10-08 17:00:00,176563000.0,177952000.0,176539000.0,177622000.0,171.01281016,golden,neutral,normal,STABLE
2025-10-08 18:00:00,177622000.0,178000000.0,177621000.0,177773000.0,99.14297311,golden,neutral,normal,UP
2025-10-08 19:00:00,177811000.0,178395000.0,177773000.0,178311000.0,148.36326604,golden,neutral,normal,STABLE
2025-10-08 20:00:00,178310000.0,178425000.0,178081000.0,178232000.0,118.94956203,golden,neutral,normal,STABLE
2025-10-08 21:00:00,178252000.0,178325000.0,177699000.0,177700000.0,78.04230457,golden,neutral,normal,STABLE
2025-10-08 22:00:00,177700000.0,177978000.0,176868000.0,177949000.0,114.10591953,golden,neutral,normal,STABLE
2025-10-08 23:00:00,177949000.0,178498000.0,177209000.0,177527000.0,147.99521776,golden,neutral,normal,STABLE
2025-10-09 00:00:00,177527000.0,177787000.0,177150000.0,177417000.0,51.49014649,golden,neutral,low,UP
2025-10-09 01:00:00,177405000.0,178206000.0,177341000.0,178163000.0,74.81289719,golden,neutral,normal,STABLE
2025-10-09 02:00:00,178165000.0,178601000.0,178005000.0,178600000.0,162.08384363,golden,neutral,normal,DOWN
2025-10-09 03:00:00,178600000.0,178617000.0,177859000.0,177963000.0,51.93191719,golden,neutral,low,STABLE
2025-10-09 04:00:00,177962000.0,178201000.0,177648000.0,177852000.0,32.74829658,golden,neutral,low,DOWN
2025-10-09 05:00:00,177852000.0,178194000.0,177237000.0,177237000.0,41.59242697,golden,neutral,low,STABLE
2025-10-09 06:00:00,177241000.0,177873000.0,177216000.0,177685000.0,31.09033381,golden,neutral,low,STABLE
2025-10-09 07:00:00,177641000.0,177898000.0,177640000.0,177755000.0,31.1897577,golden,neutral,low,STABLE
2025-10-09 08:00:00,177755000.0,178140000.0,177616000.0,178011000.0,434.35432116,golden,neutral,high,STABLE
2025-10-09 09:00:00,177853000.0,178060000.0,177630000.0,177683000.0,71.27343982,golden,neutral,normal,STABLE
2025-10-09 10:00:00,177683000.0,177693000.0,177261000.0,177608000.0,92.27482677,golden,neutral,normal,DOWN
2025-10-09 11:00:00,177608000.0,177614000.0,176800000.0,176896000.0,161.11997394,dead,neutral,normal,STABLE
2025-10-09 12:00:00,176855000.0,177284000.0,176854000.0,177048000.0,63.26445421,dead,neutral,normal,STABLE
2025-10-09 13:00:00,177047000.0,177300000.0,176909000.0,177187000.0,50.01243529,dead,neutral,low,STABLE
2025-10-09 14:00:00,177103000.0,177229000.0,176900000.0,177227000.0,56.56056229,dead,neutral,normal,STABLE
2025-10-09 15:00:00,177200000.0,177448000.0,177087000.0,177263000.0,43.71372522,dead,neutral,low,STABLE
2025-10-09 16:00:00,177257000.0,177485000.0,177215000.0,177451000.0,45.48313601,dead,neutral,low,STABLE
2025-10-09 17:00:00,177451000.0,177663000.0,177000000.0,177002000.0,149.41254186,dead,neutral,normal,UP
2025-10-09 18:00:00,177002000.0,177774000.0,177000000.0,177652000.0,95.46046159,dead,neutral,normal,STABLE
2025-10-09 19:00:00,177652000.0,178070000.0,177386000.0,178043000.0,106.15499527,dead,neutral,normal,UP
2025-10-09 20:00:00,178048000.0,179000000.0,178040000.0,178737000.0,344.62590519,golden,neutral,high,UP
2025-10-09 21:00:00,178738000.0,179824000.0,178645000.0,179810000.0,293.60610362,golden,neutral,high,DOWN
2025-10-09 22:00:00,179810000.0,179869000.0,178499000.0,178551000.0,244.16067402,golden,neutral,high,DOWN
2025-10-09 23:00:00,178549000.0,178802000.0,177200000.0,177700000.0,269.46931371,golden,neutral,high,STABLE
2025-10-10 00:00:00,177702000.0,178037000.0,177230000.0,177645000.0,102.80306262,golden,neutral,normal,DOWN
2025-10-10 01:00:00,177540000.0,178000000.0,176496000.0,176640000.0,164.3864263,golden,neutral,normal,UP
2025-10-10 02:00:00,176545000.0,177401000.0,176496000.0,177401000.0,63.2692013,dead,neutral,low,STABLE
2025-10-10 03:00:00,177237000.0,177500000.0,176670000.0,177157000.0,33.78964443,dead,neutral,low,STABLE
2025-10-10 04:00:00,177028000.0,177661000.0,177026000.0,177574000.0,20.76613441,dead,neutral,low,STABLE
2025-10-10 05:00:00,177574000.0,177720000.0,177255000.0,177560000.0,21.77835441,dead,neutral,low,STABLE
2025-10-10 06:00:00,177565000.0,178094000.0,177550000.0,177914000.0,32.60197321,dead,neutral,low,STABLE
2025-10-10 07:00:00,177912000.0,177960000.0,177560000.0,177589000.0,64.49131129,dead,neutral,normal,STABLE
2025-10-10 08:00:00,177565000.0,177733000.0,177229000.0,177616000.0,234.89393962,dead,neutral,normal,STABLE
2025-10-10 09:00:00,177616000.0,178151000.0,177600000.0,178009000.0,81.9545754,golden,neutral,normal,STABLE
2025-10-10 10:00:00,178005000.0,178009000.0,177500000.0,177685000.0,55.31167064,golden,neutral,low,DOWN
2025-10-10 11:00:00,177685000.0,177718000.0,176995000.0,177079000.0,107.19105883,dead,neutral,normal,DOWN
2025-10-10 12:00:00,177079000.0,177259000.0,176535000.0,176535000.0,126.33376621,dead,neutral,normal,STABLE
2025-10-10 13:00:00,176534000.0,176890000.0,176502000.0,176548000.0,94.41081747,dead,neutral,normal,STABLE
2025-10-10 14:00:00,176546000.0,176950000.0,176300000.0,176799000.0,96.44293187,dead,neutral,normal,STABLE
2025-10-10 15:00:00,176792000.0,177434000.0,176729000.0,177000000.0,223.66192397,dead,neutral,normal,STABLE
2025-10-10 16:00:00,176972000.0,177115000.0,176800000.0,176819000.0,58.28348413,dead,neutral,low,STABLE
2025-10-10 17:00:00,176819000.0,177295000.0,176750000.0,177295000.0,35.47771247,dead,neutral,low,STABLE
2025-10-10 18:00:00,177294000.0,177446000.0,177000000.0,177048000.0,44.19051112,dead,neutral,low,STABLE
2025-10-10 19:00:00,177048000.0,177196000.0,176735000.0,177108000.0,42.23870191,dead,neutral,low,STABLE
2025-10-10 20:00:00,177100000.0,177171000.0,176919000.0,177060000.0,32.66690303,dead,neutral,low,STABLE
2025-10-10 21:00:00,177060000.0,177110000.0,176801000.0,176989000.0,41.72028286,dead,neutral,normal,STABLE
2025-10-10 22:00:00,176958000.0,178000000.0,176896000.0,177232000.0,116.66820608,dead,neutral,normal,DOWN
2025-10-10 23:00:00,177232000.0,177500000.0,176351000.0,176371000.0,88.55755974,dead,neutral,normal,STABLE
2025-10-11 00:00:00,176371000.0,176850000.0,175255000.0,176264000.0,505.56441307,dead,neutral,high,DOWN
2025-10-11 01:00:00,176193000.0,176250000.0,175000000.0,175000000.0,193.88439179,dead,neutral,normal,DOWN
2025-10-11 02:00:00,175000000.0,175180000.0,174000000.0,174150000.0,240.9162788,dead,oversold,normal,STABLE
2025-10-11 03:00:00,174105000.0,174559000.0,173902000.0,173981000.0,104.28363368,dead,oversold,normal,STABLE
2025-10-11 04:00:00,173981000.0,174183000.0,173000000.0,173541000.0,215.35934599,dead,oversold,normal,DOWN
2025-10-11 05:00:00,173551000.0,173702000.0,171000000.0,171872000.0,317.63376139,dead,oversold,high,UP
2025-10-11 06:00:00,171872000.0,173871000.0,165000000.0,172600000.0,2160.29699604,dead,oversold,high,UP
2025-10-11 07:00:00,172600000.0,174800000.0,169850000.0,173705000.0,1057.56833263,dead,neutral,high,DOWN
2025-10-11 08:00:00,173705000.0,174310000.0,170759000.0,172257000.0,759.32050632,dead,neutral,high,DOWN
2025-10-11 09:00:00,172180000.0,172896000.0,170215000.0,171030000.0,596.16798535,dead,oversold,normal,DOWN
2025-10-11 10:00:00,171030000.0,171321000.0,166500000.0,167034000.0,922.43977311,dead,oversold,high,UP
2025-10-11 11:00:00,167001000.0,173937000.0,166996000.0,172100000.0,697.8916608,dead,neutral,normal,STABLE
2025-10-11 12:00:00,172100000.0,172439000.0,170713000.0,172200000.0,309.13024632,dead,neutral,normal,STABLE
2025-10-11 13:00:00,172200000.0,172550000.0,170995000.0,172413000.0,143.88360106,dead,neutral,low,STABLE
2025-10-11 14:00:00,172413000.0,172448000.0,171187000.0,172107000.0,115.78294144,dead,neutral,low,DOWN
2025-10-11 15:00:00,172100000.0,172132000.0,170577000.0,170595000.0,106.04022357,dead,neutral,low,DOWN
2025-10-11 16:00:00,170595000.0,170596000.0,168596000.0,168854000.0,293.9281554,dead,neutral,normal,UP
2025-10-11 17:00:00,168854000.0,169788000.0,168766000.0,169558000.0,207.39805239,dead,neutral,low,STABLE
2025-10-11 18:00:00,169558000.0,170284000.0,169501000.0,169959000.0,114.85442198,dead,neutral,low,UP
2025-10-11 19:00:00,169900000.0,170884000.0,169896000.0,170834000.0,79.30728522,dead,neutral,low,STABLE
2025-10-11 20:00:00,170834000.0,171312000.0,170435000.0,171160000.0,91.36806443,dead,neutral,low,STABLE
2025-10-11 21:00:00,171160000.0,171639000.0,170686000.0,171635000.0,87.43103983,dead,neutral,low,STABLE
2025-10-11 22:00:00,171634000.0,172002000.0,171001000.0,171329000.0,107.56835223,dead,neutral,low,DOWN
2025-10-11 23:00:00,171320000.0,171330000.0,170507000.0,170549000.0,67.51537675,dead,neutral,low,STABLE
2025-10-12 00:00:00,170561000.0,171090000.0,170451000.0,170454000.0,61.11710646,dead,neutral,low,STABLE
2025-10-12 01:00:00,170451000.0,170899000.0,170110000.0,170499000.0,32.82210527,dead,neutral,low,STABLE
2025-10-12 02:00:00,170446000.0,171028000.0,170349000.0,170759000.0,20.01457639,dead,neutral,low,STABLE
2025-10-12 03:00:00,170758000.0,170901000.0,170682000.0,170841000.0,11.23499854,dead,neutral,low,STABLE
2025-10-12 04:00:00,170842000.0,171300000.0,170397000.0,171300000.0,45.48168089,golden,neutral,low,STABLE
2025-10-12 05:00:00,171300000.0,171500000.0,170100000.0,170794000.0,79.00835238,golden,neutral,low,STABLE
2025-10-12 06:00:00,170793000.0,170955000.0,170168000.0,170320000.0,78.22451063,dead,neutral,normal,STABLE
2025-10-12 07:00:00,170320000.0,170629000.0,169989000.0,170400000.0,79.94711866,dead,neutral,normal,STABLE
2025-10-12 08:00:00,170400000.0,170598000.0,170245000.0,170390000.0,68.13568363,dead,neutral,normal,DOWN
2025-10-12 09:00:00,170390000.0,170497000.0,169000000.0,169000000.0,144.70531895,dead,neutral,normal,STABLE
2025-10-12 10:00:00,169001000.0,169594000.0,168900000.0,168928000.0,131.61890855,dead,neutral,normal,DOWN
2025-10-12 11:00:00,168933000.0,169102000.0,168132000.0,168333000.0,224.75681196,dead,neutral,high,UP
2025-10-12 12:00:00,168249000.0,170100000.0,168222000.0,169819000.0,136.03309509,dead,neutral,normal,UP
2025-10-12 13:00:00,169825000.0,171932000.0,169714000.0,171040000.0,195.06339017,dead,neutral,high,STABLE
2025-10-12 14:00:00,171096000.0,171343000.0,170543000.0,171100000.0,70.4335081,dead,neutral,normal,STABLE
2025-10-12 15:00:00,171100000.0,171599000.0,170997000.0,171092000.0,69.15955599,dead,neutral,normal,STABLE
2025-10-12 16:00:00,171259000.0,171274000.0,170731000.0,170881000.0,66.23074091,golden,neutral,normal,STABLE
2025-10-12 17:00:00,170882000.0,171143000.0,170762000.0,170768000.0,44.34661553,golden,neutral,normal,STABLE
2025-10-12 18:00:00,170767000.0,171100000.0,170100000.0,171098000.0,62.33614568,golden,neutral,normal,STABLE
2025-10-12 19:00:00,171098000.0,171300000.0,170855000.0,170999000.0,49.13005933,golden,neutral,normal,STABLE
2025-10-12 20:00:00,170999000.0,171444000.0,170800000.0,171250000.0,63.43245025,golden,neutral,normal,STABLE
2025-10-12 21:00:00,171250000.0,171622000.0,170863000.0,171110000.0,88.98888216,golden,neutral,normal,STABLE
2025-10-12 22:00:00,171143000.0,171296000.0,170694000.0,170694000.0,60.49575407,golden,neutral,normal,UP
2025-10-12 23:00:00,170694000.0,172515000.0,170270000.0,171789000.0,252.15703075,golden,neutral,high,UP
2025-10-13 00:00:00,171747000.0,174549000.0,171677000.0,172526000.0,593.00452687,golden,neutral,high,STABLE
2025-10-13 01:00:00,172526000.0,173854000.0,172000000.0,172480000.0,248.95662526,golden,neutral,normal,DOWN
2025-10-13 02:00:00,172480000.0,172613000.0,171000000.0,171405000.0,193.16216611,golden,neutral,normal,STABLE
2025-10-13 03:00:00,171369000.0,171951000.0,171186000.0,171868000.0,70.4489871,golden,neutral,low,STABLE
2025-10-13 04:00:00,171868000.0,172475000.0,171711000.0,172379000.0,63.86254737,golden,neutral,low,UP
2025-10-13 05:00:00,172379000.0,173580000.0,172334000.0,173001000.0,135.93819713,golden,neutral,normal,STABLE
2025-10-13 06:00:00,173001000.0,173850000.0,172841000.0,173400000.0,111.62349801,golden,neutral,normal,UP
2025-10-13 07:00:00,173400000.0,174909000.0,173348000.0,174241000.0,224.24530872,golden,neutral,normal,STABLE
2025-10-13 08:00:00,174226000.0,174413000.0,173642000.0,173833000.0,135.06060604,golden,neutral,normal,UP
2025-10-13 09:00:00,173833000.0,175110000.0,173804000.0,174538000.0,187.92023696,golden,neutral,normal,STABLE
2025-10-13 10:00:00,174538000.0,175337000.0,174174000.0,175012000.0,141.3026812,golden,neutral,normal,STABLE
2025-10-13 11:00:00,175012000.0,175219000.0,174658000.0,174703000.0,95.82071626,golden,neutral,normal,DOWN
2025-10-13 12:00:00,174703000.0,174973000.0,173255000.0,173533000.0,144.47521913,golden,neutral,normal,STABLE
2025-10-13 13:00:00,173533000.0,173998000.0,172919000.0,173094000.0,114.47422176,golden,neutral,normal,STABLE
2025-10-13 14:00:00,173094000.0,173394000.0,172918000.0,173129000.0,60.41358259,golden,neutral,low,STABLE
2025-10-13 15:00:00,173129000.0,173920000.0,173000000.0,173516000.0,87.30237182,golden,neutral,normal,STABLE
2025-10-13 16:00:00,173514000.0,173699000.0,173108000.0,173680000.0,100.44331249,golden,neutral,normal,STABLE
2025-10-13 17:00:00,173650000.0,173762000.0,173166000.0,173248000.0,61.60455586,golden,neutral,low,STABLE
2025-10-13 18:00:00,173248000.0,173292000.0,172515000.0,172770000.0,92.96485699,golden,neutral,normal,STABLE
2025-10-13 19:00:00,172773000.0,172877000.0,172500000.0,172652000.0,61.89685035,dead,neutral,low,DOWN
2025-10-13 20:00:00,172652000.0,172699000.0,170778000.0,171947000.0,226.851607,dead,neutral,normal,STABLE
2025-10-13 21:00:00,171947000.0,172692000.0,171637000.0,172236000.0,75.09845382,dead,neutral,normal,UP
2025-10-13 22:00:00,172235000.0,173292000.0,172200000.0,173169000.0,85.67576982,dead,neutral,normal,DOWN
2025-10-13 23:00:00,173115000.0,173299000.0,171854000.0,172197000.0,96.21355944,dead,neutral,normal,STABLE
2025-10-14 00:00:00,172099000.0,172707000.0,171967000.0,172097000.0,53.93476511,dead,neutral,low,STABLE
2025-10-14 01:00:00,172098000.0,172979000.0,172002000.0,172241000.0,36.6012404,dead,neutral,low,STABLE
2025-10-14 02:00:00,172241000.0,172473000.0,171601000.0,172255000.0,60.18533651,dead,neutral,normal,STABLE
2025-10-14 03:00:00,172222000.0,172424000.0,171766000.0,172049000.0,67.39667078,dead,neutral,normal,STABLE
2025-10-14 04:00:00,172049000.0,172761000.0,171857000.0,172563000.0,98.48261067,dead,neutral,normal,STABLE
2025-10-14 05:00:00,172563000.0,172663000.0,171850000.0,172100000.0,61.76488798,dead,neutral,normal,STABLE
2025-10-14 06:00:00,172100000.0,172409000.0,171890000.0,172406000.0,59.43621437,dead,neutral,normal,STABLE
2025-10-14 07:00:00,172352000.0,172761000.0,172313000.0,172324000.0,66.32281999,dead,neutral,normal,DOWN
2025-10-14 08:00:00,172324000.0,172401000.0,171680000.0,171680000.0,106.57651507,dead,neutral,normal,STABLE
2025-10-14 09:00:00,171695000.0,172444000.0,171620000.0,171860000.0,100.28006668,dead,neutral,normal,DOWN
2025-10-14 10:00:00,171878000.0,171895000.0,170645000.0,170652000.0,158.77815329,dead,neutral,normal,STABLE
2025-10-14 11:00:00,170652000.0,170655000.0,170298000.0,170362000.0,140.96138366,dead,neutral,normal,STABLE
2025-10-14 12:00:00,170340000.0,170399000.0,169900000.0,169999000.0,212.91780992,dead,neutral,high,DOWN
2025-10-14 13:00:00,169999000.0,170000000.0,169000000.0,169217000.0,228.68785298,dead,oversold,high,STABLE
2025-10-14 14:00:00,169217000.0,170304000.0,168972000.0,168995000.0,178.39847441,dead,oversold,normal,UP
2025-10-14 15:00:00,168994000.0,169692000.0,168500000.0,169563000.0,188.53516146,dead,neutral,normal,STABLE
2025-10-14 16:00:00,169563000.0,170000000.0,169080000.0,169700000.0,122.29901963,dead,neutral,normal,STABLE
2025-10-14 17:00:00,169701000.0,169745000.0,169100000.0,169381000.0,97.43846334,dead,neutral,normal,STABLE
2025-10-14 18:00:00,169381000.0,169660000.0,168800000.0,168918000.0,71.61615454,dead,neutral,normal,STABLE
2025-10-14 19:00:00,169010000.0,169010000.0,168000000.0,168630000.0,224.62113132,dead,oversold,normal,UP
2025-10-14 20:00:00,168630000.0,169795000.0,168629000.0,169351000.0,89.01807678,dead,neutral,normal,STABLE
2025-10-14 21:00:00,169370000.0,169489000.0,168844000.0,169106000.0,63.01206371,dead,neutral,normal,STABLE
2025-10-14 22:00:00,169109000.0,169563000.0,168158000.0,169199000.0,140.97687749,dead,neutral,normal,STABLE
2025-10-14 23:00:00,169199000.0,170374000.0,168964000.0,169676000.0,99.85639527,dead,neutral,normal,UP
2025-10-15 00:00:00,169676000.0,170914000.0,169492000.0,170898000.0,79.13222383,dead,neutral,normal,DOWN
2025-10-15 01:00:00,170898000.0,171206000.0,169710000.0,169802000.0,118.13258136,dead,neutral,normal,STABLE
2025-10-15 02:00:00,169802000.0,170542000.0,169116000.0,170179000.0,60.93812033,dead,neutral,low,STABLE
2025-10-15 03:00:00,170179000.0,170934000.0,170007000.0,170178000.0,32.81530907,golden,neutral,low,STABLE
2025-10-15 04:00:00,170178000.0,170885000.0,169389000.0,170176000.0,30.1005195,golden,neutral,low,STABLE
2025-10-15 05:00:00,170310000.0,170323000.0,169616000.0,170279000.0,13.21973834,golden,neutral,low,STABLE
2025-10-15 06:00:00,170279000.0,170427000.0,170000000.0,170409000.0,21.20140935,golden,neutral,low,STABLE
2025-10-15 07:00:00,170409000.0,170800000.0,170048000.0,170482000.0,49.91975688,golden,neutral,low,STABLE
2025-10-15 08:00:00,170484000.0,170749000.0,170070000.0,170070000.0,33.48671755,golden,neutral,low,STABLE
2025-10-15 09:00:00,170109000.0,170600000.0,170050000.0,170530000.0,65.44505737,golden,neutral,normal,STABLE
2025-10-15 10:00:00,170530000.0,170600000.0,169901000.0,170167000.0,69.92076725,golden,neutral,normal,STABLE
2025-10-15 11:00:00,170168000.0,170740000.0,170072000.0,170400000.0,75.70111125,golden,neutral,normal,DOWN
2025-10-15 12:00:00,170400000.0,170418000.0,169270000.0,169320000.0,90.08823458,golden,neutral,normal,STABLE
2025-10-15 13:00:00,169319000.0,169570000.0,169076000.0,169524000.0,62.60354899,golden,neutral,normal,STABLE
2025-10-15 14:00:00,169524000.0,170000000.0,169388000.0,169484000.0,132.99997239,dead,neutral,normal,STABLE
2025-10-15 15:00:00,169484000.0,169543000.0,169000000.0,169227000.0,81.61146802,dead,neutral,normal,STABLE
2025-10-15 16:00:00,169226000.0,169516000.0,169035000.0,169182000.0,52.06616717,dead,neutral,normal,STABLE
2025-10-15 17:00:00,169182000.0,170038000.0,169044000.0,169604000.0,105.78944751,dead,neutral,normal,STABLE
2025-10-15 18:00:00,169604000.0,169871000.0,169258000.0,169621000.0,49.00514681,dead,neutral,normal,STABLE
2025-10-15 19:00:00,169516000.0,169640000.0,169055000.0,169154000.0,50.10873678,dead,neutral,normal,STABLE
2025-10-15 20:00:00,169156000.0,169500000.0,168800000.0,168800000.0,97.59424503,dead,neutral,normal,STABLE
2025-10-15 21:00:00,168801000.0,169000000.0,168500000.0,168818000.0,103.79267694,dead,neutral,normal,STABLE
2025-10-15 22:00:00,168817000.0,169300000.0,168220000.0,168730000.0,110.90140563,dead,neutral,normal,STABLE
2025-10-15 23:00:00,168727000.0,169440000.0,168185000.0,168472000.0,104.03710348,dead,neutral,normal,STABLE
2025-10-16 00:00:00,168472000.0,169160000.0,168001000.0,168499000.0,132.60412856,dead,neutral,normal,STABLE
2025-10-16 01:00:00,168499000.0,168930000.0,168247000.0,168400000.0,30.65044561,dead,neutral,low,UP
2025-10-16 02:00:00,168322000.0,169055000.0,168001000.0,168964000.0,40.50517339,dead,neutral,normal,STABLE
2025-10-16 03:00:00,168963000.0,169200000.0,168662000.0,169194000.0,16.91541472,dead,neutral,low,STABLE
2025-10-16 04:00:00,169085000.0,169553000.0,168775000.0,169553000.0,24.79871701,dead,neutral,low,STABLE
2025-10-16 05:00:00,169470000.0,170000000.0,169000000.0,169770000.0,56.82876447,dead,neutral,normal,STABLE
2025-10-16 06:00:00,169770000.0,170100000.0,169027000.0,169626000.0,64.63960009,golden,neutral,normal,DOWN
2025-10-16 07:00:00,169575000.0,169900000.0,169018000.0,169050000.0,43.44065503,golden,neutral,normal,DOWN
2025-10-16 08:00:00,169045000.0,169126000.0,168463000.0,168539000.0,62.27778439,golden,neutral,normal,STABLE
2025-10-16 09:00:00,168642000.0,168993000.0,168485000.0,168503000.0,74.56837183,golden,neutral,normal,UP
2025-10-16 10:00:00,168501000.0,169457000.0,168487000.0,169368000.0,55.74050791,dead,neutral,normal,STABLE
2025-10-16 11:00:00,169370000.0,169990000.0,169150000.0,169802000.0,67.55160112,dead,neutral,normal,STABLE
2025-10-16 12:00:00,169805000.0,170124000.0,169467000.0,169500000.0,52.44472104,golden,neutral,normal,DOWN
2025-10-16 13:00:00,169526000.0,169915000.0,168762000.0,168883000.0,56.27581556,golden,neutral,normal,STABLE
2025-10-16 14:00:00,168881000.0,169183000.0,168500000.0,168610000.0,68.20338133,golden,neutral,normal,UP
2025-10-16 15:00:00,168610000.0,169240000.0,168559000.0,169169000.0,47.22807605,golden,neutral,normal,DOWN
2025-10-16 16:00:00,169216000.0,169300000.0,168170000.0,168192000.0,93.08348508,dead,neutral,normal,STABLE
2025-10-16 17:00:00,168185000.0,168683000.0,168140000.0,168534000.0,59.75112107,dead,neutral,normal,STABLE
2025-10-16 18:00:00,168534000.0,169777000.0,168000000.0,168883000.0,208.10904618,dead,neutral,high,STABLE
2025-10-16 19:00:00,168947000.0,169316000.0,168615000.0,168978000.0,75.47164472,dead,neutral,normal,STABLE
2025-10-16 20:00:00,168998000.0,168999000.0,168177000.0,168633000.0,70.22149313,dead,neutral,normal,STABLE
2025-10-16 21:00:00,168569000.0,169250000.0,168500000.0,168723000.0,54.59776955,dead,neutral,normal,DOWN
2025-10-16 22:00:00,168700000.0,168728000.0,168000000.0,168146000.0,118.7858807,dead,neutral,normal,STABLE
2025-10-16 23:00:00,168147000.0,168890000.0,167300000.0,167683000.0,190.74226493,dead,neutral,high,DOWN
2025-10-17 00:00:00,167670000.0,168184000.0,166378000.0,166378000.0,250.02576443,dead,oversold,high,STABLE
2025-10-17 01:00:00,166377000.0,166556000.0,165000000.0,166489000.0,334.59397004,dead,neutral,high,DOWN
2025-10-17 02:00:00,166490000.0,166499000.0,165022000.0,165152000.0,107.7127083,dead,oversold,normal,UP
2025-10-17 03:00:00,165152000.0,165999000.0,164858000.0,165937000.0,185.8358886,dead,neutral,normal,STABLE
2025-10-17 04:00:00,165937000.0,166300000.0,165074000.0,165841000.0,93.30246254,dead,neutral,normal,STABLE
2025-10-17 05:00:00,165841000.0,166282000.0,165275000.0,165601000.0,63.74050267,dead,neutral,normal,STABLE
2025-10-17 06:00:00,165601000.0,166100000.0,165301000.0,166049000.0,77.85999071,dead,neutral,normal,DOWN
2025-10-17 07:00:00,166049000.0,166150000.0,165180000.0,165191000.0,107.23688557,dead,neutral,normal,STABLE
2025-10-17 08:00:00,165190000.0,165646000.0,165075000.0,165290000.0,105.64650151,dead,neutral,normal,UP
2025-10-17 09:00:00,165291000.0,166500000.0,165212000.0,166225000.0,123.35329898,dead,neutral,normal,STABLE
2025-10-17 10:00:00,166225000.0,166565000.0,165840000.0,166204000.0,95.21846763,dead,neutral,normal,STABLE
2025-10-17 11:00:00,166202000.0,166204000.0,165530000.0,166165000.0,89.07759955,dead,neutral,normal,STABLE
2025-10-17 12:00:00,166165000.0,166364000.0,166005000.0,166300000.0,58.14033533,dead,neutral,low,DOWN
2025-10-17 13:00:00,166300000.0,166300000.0,165549000.0,165598000.0,54.29750569,dead,neutral,low,DOWN
2025-10-17 14:00:00,165598000.0,165650000.0,165000000.0,165036000.0,98.20780988,dead,neutral,normal,DOWN
2025-10-17 15:00:00,165036000.0,165174000.0,162691000.0,162884000.0,521.5510161,dead,oversold,high,DOWN
2025-10-17 16:00:00,162884000.0,163010000.0,160610000.0,161138000.0,690.88063126,dead,oversold,high,STABLE
2025-10-17 17:00:00,161101000.0,161800000.0,160000000.0,160931000.0,595.09853143,dead,oversold,high,STABLE
2025-10-17 18:00:00,160931000.0,161989000.0,160830000.0,160873000.0,209.57756986,dead,oversold,normal,STABLE
2025-10-17 19:00:00,160873000.0,161116000.0,159671000.0,160900000.0,346.30322079,dead,oversold,normal,UP
2025-10-17 20:00:00,160900000.0,163281000.0,160797000.0,162500000.0,337.00776369,dead,neutral,normal,DOWN
2025-10-17 21:00:00,162500000.0,163176000.0,161854000.0,161854000.0,154.70025187,dead,neutral,normal,UP
2025-10-17 22:00:00,161874000.0,162744000.0,161196000.0,162365000.0,153.34645676,dead,neutral,normal,DOWN
2025-10-17 23:00:00,162365000.0,162553000.0,161265000.0,161723000.0,131.72240068,dead,neutral,normal,UP
2025-10-18 00:00:00,161722000.0,163755000.0,161614000.0,163709000.0,107.58904806,dead,neutral,normal,STABLE
2025-10-18 01:00:00,163754000.0,164469000.0,163200000.0,163407000.0,135.87167871,dead,neutral,normal,STABLE
2025-10-18 02:00:00,163407000.0,163825000.0,162829000.0,163305000.0,31.00680132,dead,neutral,low,STABLE
2025-10-18 03:00:00,163205000.0,164138000.0,163136000.0,163459000.0,32.50087393,dead,neutral,low,STABLE
2025-10-18 04:00:00,163475000.0,164027000.0,163102000.0,163470000.0,25.0402189,golden,neutral,low,UP
2025-10-18 05:00:00,163471000.0,164440000.0,163330000.0,164376000.0,35.10058646,golden,neutral,low,UP
2025-10-18 06:00:00,164378000.0,165500000.0,164330000.0,165289000.0,91.12121904,golden,neutral,low,DOWN
2025-10-18 07:00:00,165288000.0,165300000.0,164590000.0,164722000.0,78.38544012,golden,neutral,low,DOWN
2025-10-18 08:00:00,164705000.0,164769000.0,163630000.0,163639000.0,68.12472025,golden,neutral,low,UP
2025-10-18 09:00:00,163639000.0,164853000.0,163285000.0,164696000.0,108.32622847,golden,neutral,normal,STABLE
2025-10-18 10:00:00,164705000.0,164998000.0,164345000.0,164457000.0,67.90692595,golden,neutral,low,DOWN
2025-10-18 11:00:00,164496000.0,164501000.0,163685000.0,163709000.0,60.97043726,golden,neutral,low,UP
2025-10-18 12:00:00,163709000.0,164290000.0,163676000.0,164290000.0,42.67203177,golden,neutral,low,DOWN
2025-10-18 13:00:00,164290000.0,164291000.0,162900000.0,163005000.0,73.36363825,golden,neutral,normal,STABLE
2025-10-18 14:00:00,163005000.0,163348000.0,162852000.0,163232000.0,49.25395398,golden,neutral,low,STABLE
2025-10-18 15:00:00,163301000.0,163439000.0,163117000.0,163131000.0,32.14613936,dead,neutral,low,STABLE
2025-10-18 16:00:00,163131000.0,164000000.0,163122000.0,163195000.0,93.25874567,dead,neutral,normal,STABLE
2025-10-18 17:00:00,163238000.0,163666000.0,163159000.0,163288000.0,36.4444679,dead,neutral,normal,STABLE
2025-10-18 18:00:00,163288000.0,163577000.0,163128000.0,163512000.0,26.16904697,dead,neutral,low,STABLE
2025-10-18 19:00:00,163513000.0,163800000.0,163393000.0,163556000.0,30.47700552,dead,neutral,low,STABLE
2025-10-18 20:00:00,163600000.0,163679000.0,163394000.0,163679000.0,33.70518878,dead,neutral,normal,STABLE
2025-10-18 21:00:00,163679000.0,163984000.0,163595000.0,163800000.0,45.67180451,dead,neutral,normal,STABLE
2025-10-18 22:00:00,163800000.0,163963000.0,163600000.0,163718000.0,45.61813341,dead,neutral,normal,STABLE
2025-10-18 23:00:00,163718000.0,163805000.0,163484000.0,163499000.0,30.00025295,dead,neutral,normal,STABLE
2025-10-19 00:00:00,163499000.0,163658000.0,163400000.0,163612000.0,21.1680864,dead,neutral,low,STABLE
2025-10-19 01:00:00,163612000.0,163640000.0,163106000.0,163299000.0,23.8277906,dead,neutral,low,STABLE
2025-10-19 02:00:00,163300000.0,163550000.0,163087000.0,163240000.0,15.44055518,dead,neutral,low,STABLE
2025-10-19 03:00:00,163244000.0,163280000.0,163025000.0,163106000.0,12.41961983,dead,neutral,low,STABLE
2025-10-19 04:00:00,163225000.0,163490000.0,163021000.0,163343000.0,8.98556476,dead,neutral,low,STABLE
2025-10-19 05:00:00,163343000.0,163650000.0,163308000.0,163391000.0,14.18952279,dead,neutral,low,STABLE
2025-10-19 06:00:00,163392000.0,163628000.0,163222000.0,163606000.0,10.96420737,dead,neutral,low,STABLE
2025-10-19 07:00:00,163606000.0,163747000.0,163507000.0,163604000.0,21.87928586,dead,neutral,normal,STABLE
2025-10-19 08:00:00,163600000.0,163712000.0,163500000.0,163631000.0,21.27538859,golden,neutral,normal,STABLE
2025-10-19 09:00:00,163631000.0,163659000.0,163000000.0,163223000.0,45.16728061,golden,neutral,normal,STABLE
2025-10-19 10:00:00,163223000.0,163341000.0,163074000.0,163228000.0,21.78966389,golden,neutral,normal,STABLE
2025-10-19 11:00:00,163228000.0,163273000.0,163152000.0,163155000.0,16.32414596,dead,neutral,normal,STABLE
2025-10-19 12:00:00,163160000.0,163600000.0,163090000.0,163415000.0,29.62305674,dead,neutral,normal,STABLE
2025-10-19 13:00:00,163408000.0,163459000.0,163000000.0,163001000.0,40.90273577,dead,neutral,normal,STABLE
2025-10-19 14:00:00,163010000.0,163100000.0,162540000.0,162650000.0,68.98348281,dead,neutral,high,STABLE
2025-10-19 15:00:00,162649000.0,162680000.0,162108000.0,162560000.0,55.81118865,dead,neutral,normal,STABLE
2025-10-19 16:00:00,162566000.0,162789000.0,162490000.0,162491000.0,22.03652643,dead,neutral,normal,STABLE
2025-10-19 17:00:00,162490000.0,162895000.0,162000000.0,162086000.0,76.73030669,dead,neutral,high,UP
2025-10-19 18:00:00,162086000.0,163712000.0,161250000.0,162821000.0,152.38943481,dead,neutral,high,UP
2025-10-19 19:00:00,162821000.0,163499000.0,162498000.0,163478000.0,68.55621634,dead,neutral,normal,STABLE
2025-10-19 20:00:00,163450000.0,164142000.0,163446000.0,163617000.0,115.05478287,dead,neutral,high,STABLE
2025-10-19 21:00:00,163618000.0,163709000.0,163198000.0,163461000.0,48.41375936,dead,neutral,normal,UP
2025-10-19 22:00:00,163443000.0,164142000.0,163186000.0,164050000.0,88.35285919,golden,neutral,normal,STABLE
2025-10-19 23:00:00,164064000.0,164181000.0,163633000.0,164007000.0,89.46410939,golden,neutral,normal,STABLE
2025-10-20 00:00:00,164007000.0,164604000.0,164007000.0,164464000.0,56.61743268,golden,neutral,normal,STABLE
2025-10-20 01:00:00,164470000.0,164987000.0,164151000.0,164682000.0,50.44383997,golden,neutral,normal,UP
2025-10-20 02:00:00,164765000.0,165750000.0,164682000.0,165470000.0,71.57972976,golden,overbought,normal,STABLE
2025-10-20 03:00:00,165469000.0,165924000.0,165336000.0,165811000.0,32.11617803,golden,overbought,normal,DOWN
2025-10-20 04:00:00,165885000.0,165885000.0,164995000.0,165119000.0,22.7894492,golden,neutral,low,STABLE
2025-10-20 05:00:00,165120000.0,165384000.0,164982000.0,165000000.0,25.22903178,golden,neutral,low,STABLE
2025-10-20 06:00:00,165044000.0,165141000.0,164639000.0,165099000.0,43.94633051,golden,neutral,normal,UP
2025-10-20 07:00:00,165099000.0,165996000.0,165001000.0,165644000.0,80.96999364,golden,neutral,normal,DOWN
2025-10-20 08:00:00,165644000.0,165644000.0,164658000.0,164806000.0,76.68597927,golden,neutral,normal,STABLE
2025-10-20 09:00:00,164806000.0,164882000.0,163398000.0,164347000.0,121.11312747,golden,neutral,normal,STABLE
2025-10-20 10:00:00,164347000.0,164500000.0,164000000.0,164302000.0,47.6829855,golden,neutral,normal,UP
2025-10-20 11:00:00,164346000.0,165243000.0,164000000.0,165033000.0,88.66247552,golden,neutral,normal,UP
2025-10-20 12:00:00,165033000.0,166648000.0,164646000.0,166440000.0,135.84954458,golden,neutral,normal,STABLE
2025-10-20 13:00:00,166495000.0,166801000.0,165939000.0,166230000.0,136.72802468,golden,neutral,normal,UP
2025-10-20 14:00:00,166230000.0,166870000.0,166063000.0,166867000.0,85.83363522,golden,neutral,normal,UP
2025-10-20 15:00:00,166867000.0,167468000.0,166866000.0,167409000.0,126.8221797,golden,overbought,normal,DOWN
2025-10-20 16:00:00,167410000.0,167434000.0,166429000.0,166683000.0,99.3596356,golden,neutral,normal,STABLE
2025-10-20 17:00:00,166683000.0,167047000.0,166150000.0,166605000.0,68.54492381,golden,neutral,normal,STABLE
2025-10-20 18:00:00,166617000.0,166623000.0,166104000.0,166310000.0,35.37956685,golden,neutral,low,STABLE
2025-10-20 19:00:00,166310000.0,166593000.0,166115000.0,166135000.0,44.30853926,golden,neutral,normal,STABLE
2025-10-20 20:00:00,166116000.0,166377000.0,165860000.0,166294000.0,51.45526095,golden,neutral,normal,STABLE
2025-10-20 21:00:00,166294000.0,166688000.0,166129000.0,166280000.0,45.02087741,golden,neutral,normal,STABLE
2025-10-20 22:00:00,166270000.0,166650000.0,166000000.0,166593000.0,42.73163018,golden,neutral,normal,STABLE
2025-10-20 23:00:00,166640000.0,166766000.0,166034000.0,166690000.0,47.0930392,golden,neutral,normal,STABLE
2025-10-21 00:00:00,166690000.0,167013000.0,166371000.0,166500000.0,44.80750162,golden,neutral,normal,STABLE
2025-10-21 01:00:00,166501000.0,166950000.0,165800000.0,166505000.0,50.12757657,golden,neutral,normal,DOWN
2025-10-21 02:00:00,166500000.0,166929000.0,165500000.0,165866000.0,36.95805068,golden,neutral,normal,UP
2025-10-21 03:00:00,165977000.0,166689000.0,165854000.0,166545000.0,13.03272837,golden,neutral,low,DOWN
2025-10-21 04:00:00,166663000.0,166681000.0,165754000.0,165934000.0,21.42962226,golden,neutral,low,STABLE
2025-10-21 05:00:00,165931000.0,166456000.0,165720000.0,166306000.0,13.20399019,dead,neutral,low,STABLE
2025-10-21 06:00:00,166306000.0,166574000.0,165678000.0,165848000.0,28.9099753,dead,neutral,low,STABLE
2025-10-21 07:00:00,165858000.0,166189000.0,165613000.0,166080000.0,31.47422589,dead,neutral,normal,STABLE
2025-10-21 08:00:00,166131000.0,166132000.0,165800000.0,165911000.0,32.09707555,dead,neutral,normal,STABLE
2025-10-21 09:00:00,165911000.0,166000000.0,165323000.0,165687000.0,68.77010556,dead,neutral,normal,DOWN
2025-10-21 10:00:00,165680000.0,165709000.0,164891000.0,164956000.0,76.87261443,dead,neutral,normal,STABLE
2025-10-21 11:00:00,164956000.0,165130000.0,164475000.0,164703000.0,88.776345,dead,neutral,normal,DOWN
2025-10-21 12:00:00,164793000.0,164899000.0,164041000.0,164082000.0,54.23702405,dead,neutral,normal,DOWN
2025-10-21 13:00:00,164079000.0,164127000.0,162387000.0,162660000.0,237.65488576,dead,oversold,high,DOWN
2025-10-21 14:00:00,162660000.0,163041000.0,162014000.0,162060000.0,163.3607154,dead,oversold,high,UP
2025-10-21 15:00:00,162082000.0,163152000.0,162011000.0,162906000.0,77.60569595,dead,neutral,normal,STABLE
2025-10-21 16:00:00,162905000.0,163350000.0,162660000.0,163201000.0,48.12748965,dead,neutral,normal,DOWN
2025-10-21 17:00:00,163201000.0,163201000.0,162248000.0,162599000.0,62.00310345,dead,neutral,normal,STABLE
2025-10-21 18:00:00,162599000.0,162700000.0,162350000.0,162656000.0,45.17598828,dead,neutral,normal,UP
2025-10-21 19:00:00,162612000.0,163749000.0,162179000.0,163429000.0,75.06854489,dead,neutral,normal,STABLE
2025-10-21 20:00:00,163528000.0,163746000.0,163021000.0,163729000.0,35.89082017,dead,neutral,normal,STABLE
2025-10-21 21:00:00,163729000.0,164574000.0,163340000.0,163849000.0,81.04985484,dead,neutral,normal,STABLE
2025-10-21 22:00:00,163881000.0,163952000.0,162834000.0,163498000.0,70.419626,dead,neutral,normal,UP
2025-10-21 23:00:00,163500000.0,167733000.0,163446000.0,167719000.0,220.76250041,golden,neutral,high,UP
2025-10-22 00:00:00,167719000.0,168900000.0,167060000.0,168566000.0,291.61408404,golden,neutral,high,DOWN
2025-10-22 01:00:00,168553000.0,169336000.0,167195000.0,167213000.0,185.48658788,golden,neutral,normal,DOWN
2025-10-22 02:00:00,167213000.0,167951000.0,166564000.0,166564000.0,108.60322253,golden,neutral,normal,STABLE
2025-10-22 03:00:00,166564000.0,166998000.0,165911000.0,166574000.0,51.52309418,golden,neutral,low,DOWN
2025-10-22 04:00:00,166569000.0,166838000.0,165771000.0,166041000.0,27.13706695,golden,neutral,low,DOWN
2025-10-22 05:00:00,166040000.0,166198000.0,164800000.0,165187000.0,50.90136312,golden,neutral,low,STABLE
2025-10-22 06:00:00,165172000.0,165407000.0,164330000.0,165236000.0,52.78243838,golden,neutral,normal,DOWN
2025-10-22 07:00:00,165236000.0,165237000.0,162920000.0,163551000.0,145.55027339,golden,neutral,normal,STABLE
2025-10-22 08:00:00,163521000.0,164050000.0,162936000.0,163400000.0,101.48376225,golden,neutral,normal,STABLE
2025-10-22 09:00:00,163400000.0,163684000.0,162935000.0,163214000.0,105.22406357,dead,neutral,normal,STABLE
2025-10-22 10:00:00,163148000.0,163700000.0,163059000.0,163583000.0,69.98271459,dead,neutral,normal,STABLE
2025-10-22 11:00:00,163581000.0,163838000.0,163205000.0,163285000.0,50.34620677,dead,neutral,normal,STABLE
2025-10-22 12:00:00,163285000.0,163400000.0,162958000.0,163307000.0,55.6890924,dead,neutral,normal,STABLE
2025-10-22 13:00:00,163307000.0,163691000.0,163218000.0,163645000.0,41.65165835,dead,neutral,low,STABLE
2025-10-22 14:00:00,163576000.0,163645000.0,163000000.0,163485000.0,52.03334324,dead,neutral,normal,STABLE
2025-10-22 15:00:00,163485000.0,163612000.0,163092000.0,163136000.0,40.19065734,dead,neutral,low,STABLE
2025-10-22 16:00:00,163136000.0,163450000.0,162748000.0,163421000.0,63.4222247,dead,neutral,normal,STABLE
2025-10-22 17:00:00,163419000.0,163450000.0,163087000.0,163204000.0,27.85517224,dead,neutral,low,STABLE
2025-10-22 18:00:00,163202000.0,163523000.0,163000000.0,163052000.0,39.53180433,dead,neutral,low,STABLE
2025-10-22 19:00:00,163045000.0,163288000.0,162875000.0,162959000.0,43.73229912,dead,neutral,normal,STABLE
2025-10-22 20:00:00,162953000.0,163771000.0,162500000.0,162799000.0,121.20956463,dead,neutral,normal,STABLE
2025-10-22 21:00:00,162741000.0,163699000.0,162591000.0,163212000.0,36.72145372,dead,neutral,normal,UP
2025-10-22 22:00:00,163212000.0,164406000.0,162886000.0,164000000.0,74.28160966,dead,neutral,normal,STABLE
2025-10-22 23:00:00,164000000.0,164383000.0,162930000.0,164313000.0,107.74865874,dead,neutral,normal,DOWN
2025-10-23 00:00:00,164315000.0,164398000.0,162968000.0,163497000.0,70.08396086,dead,neutral,normal,STABLE
2025-10-23 01:00:00,163497000.0,163800000.0,162828000.0,163100000.0,43.35597432,golden,neutral,normal,STABLE
2025-10-23 02:00:00,163100000.0,163249000.0,162700000.0,162901000.0,30.60195929,golden,neutral,low,STABLE
2025-10-23 03:00:00,162914000.0,163601000.0,162703000.0,163225000.0,14.7017296,golden,neutral,low,STABLE
2025-10-23 04:00:00,163378000.0,163599000.0,163028000.0,163255000.0,19.01580419,dead,neutral,low,STABLE
2025-10-23 05:00:00,163343000.0,163597000.0,163000000.0,163221000.0,13.02192264,dead,neutral,low,STABLE
2025-10-23 06:00:00,163221000.0,163373000.0,162510000.0,163297000.0,84.1269247,dead,neutral,normal,STABLE
2025-10-23 07:00:00,163297000.0,163817000.0,162898000.0,162993000.0,50.74254812,dead,neutral,normal,STABLE
2025-10-23 08:00:00,162993000.0,163650000.0,162992000.0,163153000.0,36.24161002,dead,neutral,normal,STABLE
2025-10-23 09:00:00,163153000.0,163495000.0,163035000.0,163399000.0,39.9226044,dead,neutral,normal,UP
2025-10-23 10:00:00,163399000.0,164079000.0,163321000.0,163890000.0,55.78127631,golden,neutral,normal,STABLE
2025-10-23 11:00:00,163890000.0,163900000.0,163695000.0,163830000.0,29.90197901,golden,neutral,normal,STABLE
2025-10-23 12:00:00,163864000.0,164250000.0,163812000.0,163814000.0,44.07297485,golden,neutral,normal,STABLE
2025-10-23 13:00:00,163814000.0,164250000.0,163811000.0,164015000.0,31.57639723,golden,neutral,normal,STABLE
2025-10-23 14:00:00,164014000.0,164088000.0,163579000.0,164000000.0,36.79982374,golden,neutral,normal,UP
2025-10-23 15:00:00,164000000.0,165999000.0,163923000.0,165949000.0,142.69993423,golden,overbought,high,DOWN
2025-10-23 16:00:00,165949000.0,165950000.0,164553000.0,164570000.0,75.72329269,golden,neutral,normal,STABLE
2025-10-23 17:00:00,164570000.0,165346000.0,164540000.0,164900000.0,40.36902049,golden,neutral,normal,STABLE
2025-10-23 18:00:00,164900000.0,164934000.0,164420000.0,164721000.0,29.41443291,golden,neutral,normal,STABLE
2025-10-23 19:00:00,164721000.0,165122000.0,164626000.0,164734000.0,27.24422243,golden,neutral,normal,DOWN
2025-10-23 20:00:00,164730000.0,164843000.0,164195000.0,164238000.0,43.81169199,golden,neutral,normal,STABLE
2025-10-23 21:00:00,164238000.0,164279000.0,163700000.0,164250000.0,54.25545652,golden,neutral,normal,UP
2025-10-23 22:00:00,164245000.0,164932000.0,163850000.0,164800000.0,65.15748692,golden,neutral,normal,STABLE
2025-10-23 23:00:00,164862000.0,165202000.0,163816000.0,164900000.0,80.20234766,golden,neutral,normal,STABLE
2025-10-24 00:00:00,164901000.0,165394000.0,164704000.0,165024000.0,49.12678654,golden,neutral,normal,STABLE
2025-10-24 01:00:00,165108000.0,165700000.0,164836000.0,165396000.0,37.22680795,golden,neutral,normal,UP
2025-10-24 02:00:00,165397000.0,166385000.0,164641000.0,166357000.0,56.42455273,golden,neutral,normal,DOWN
2025-10-24 03:00:00,166347000.0,166400000.0,165401000.0,165827000.0,39.05586865,golden,neutral,normal,STABLE
2025-10-24 04:00:00,165770000.0,165899000.0,165337000.0,165557000.0,14.52035262,golden,neutral,low,DOWN
2025-10-24 05:00:00,165465000.0,165543000.0,164412000.0,164688000.0,26.22159405,golden,neutral,normal,STABLE
2025-10-24 06:00:00,164606000.0,165120000.0,164571000.0,165071000.0,21.44489791,golden,neutral,low,STABLE
2025-10-24 07:00:00,165061000.0,165828000.0,165001000.0,165556000.0,35.57300033,golden,neutral,normal,STABLE
2025-10-24 08:00:00,165526000.0,165574000.0,165330000.0,165546000.0,42.67731852,golden,neutral,normal,UP
2025-10-24 09:00:00,165546000.0,166496000.0,165476000.0,166433000.0,75.95401797,golden,neutral,normal,STABLE
2025-10-24 10:00:00,166430000.0,166771000.0,166183000.0,166770000.0,85.88152871,golden,neutral,normal,STABLE
2025-10-24 11:00:00,166730000.0,166840000.0,166400000.0,166597000.0,60.15828134,golden,neutral,normal,STABLE
2025-10-24 12:00:00,166574000.0,166605000.0,166000000.0,166098000.0,55.53911654,golden,neutral,normal,STABLE
2025-10-24 13:00:00,166090000.0,166987000.0,165981000.0,166580000.0,78.69150365,golden,neutral,normal,STABLE
2025-10-24 14:00:00,166558000.0,166677000.0,166250000.0,166543000.0,50.94543027,golden,neutral,normal,STABLE
2025-10-24 15:00:00,166543000.0,166849000.0,166300000.0,166656000.0,78.3765873,golden,neutral,normal,STABLE
2025-10-24 16:00:00,166658000.0,166747000.0,166097000.0,166397000.0,70.28491604,golden,neutral,normal,STABLE
2025-10-24 17:00:00,166341000.0,166501000.0,165960000.0,166416000.0,50.11727299,golden,neutral,normal,STABLE
2025-10-24 18:00:00,166416000.0,166799000.0,166250000.0,166619000.0,40.51513043,golden,neutral,normal,STABLE
2025-10-24 19:00:00,166619000.0,166619000.0,166180000.0,166300000.0,37.98985509,golden,neutral,normal,STABLE
2025-10-24 20:00:00,166279000.0,166300000.0,165750000.0,166242000.0,75.58793921,golden,neutral,normal,STABLE
2025-10-24 21:00:00,166242000.0,167381000.0,165905000.0,166570000.0,186.78474171,golden,neutral,high,DOWN
2025-10-24 22:00:00,166542000.0,166696000.0,165444000.0,165803000.0,132.70129788,golden,neutral,high,DOWN
2025-10-24 23:00:00,165777000.0,165803000.0,164420000.0,165084000.0,155.56672417,dead,neutral,high,STABLE
2025-10-25 00:00:00,165084000.0,165753000.0,164826000.0,165184000.0,42.09480117,dead,neutral,normal,STABLE
2025-10-25 01:00:00,165125000.0,165184000.0,164800000.0,165130000.0,26.85058135,dead,neutral,low,STABLE
2025-10-25 02:00:00,165146000.0,165614000.0,165130000.0,165311000.0,18.39754486,dead,neutral,low,STABLE
2025-10-25 03:00:00,165311000.0,165619000.0,165199000.0,165547000.0,11.51732051,dead,neutral,low,STABLE
2025-10-25 04:00:00,165547000.0,165699000.0,165153000.0,165278000.0,13.78830849,dead,neutral,low,STABLE
2025-10-25 05:00:00,165278000.0,165750000.0,165150000.0,165511000.0,17.06315861,dead,neutral,low,STABLE
2025-10-25 06:00:00,165469000.0,165775000.0,165235000.0,165753000.0,22.00420048,dead,neutral,low,STABLE
2025-10-25 07:00:00,165753000.0,165838000.0,165654000.0,165782000.0,20.32148324,dead,neutral,low,STABLE
2025-10-25 08:00:00,165782000.0,165849000.0,165681000.0,165703000.0,32.96313112,dead,neutral,normal,STABLE
2025-10-25 09:00:00,165703000.0,165822000.0,165331000.0,165530000.0,37.9896545,dead,neutral,normal,UP
2025-10-25 10:00:00,165530000.0,166100000.0,165518000.0,166097000.0,37.00779208,dead,neutral,normal,STABLE
2025-10-25 11:00:00,166097000.0,166175000.0,165792000.0,165793000.0,32.02603793,dead,neutral,normal,STABLE
2025-10-25 12:00:00,165793000.0,166150000.0,165792000.0,166108000.0,26.98491736,golden,neutral,normal,STABLE
2025-10-25 13:00:00,166108000.0,166400000.0,166000000.0,166140000.0,23.86082144,golden,neutral,low,STABLE
2025-10-25 14:00:00,166141000.0,166241000.0,165935000.0,166208000.0,25.97729814,golden,neutral,normal,STABLE
2025-10-25 15:00:00,166208000.0,166305000.0,165990000.0,166176000.0,16.98486169,golden,neutral,low,STABLE
2025-10-25 16:00:00,166176000.0,166631000.0,166098000.0,166357000.0,46.55939105,golden,neutral,normal,STABLE
2025-10-25 17:00:00,166358000.0,166720000.0,166357000.0,166712000.0,25.38353442,golden,neutral,normal,STABLE
2025-10-25 18:00:00,166707000.0,166830000.0,166501000.0,166502000.0,29.17020406,golden,neutral,normal,STABLE
2025-10-25 19:00:00,166502000.0,166725000.0,166396000.0,166667000.0,28.7582247,golden,neutral,normal,STABLE
2025-10-25 20:00:00,166667000.0,166700000.0,166417000.0,166474000.0,28.58078314,golden,neutral,normal,STABLE
2025-10-25 21:00:00,166474000.0,166780000.0,166424000.0,166780000.0,28.13626097,golden,neutral,normal,STABLE
2025-10-25 22:00:00,166781000.0,166849000.0,166410000.0,166430000.0,40.00792408,golden,neutral,normal,STABLE
2025-10-25 23:00:00,166479000.0,166650000.0,166226000.0,166383000.0,34.22358684,golden,neutral,normal,STABLE
2025-10-26 00:00:00,166382000.0,166382000.0,166000000.0,166001000.0,25.52327208,golden,neutral,normal,STABLE
2025-10-26 01:00:00,166001000.0,166250000.0,165850000.0,166246000.0,22.50660178,golden,neutral,normal,STABLE
2025-10-26 02:00:00,166246000.0,166248000.0,166152000.0,166248000.0,0.00431072,golden,neutral,low,STABLE
2025-10-26 08:00:00,166248000.0,166330000.0,166095000.0,166310000.0,5.60436575,dead,neutral,low,STABLE
2025-10-26 09:00:00,166330000.0,166770000.0,166297000.0,166691000.0,44.26901129,golden,neutral,normal,STABLE
2025-10-26 10:00:00,166691000.0,166727000.0,166550000.0,166678000.0,25.94696596,golden,neutral,normal,STABLE
2025-10-26 11:00:00,166678000.0,166678000.0,166339000.0,166339000.0,21.92409846,golden,neutral,normal,STABLE
2025-10-26 12:00:00,166339000.0,166567000.0,166214000.0,166214000.0,22.34189521,golden,neutral,normal,STABLE
2025-10-26 13:00:00,166215000.0,166400000.0,166104000.0,166334000.0,18.73220389,golden,neutral,normal,STABLE
2025-10-26 14:00:00,166334000.0,166512000.0,166262000.0,166429000.0,14.63506528,dead,neutral,normal,STABLE
2025-10-26 15:00:00,166405000.0,166476000.0,166293000.0,166324000.0,14.53240319,dead,neutral,normal,STABLE
2025-10-26 16:00:00,166324000.0,166447000.0,166320000.0,166367000.0,9.22050167,dead,neutral,low,STABLE
2025-10-26 17:00:00,166368000.0,166505000.0,166367000.0,166422000.0,17.27635047,dead,neutral,normal,UP
2025-10-26 18:00:00,166422000.0,167603000.0,166366000.0,167229000.0,133.26787062,golden,neutral,high,STABLE
2025-10-26 19:00:00,167232000.0,167283000.0,167000000.0,167282000.0,46.37204426,golden,neutral,normal,UP
2025-10-26 20:00:00,167283000.0,168550000.0,167282000.0,168388000.0,145.66778241,golden,overbought,high,STABLE
2025-10-26 21:00:00,168395000.0,169050000.0,168388000.0,168789000.0,185.24904075,golden,overbought,high,STABLE
2025-10-26 22:00:00,168788000.0,168957000.0,168250000.0,168640000.0,91.3877129,golden,overbought,normal,STABLE
2025-10-26 23:00:00,168639000.0,168800000.0,168222000.0,168295000.0,55.06448226,golden,neutral,normal,STABLE
2025-10-27 00:00:00,168295000.0,168616000.0,168000000.0,168616000.0,37.57204847,golden,overbought,normal,STABLE
2025-10-27 01:00:00,168600000.0,168800000.0,168203000.0,168500000.0,32.27317037,golden,neutral,normal,STABLE
2025-10-27 02:00:00,168500000.0,168780000.0,168397000.0,168525000.0,10.09085051,golden,neutral,low,STABLE
2025-10-27 03:00:00,168555000.0,168744000.0,168470000.0,168601000.0,6.08026172,golden,overbought,low,STABLE
2025-10-27 04:00:00,168602000.0,168728000.0,168473000.0,168477000.0,11.80997293,golden,neutral,low,STABLE
2025-10-27 05:00:00,168477000.0,168508000.0,168243000.0,168260000.0,19.45375164,golden,neutral,low,STABLE
2025-10-27 06:00:00,168260000.0,168329000.0,167800000.0,168261000.0,45.27354331,golden,neutral,normal,UP
2025-10-27 07:00:00,168261000.0,170000000.0,168260000.0,169758000.0,186.40808529,golden,overbought,high,STABLE
2025-10-27 08:00:00,169706000.0,169958000.0,169457000.0,169514000.0,103.07487655,golden,overbought,normal,UP
2025-10-27 09:00:00,169514000.0,170460000.0,169507000.0,170029000.0,179.71143022,golden,overbought,high,UP
2025-10-27 10:00:00,170029000.0,170750000.0,170000000.0,170716000.0,70.89058998,golden,overbought,normal,DOWN
2025-10-27 11:00:00,170716000.0,170865000.0,170028000.0,170159000.0,103.26161351,golden,neutral,normal,STABLE
2025-10-27 12:00:00,170158000.0,170400000.0,169827000.0,169831000.0,76.76336615,golden,neutral,normal,STABLE
2025-10-27 13:00:00,169828000.0,170390000.0,169824000.0,170333000.0,47.68513461,golden,neutral,normal,STABLE
2025-10-27 14:00:00,170333000.0,170629000.0,170333000.0,170501000.0,48.10389336,golden,neutral,normal,UP
2025-10-27 15:00:00,170500000.0,171168000.0,170370000.0,171168000.0,81.41728931,golden,overbought,normal,DOWN
2025-10-27 16:00:00,171167000.0,171500000.0,170545000.0,170584000.0,97.63628281,golden,neutral,normal,DOWN
2025-10-27 17:00:00,170590000.0,170730000.0,169542000.0,169673000.0,109.42579232,golden,neutral,normal,STABLE
2025-10-27 18:00:00,169673000.0,170271000.0,169100000.0,170090000.0,113.28015648,golden,neutral,normal,UP
2025-10-27 19:00:00,170080000.0,170854000.0,169999000.0,170716000.0,54.7961226,golden,neutral,normal,STABLE
2025-10-27 20:00:00,170711000.0,170784000.0,170333000.0,170474000.0,45.18889902,golden,neutral,normal,DOWN
2025-10-27 21:00:00,170474000.0,170500000.0,169700000.0,169704000.0,64.44214369,golden,neutral,normal,UP
2025-10-27 22:00:00,169704000.0,170331000.0,169401000.0,170254000.0,82.62644823,golden,neutral,normal,DOWN
2025-10-27 23:00:00,170247000.0,170292000.0,169490000.0,169566000.0,53.29315606,golden,neutral,normal,STABLE
2025-10-28 00:00:00,169566000.0,170036000.0,169506000.0,169809000.0,35.40786511,dead,neutral,low,STABLE
2025-10-28 01:00:00,169795000.0,170400000.0,169600000.0,170273000.0,27.58248117,dead,neutral,low,STABLE
2025-10-28 02:00:00,170273000.0,170476000.0,170083000.0,170368000.0,15.77273691,dead,neutral,low,STABLE
2025-10-28 03:00:00,170368000.0,170499000.0,169932000.0,169960000.0,11.25499912,dead,neutral,low,STABLE
2025-10-28 04:00:00,169960000.0,169971000.0,169462000.0,169588000.0,33.60841755,dead,neutral,low,STABLE
2025-10-28 05:00:00,169571000.0,169800000.0,169431000.0,169492000.0,20.05952123,dead,neutral,low,STABLE
2025-10-28 06:00:00,169477000.0,169635000.0,169193000.0,169375000.0,45.63803393,dead,neutral,normal,STABLE
2025-10-28 07:00:00,169375000.0,169696000.0,169186000.0,169254000.0,41.42705595,dead,neutral,normal,STABLE
2025-10-28 08:00:00,169254000.0,169312000.0,168793000.0,168980000.0,80.40082472,dead,neutral,normal,STABLE
2025-10-28 09:00:00,168980000.0,168996000.0,168485000.0,168744000.0,92.4811341,dead,neutral,normal,UP
2025-10-28 10:00:00,168741000.0,169700000.0,168679000.0,169657000.0,49.92226053,dead,neutral,normal,DOWN
2025-10-28 11:00:00,169676000.0,169691000.0,168782000.0,169128000.0,51.75120471,dead,neutral,normal,STABLE
2025-10-28 12:00:00,169128000.0,169253000.0,168763000.0,168949000.0,35.2968506,dead,neutral,normal,STABLE
2025-10-28 13:00:00,168949000.0,168997000.0,168697000.0,168840000.0,26.55731232,dead,neutral,normal,DOWN
2025-10-28 14:00:00,168837000.0,168840000.0,168168000.0,168269000.0,59.35580521,dead,neutral,normal,UP
2025-10-28 15:00:00,168268000.0,168953000.0,168214000.0,168774000.0,37.94717615,dead,neutral,normal,STABLE
2025-10-28 16:00:00,168774000.0,169108000.0,168751000.0,168912000.0,80.76460551,dead,neutral,normal,STABLE
2025-10-28 17:00:00,168912000.0,169320000.0,168850000.0,169182000.0,40.83495866,dead,neutral,normal,STABLE
2025-10-28 18:00:00,169200000.0,169320000.0,168980000.0,169184000.0,20.56139074,dead,neutral,low,STABLE
2025-10-28 19:00:00,169184000.0,169320000.0,169093000.0,169319000.0,15.76487186,dead,neutral,low,STABLE
2025-10-28 20:00:00,169320000.0,169400000.0,169123000.0,169143000.0,29.48513598,dead,neutral,normal,STABLE
2025-10-28 21:00:00,169190000.0,169352000.0,169000000.0,169222000.0,34.7642895,dead,neutral,normal,UP
2025-10-28 22:00:00,169222000.0,170100000.0,169201000.0,170100000.0,97.79084008,golden,neutral,high,STABLE
2025-10-28 23:00:00,170100000.0,170859000.0,169424000.0,170129000.0,136.12841599,golden,neutral,high,STABLE
2025-10-29 00:00:00,170129000.0,170500000.0,169500000.0,169653000.0,38.86925268,golden,neutral,normal,UP
2025-10-29 01:00:00,169656000.0,170543000.0,169500000.0,170400000.0,19.08553646,golden,neutral,low,STABLE
2025-10-29 02:00:00,170400000.0,170542000.0,170070000.0,170070000.0,18.07642724,golden,neutral,low,STABLE
2025-10-29 03:00:00,170070000.0,170251000.0,169442000.0,169877000.0,19.0161948,golden,neutral,low,DOWN
2025-10-29 04:00:00,169955000.0,169995000.0,168509000.0,168744000.0,51.58159379,golden,neutral,normal,STABLE
2025-10-29 05:00:00,168730000.0,168836000.0,167600000.0,168250000.0,121.9250797,golden,neutral,high,UP
2025-10-29 06:00:00,168250000.0,169049000.0,167550000.0,168821000.0,100.97254889,dead,neutral,normal,STABLE
2025-10-29 07:00:00,168770000.0,168962000.0,168540000.0,168742000.0,42.82241884,dead,neutral,normal,STABLE
2025-10-29 08:00:00,168740000.0,168742000.0,168209000.0,168263000.0,46.76359687,dead,neutral,normal,STABLE
2025-10-29 09:00:00,168263000.0,168299000.0,167935000.0,167935000.0,75.26687334,dead,neutral,normal,STABLE
2025-10-29 10:00:00,167935000.0,168260000.0,167500000.0,167900000.0,109.80374943,dead,neutral,normal,STABLE
2025-10-29 11:00:00,167979000.0,168090000.0,167786000.0,167953000.0,49.75241992,dead,neutral,normal,STABLE
2025-10-29 12:00:00,167900000.0,168100000.0,167700000.0,167967000.0,31.41963325,dead,neutral,normal,STABLE
2025-10-29 13:00:00,167950000.0,168119000.0,167848000.0,167909000.0,37.69727766,dead,neutral,normal,STABLE
2025-10-29 14:00:00,167909000.0,168337000.0,167880000.0,167930000.0,43.23105954,dead,neutral,normal,STABLE
2025-10-29 15:00:00,167930000.0,168248000.0,167795000.0,168130000.0,46.92927864,dead,neutral,normal,STABLE
2025-10-29 16:00:00,168130000.0,168281000.0,168022000.0,168278000.0,26.85278698,dead,neutral,low,STABLE
2025-10-29 17:00:00,168274000.0,168401000.0,167922000.0,167945000.0,48.6373948,dead,neutral,normal,STABLE
2025-10-29 18:00:00,167945000.0,168150000.0,167700000.0,167809000.0,36.2996324,dead,neutral,normal,DOWN
2025-10-29 19:00:00,167808000.0,167945000.0,167020000.0,167120000.0,103.87719065,dead,neutral,normal,STABLE
2025-10-29 20:00:00,167060000.0,167891000.0,167014000.0,167615000.0,57.35675044,dead,neutral,normal,STABLE
2025-10-29 21:00:00,167615000.0,167799000.0,167232000.0,167255000.0,57.55884563,dead,neutral,normal,STABLE
2025-10-29 22:00:00,167254000.0,167961000.0,167060000.0,167200000.0,80.38920828,dead,neutral,normal,DOWN
2025-10-29 23:00:00,167202000.0,167266000.0,166462000.0,166554000.0,132.21689891,dead,neutral,high,DOWN
2025-10-30 00:00:00,166555000.0,166882000.0,165844000.0,165923000.0,135.72207071,dead,oversold,normal,STABLE
2025-10-30 01:00:00,166013000.0,166018000.0,165235000.0,165567000.0,103.78365284,dead,oversold,normal,UP
2025-10-30 02:00:00,165526000.0,166298000.0,165238000.0,166085000.0,66.46577433,dead,neutral,normal,DOWN
2025-10-30 03:00:00,166012000.0,166326000.0,164053000.0,165421000.0,218.87363228,dead,oversold,high,STABLE
2025-10-30 04:00:00,165421000.0,166495000.0,164695000.0,165600000.0,108.45558074,dead,neutral,normal,UP
2025-10-30 05:00:00,165600000.0,166549000.0,165506000.0,166460000.0,56.62153525,dead,neutral,normal,STABLE
2025-10-30 06:00:00,166411000.0,166664000.0,166290000.0,166355000.0,36.55403991,dead,neutral,low,DOWN
2025-10-30 07:00:00,166355000.0,166355000.0,165357000.0,165365000.0,64.47584869,dead,neutral,normal,DOWN
2025-10-30 08:00:00,165365000.0,165388000.0,164000000.0,164617000.0,218.99029788,dead,oversold,high,UP
2025-10-30 09:00:00,164597000.0,165450000.0,164010000.0,165330000.0,147.84241325,dead,neutral,normal,STABLE
2025-10-30 10:00:00,165330000.0,165450000.0,164915000.0,165106000.0,68.07400902,dead,neutral,normal,STABLE
2025-10-30 11:00:00,165106000.0,165700000.0,164932000.0,165363000.0,74.60774111,dead,neutral,normal,STABLE
2025-10-30 12:00:00,165408000.0,165452000.0,165000000.0,165205000.0,57.77951421,dead,neutral,normal,DOWN
2025-10-30 13:00:00,165205000.0,165205000.0,162300000.0,163145000.0,464.03542879,dead,oversold,high,UP
2025-10-30 14:00:00,163147000.0,164867000.0,163000000.0,164663000.0,120.04370181,dead,neutral,normal,UP
2025-10-30 15:00:00,164663000.0,165378000.0,164300000.0,165314000.0,65.9738777,dead,neutral,normal,UP
2025-10-30 16:00:00,165314000.0,166201000.0,165100000.0,165903000.0,68.26958596,dead,neutral,normal,DOWN
2025-10-30 17:00:00,165904000.0,166000000.0,164894000.0,165076000.0,44.24110772,dead,neutral,low,STABLE
2025-10-30 18:00:00,165076000.0,165167000.0,164385000.0,164611000.0,38.54113558,dead,neutral,low,STABLE
2025-10-30 19:00:00,164611000.0,164611000.0,164188000.0,164188000.0,34.91552538,dead,neutral,low,STABLE
2025-10-30 20:00:00,164190000.0,164705000.0,164021000.0,164400000.0,48.7237082,dead,neutral,low,DOWN
2025-10-30 21:00:00,164401000.0,164427000.0,163000000.0,163126000.0,119.50557487,dead,neutral,normal,DOWN
2025-10-30 22:00:00,163125000.0,163506000.0,162000000.0,162622000.0,249.20399061,dead,neutral,high,UP
2025-10-30 23:00:00,162622000.0,163464000.0,162587000.0,163363000.0,78.24938508,dead,neutral,normal,STABLE
2025-10-31 00:00:00,163363000.0,163394000.0,162314000.0,162889000.0,64.71986401,dead,neutral,normal,STABLE
2025-10-31 01:00:00,162932000.0,163446000.0,162700000.0,163191000.0,20.64567148,dead,neutral,low,DOWN
2025-10-31 02:00:00,163191000.0,163200000.0,162060000.0,162658000.0,62.71097333,dead,neutral,normal,STABLE
2025-10-31 03:00:00,162658000.0,162958000.0,162140000.0,162184000.0,29.03025791,dead,neutral,low,STABLE
2025-10-31 04:00:00,162184000.0,162649000.0,162000000.0,162237000.0,80.8218358,dead,neutral,normal,UP
2025-10-31 05:00:00,162237000.0,163012000.0,162000000.0,163012000.0,47.61804001,dead,neutral,normal,UP
2025-10-31 06:00:00,163012000.0,163900000.0,162912000.0,163774000.0,55.17835784,dead,neutral,normal,STABLE
2025-10-31 07:00:00,163783000.0,164021000.0,163366000.0,164019000.0,50.16313296,dead,neutral,normal,STABLE
2025-10-31 08:00:00,164019000.0,164400000.0,163597000.0,164258000.0,69.49489599,dead,neutral,normal,UP
2025-10-31 09:00:00,164259000.0,165484000.0,164172000.0,164994000.0,89.64776125,golden,neutral,normal,STABLE
2025-10-31 10:00:00,165062000.0,165940000.0,164901000.0,165346000.0,114.5610621,golden,neutral,normal,DOWN
2025-10-31 11:00:00,165275000.0,165409000.0,163530000.0,163900000.0,85.28147607,golden,neutral,normal,STABLE
2025-10-31 12:00:00,163901000.0,164597000.0,163601000.0,164344000.0,53.96603329,golden,neutral,normal,UP
2025-10-31 13:00:00,164344000.0,165300000.0,164000000.0,165125000.0,60.20198584,golden,neutral,normal,DOWN
2025-10-31 14:00:00,165072000.0,165125000.0,164359000.0,164580000.0,32.87474832,golden,neutral,low,STABLE
2025-10-31 15:00:00,164580000.0,164730000.0,164100000.0,164160000.0,31.36175399,golden,neutral,low,STABLE
2025-10-31 16:00:00,164160000.0,164401000.0,163800000.0,164027000.0,37.91594291,golden,neutral,normal,UP
2025-10-31 17:00:00,164064000.0,164997000.0,163838000.0,164972000.0,39.14461807,golden,neutral,normal,STABLE
2025-10-31 18:00:00,164980000.0,165295000.0,164593000.0,164600000.0,37.12815579,golden,neutral,normal,STABLE
2025-10-31 19:00:00,164600000.0,164812000.0,164312000.0,164451000.0,23.80134217,golden,neutral,low,UP
2025-10-31 20:00:00,164458000.0,165200000.0,163860000.0,164998000.0,56.43638293,golden,neutral,normal,DOWN
2025-10-31 21:00:00,164998000.0,165298000.0,164200000.0,164276000.0,54.0978849,golden,neutral,normal,UP
2025-10-31 22:00:00,164271000.0,164948000.0,164051000.0,164947000.0,40.35724525,golden,neutral,normal,UP
2025-10-31 23:00:00,164944000.0,165850000.0,164259000.0,165507000.0,70.85871859,golden,neutral,normal,DOWN
2025-11-01 00:00:00,165500000.0,166000000.0,164607000.0,164715000.0,55.82090244,golden,neutral,normal,DOWN
2025-11-01 01:00:00,164715000.0,164964000.0,163300000.0,163374000.0,59.69185265,golden,neutral,normal,UP
2025-11-01 02:00:00,163386000.0,164300000.0,163255000.0,164232000.0,43.78234164,golden,neutral,normal,STABLE
2025-11-01 03:00:00,164188000.0,164675000.0,163718000.0,164238000.0,12.45542825,dead,neutral,low,STABLE
2025-11-01 04:00:00,164225000.0,164929000.0,163894000.0,164276000.0,11.55632524,dead,neutral,low,STABLE
2025-11-01 05:00:00,164178000.0,164350000.0,163900000.0,164012000.0,14.54978421,dead,neutral,low,STABLE
2025-11-01 06:00:00,163948000.0,164685000.0,163930000.0,164465000.0,24.14646397,dead,neutral,normal,STABLE
2025-11-01 07:00:00,164411000.0,164650000.0,164281000.0,164559000.0,21.96508104,dead,neutral,normal,STABLE
2025-11-01 08:00:00,164444000.0,164582000.0,164274000.0,164275000.0,14.36031237,dead,neutral,low,STABLE
2025-11-01 09:00:00,164275000.0,164499000.0,164053000.0,164380000.0,19.59828973,dead,neutral,normal,STABLE
2025-11-01 10:00:00,164362000.0,164600000.0,164249000.0,164254000.0,20.49414973,dead,neutral,normal,STABLE
2025-11-01 11:00:00,164253000.0,164263000.0,163899000.0,164075000.0,26.70944128,dead,neutral,normal,STABLE
2025-11-01 12:00:00,164074000.0,164397000.0,164065000.0,164387000.0,21.04302407,dead,neutral,normal,STABLE
2025-11-01 13:00:00,164290000.0,164692000.0,164274000.0,164513000.0,21.62528889,dead,neutral,normal,STABLE
2025-11-01 14:00:00,164500000.0,164573000.0,164249000.0,164250000.0,19.58403253,dead,neutral,normal,STABLE
2025-11-01 15:00:00,164249000.0,164364000.0,164101000.0,164103000.0,12.43252586,dead,neutral,low,STABLE
2025-11-01 16:00:00,164103000.0,164418000.0,164101000.0,164250000.0,13.00977127,dead,neutral,low,STABLE
2025-11-01 17:00:00,164200000.0,164498000.0,164200000.0,164437000.0,11.42272083,dead,neutral,low,STABLE
2025-11-01 18:00:00,164433000.0,164496000.0,164105000.0,164146000.0,14.58527412,dead,neutral,normal,STABLE
2025-11-01 19:00:00,164146000.0,164273000.0,164000000.0,164191000.0,22.14849965,dead,neutral,normal,STABLE
2025-11-01 20:00:00,164190000.0,164343000.0,164068000.0,164121000.0,10.53051861,golden,neutral,normal,STABLE
2025-11-01 21:00:00,164112000.0,164138000.0,163860000.0,163865000.0,23.14054968,dead,neutral,normal,STABLE
2025-11-01 22:00:00,163860000.0,163865000.0,163410000.0,163664000.0,47.76670374,dead,neutral,high,STABLE
2025-11-01 23:00:00,163659000.0,164000000.0,163582000.0,164000000.0,15.79391367,dead,neutral,normal,STABLE
2025-11-02 00:00:00,164000000.0,164425000.0,163964000.0,164271000.0,24.4147262,dead,neutral,normal,STABLE
2025-11-02 01:00:00,164271000.0,164490000.0,164094000.0,164263000.0,13.11068393,dead,neutral,normal,STABLE
2025-11-02 02:00:00,164263000.0,164389000.0,164096000.0,164212000.0,12.50973635,dead,neutral,normal,STABLE
2025-11-02 03:00:00,164211000.0,164374000.0,164104000.0,164346000.0,2.97301219,golden,neutral,low,STABLE
2025-11-02 04:00:00,164346000.0,164350000.0,164175000.0,164315000.0,2.54334424,golden,neutral,low,STABLE
2025-11-02 05:00:00,164315000.0,164350000.0,164206000.0,164235000.0,7.7960174,golden,neutral,low,STABLE
2025-11-02 06:00:00,164236000.0,164374000.0,163840000.0,163840000.0,12.33533779,golden,neutral,normal,STABLE
2025-11-02 07:00:00,163856000.0,164226000.0,163830000.0,164101000.0,8.7191472,dead,neutral,normal,STABLE
2025-11-02 08:00:00,164101000.0,164104000.0,163970000.0,164000000.0,10.64826713,dead,neutral,normal,STABLE
2025-11-02 09:00:00,164001000.0,164148000.0,163889000.0,164000000.0,19.60275037,dead,neutral,normal,STABLE
2025-11-02 10:00:00,164000000.0,164000000.0,163853000.0,163900000.0,16.61950359,dead,neutral,normal,STABLE
2025-11-02 11:00:00,163899000.0,164004000.0,163742000.0,163938000.0,23.71261075,dead,neutral,normal,STABLE
2025-11-02 12:00:00,163938000.0,163950000.0,163701000.0,163702000.0,15.73103795,dead,neutral,normal,UP
2025-11-02 13:00:00,163701000.0,164506000.0,163695000.0,164356000.0,24.28446724,dead,neutral,normal,STABLE
2025-11-02 14:00:00,164356000.0,164469000.0,163990000.0,164169000.0,17.51286655,dead,neutral,normal,STABLE
2025-11-02 15:00:00,164169000.0,164346000.0,163967000.0,164335000.0,19.3585326,golden,neutral,normal,STABLE
2025-11-02 16:00:00,164345000.0,164840000.0,164162000.0,164650000.0,23.64948389,golden,neutral,normal,STABLE
2025-11-02 17:00:00,164650000.0,164700000.0,164180000.0,164700000.0,20.05792092,golden,neutral,normal,STABLE
2025-11-02 18:00:00,164700000.0,164976000.0,164400000.0,164790000.0,27.21959358,golden,neutral,normal,STABLE
2025-11-02 19:00:00,164792000.0,164799000.0,164450000.0,164524000.0,18.75633629,golden,neutral,normal,UP
2025-11-02 20:00:00,164523000.0,165139000.0,164519000.0,165114000.0,38.05760523,golden,neutral,high,STABLE
2025-11-02 21:00:00,165113000.0,165122000.0,164526000.0,164630000.0,31.82469825,golden,neutral,normal,STABLE
2025-11-02 22:00:00,164630000.0,164630000.0,164200000.0,164499000.0,33.87766964,golden,neutral,normal,STABLE
2025-11-02 23:00:00,164575000.0,164575000.0,164142000.0,164290000.0,20.98440542,golden,neutral,normal,STABLE
2025-11-03 00:00:00,164290000.0,164500000.0,164022000.0,164022000.0,11.73574483,golden,neutral,normal,STABLE
2025-11-03 01:00:00,164101000.0,164162000.0,163712000.0,163996000.0,28.43736851,golden,neutral,normal,STABLE
2025-11-03 02:00:00,164088000.0,164255000.0,163895000.0,163987000.0,13.93997761,dead,neutral,normal,STABLE
2025-11-03 03:00:00,164009000.0,164260000.0,163993000.0,164251000.0,3.97084333,dead,neutral,low,STABLE
2025-11-03 04:00:00,164259000.0,164360000.0,163987000.0,164178000.0,11.95844745,dead,neutral,normal,STABLE
2025-11-03 05:00:00,164100000.0,164178000.0,163921000.0,164042000.0,6.51921471,dead,neutral,low,STABLE
2025-11-03 06:00:00,164040000.0,164042000.0,163800000.0,163818000.0,10.21093875,dead,neutral,normal,STABLE
2025-11-03 07:00:00,163815000.0,163897000.0,163300000.0,163614000.0,62.71254445,dead,neutral,high,UP
2025-11-03 08:00:00,163575000.0,164150000.0,163575000.0,164129000.0,37.60715297,dead,neutral,normal,DOWN
2025-11-03 09:00:00,164074000.0,164133000.0,163173000.0,163173000.0,56.80872397,dead,neutral,high,STABLE
2025-11-03 10:00:00,163173000.0,163400000.0,163000000.0,163096000.0,94.59528597,dead,neutral,high,DOWN
2025-11-03 11:00:00,163098000.0,163102000.0,162085000.0,162498000.0,153.91573352,dead,neutral,high,DOWN
2025-11-03 12:00:00,162498000.0,162620000.0,161260000.0,161340000.0,291.62836806,dead,oversold,high,STABLE
2025-11-03 13:00:00,161340000.0,161488000.0,160600000.0,161361000.0,242.77722284,dead,oversold,high,DOWN
2025-11-03 14:00:00,161360000.0,161381000.0,160601000.0,160739000.0,107.14562954,dead,oversold,normal,STABLE
2025-11-03 15:00:00,160716000.0,160857000.0,160000000.0,160489000.0,312.56472001,dead,oversold,high,STABLE
2025-11-03 16:00:00,160488000.0,161050000.0,160213000.0,160770000.0,92.5997738,dead,oversold,normal,STABLE
2025-11-03 17:00:00,160775000.0,160834000.0,159700000.0,160620000.0,213.27703351,dead,oversold,high,DOWN
2025-11-03 18:00:00,160620000.0,160870000.0,159900000.0,159972000.0,85.33593105,dead,oversold,normal,STABLE
2025-11-03 19:00:00,159971000.0,160725000.0,159797000.0,159815000.0,73.5133503,dead,oversold,normal,UP
2025-11-03 20:00:00,159880000.0,161051000.0,159810000.0,160991000.0,84.8472358,dead,neutral,normal,STABLE
2025-11-03 21:00:00,160991000.0,161761000.0,160785000.0,160786000.0,76.39453751,dead,neutral,normal,STABLE
2025-11-03 22:00:00,160786000.0,161147000.0,160501000.0,160959000.0,61.23357888,dead,neutral,normal,STABLE
2025-11-03 23:00:00,160958000.0,161307000.0,160039000.0,160745000.0,63.03653161,dead,neutral,normal,DOWN
2025-11-04 00:00:00,160745000.0,160813000.0,158762000.0,158881000.0,394.42202775,dead,oversold,high,UP
2025-11-04 01:00:00,158881000.0,159700000.0,158234000.0,159647000.0,162.96684046,dead,neutral,normal,UP
2025-11-04 02:00:00,159647000.0,160899000.0,159528000.0,160782000.0,59.0237344,dead,neutral,low,DOWN
2025-11-04 03:00:00,160782000.0,160802000.0,159907000.0,160168000.0,48.41547353,dead,neutral,low,STABLE
2025-11-04 04:00:00,160149000.0,160749000.0,159526000.0,160445000.0,35.29414736,dead,neutral,low,DOWN
2025-11-04 05:00:00,160445000.0,160589000.0,159177000.0,159775000.0,85.01971595,dead,neutral,normal,STABLE
2025-11-04 06:00:00,159775000.0,160371000.0,159002000.0,159683000.0,99.50577764,dead,neutral,normal,DOWN
2025-11-04 07:00:00,159684000.0,159684000.0,158000000.0,158500000.0,289.55202669,dead,neutral,high,STABLE
2025-11-04 08:00:00,158593000.0,158791000.0,158000000.0,158587000.0,186.74276013,dead,neutral,normal,UP
2025-11-04 09:00:00,158589000.0,159750000.0,158049000.0,159248000.0,207.23481273,dead,neutral,normal,UP
2025-11-04 10:00:00,159248000.0,161128000.0,159246000.0,160700000.0,155.62282184,dead,neutral,normal,DOWN
2025-11-04 11:00:00,160642000.0,160755000.0,159350000.0,159396000.0,75.38070372,dead,neutral,normal,UP
2025-11-04 12:00:00,159360000.0,160500000.0,158941000.0,160425000.0,74.16891949,dead,neutral,normal,STABLE
